id;ta
0;3,3
1;3
2;2,7
3;2,5
4;2,3
5;2,2
6;2,1
7;2
8;2
9;3,1
10;4,1
11;5
12;5,7
13;6,1
14;6,2
15;5,6
16;4,9
17;4,6
18;4,3
19;3,9
20;3,6
21;3,3
22;3
23;2,7
24;2,4
25;2
26;1,8
27;1,7
28;1,5
29;1,4
30;1,3
31;1,2
32;1,3
33;2,2
34;3
35;3,8
36;4,4
37;4,6
38;4,9
39;4,6
40;3,9
41;3,5
42;3
43;2,5
44;2
45;1,5
46;1,1
47;0,6
48;-0,3
49;-1,2
50;-2,1
51;-2,5
52;-3
53;-3,5
54;-3,9
55;-4,2
56;-4,1
57;-2,6
58;-1
59;0,5
60;1,3
61;1,4
62;1,1
63;0,3
64;-0,8
65;-1,3
66;-1,9
67;-2,5
68;-3,1
69;-3,6
70;-4,2
71;-4,8
72;-5,1
73;-5,4
74;-5,7
75;-5,9
76;-6
77;-6,1
78;-6,2
79;-6,3
80;-6,2
81;-4,1
82;-1,9
83;0,1
84;1,4
85;1,9
86;1,6
87;0,4
88;-0,9
89;-1,2
90;-1,5
91;-1,9
92;-2,2
93;-2,5
94;-2,8
95;-3,1
96;-3,5
97;-4
98;-4,4
99;-4,7
100;-4,9
101;-5,2
102;-5,4
103;-5,5
104;-5,5
105;-4,8
106;-3,9
107;-3,3
108;-2,9
109;-2,6
110;-2,7
111;-3,2
112;-3,8
113;-3,8
114;-3,9
115;-4
116;-4,2
117;-4,2
118;-4,3
119;-4,3
120;-4,2
121;-4,1
122;-3,9
123;-3,8
124;-3,7
125;-3,6
126;-3,5
127;-3,4
128;-3,2
129;-2,9
130;-2,6
131;-1,9
132;-1,6
133;0,3
134;1,2
135;1,3
136;0,5
137;0,5
138;0,5
139;0,5
140;0,4
141;0,4
142;0,4
143;0,3
144;0,1
145;-0,1
146;-0,3
147;-0,4
148;-0,5
149;-0,6
150;-0,6
151;-0,6
152;-0,5
153;0,8
154;2,1
155;3,4
156;4,2
157;4,7
158;4,8
159;4,2
160;3,4
161;2,8
162;2,3
163;1,8
164;1,3
165;0,7
166;0,2
167;-0,3
168;-1
169;-1,8
170;-2,4
171;-2,9
172;-3,3
173;-3,7
174;-4
175;-4,3
176;-4,3
177;-4,1
178;-3,8
179;-3,7
180;-3,6
181;-2,6
182;-2,3
183;-2,5
184;-3
185;-3,2
186;-3,4
187;-3,7
188;-3,9
189;-4,1
190;-4,3
191;-4,5
192;-4,4
193;-4,2
194;-4
195;-3,8
196;-3,7
197;-3,5
198;-3,3
199;-3,2
200;-2,9
201;-1,3
202;1,3
203;2,4
204;3,1
205;2,8
206;1,8
207;0,9
208;0,2
209;0
210;-0,1
211;-0,3
212;-0,5
213;-0,7
214;-0,9
215;-1,1
216;-2,2
217;-3,2
218;-4,3
219;-5
220;-5,6
221;-6,3
222;-6,8
223;-7,2
224;-7,4
225;-7,5
226;-7,5
227;-7,6
228;-7,7
229;-7,8
230;-8
231;-8,2
232;-8,4
233;-8,6
234;-8,8
235;-9,1
236;-9,3
237;-9,5
238;-9,8
239;-10
240;-9,6
241;-9,1
242;-8,8
243;-8,4
244;-8,1
245;-7,8
246;-7,7
247;-7,4
248;-7,2
249;-6,5
250;-5,6
251;-4,4
252;-3,7
253;-3,1
254;-2,9
255;-3,2
256;-3,7
257;-3,9
258;-4
259;-4,2
260;-4,3
261;-4,5
262;-4,6
263;-4,8
264;-5,7
265;-6,8
266;-7,9
267;-8,5
268;-9,2
269;-9,8
270;-10,3
271;-10,8
272;-10,9
273;-9,6
274;-8,7
275;-7,7
276;-7
277;-6,6
278;-6,9
279;-7,8
280;-8,9
281;-9,3
282;-9,7
283;-10,1
284;-10,4
285;-10,8
286;-11,2
287;-11,6
288;-11,3
289;-10,9
290;-10,5
291;-10,2
292;-10
293;-9,8
294;-9,7
295;-9,5
296;-9,4
297;-7,9
298;-6,6
299;-4,6
300;-3,2
301;-1,2
302;-0,5
303;-1
304;-2,5
305;-1,9
306;-1,2
307;-0,6
308;0
309;0,7
310;1,3
311;2
312;1,9
313;1,7
314;1,6
315;1,6
316;1,5
317;1,5
318;1,4
319;1,4
320;1,5
321;1,7
322;2
323;2,2
324;2,4
325;2,5
326;2,4
327;2,3
328;2,1
329;2
330;1,8
331;1,6
332;1,4
333;1,3
334;1,2
335;0,8
336;0,5
337;-0,4
338;-0,9
339;-1
340;-1,4
341;-1,8
342;-2,1
343;-2,3
344;-2,5
345;-2,7
346;-3,1
347;-3,2
348;-3,3
349;-3,5
350;-3,2
351;-3,3
352;-3,4
353;-3,2
354;-3,1
355;-3
356;-2,9
357;-2,8
358;-2,7
359;-2,6
360;-2,3
361;-1,8
362;-1,3
363;-1
364;-0,7
365;-0,4
366;-0,2
367;0,1
368;0,3
369;0,8
370;1,6
371;2
372;2,2
373;5,4
374;7,2
375;7,7
376;6,6
377;6,5
378;6,3
379;6,2
380;6
381;5,9
382;5,7
383;5,6
384;5
385;4,2
386;3,5
387;3,2
388;2,8
389;2,4
390;2,1
391;1,8
392;1,9
393;3,2
394;4,1
395;4,9
396;6,4
397;7,4
398;7,6
399;7,5
400;6,3
401;5,9
402;5,5
403;5,1
404;4,7
405;4,3
406;3,9
407;3,5
408;3,3
409;3,2
410;3
411;3
412;2,9
413;2,8
414;2,8
415;2,7
416;3
417;5
418;6,5
419;7,6
420;8,8
421;9,6
422;9,6
423;8,8
424;7,6
425;7,5
426;7,4
427;7,2
428;7,1
429;7
430;6,8
431;6,7
432;6,5
433;6,4
434;6,2
435;6,1
436;6
437;5,9
438;5,8
439;5,8
440;5,9
441;6,9
442;7,5
443;8
444;8,4
445;8,6
446;8,7
447;8,3
448;7,8
449;7,7
450;7,6
451;7,5
452;7,4
453;7,2
454;7,2
455;7,1
456;7
457;7
458;6,9
459;6,9
460;6,9
461;6,9
462;6,8
463;6,8
464;6,9
465;7,8
466;8,6
467;9,2
468;9,7
469;9,9
470;9,9
471;9,6
472;9,1
473;8,9
474;8,7
475;8,7
476;8,6
477;8,5
478;8,4
479;8,3
480;8,1
481;8
482;8
483;8
484;8
485;8
486;8
487;8
488;8,2
489;9
490;9,7
491;10,3
492;10,8
493;11
494;11
495;10,8
496;10,5
497;10,2
498;9,9
499;9,7
500;9,4
501;9,2
502;8,9
503;8,7
504;7,5
505;6,3
506;5,1
507;4,5
508;3,8
509;3,2
510;2,8
511;2,3
512;2,6
513;4,5
514;5,7
515;7
516;8,2
517;9
518;9,2
519;8,4
520;7,1
521;6,3
522;5,6
523;4,8
524;4,1
525;3,3
526;2,6
527;1,8
528;1,4
529;0,8
530;0,3
531;0
532;-0,3
533;-0,5
534;-0,7
535;-1
536;-0,9
537;-0,5
538;-0,1
539;0,1
540;0,2
541;0,3
542;0,3
543;0
544;-0,3
545;-0,6
546;-0,9
547;-1,3
548;-1,6
549;-2
550;-2,3
551;-2,7
552;-2,7
553;-2,8
554;-2,9
555;-3
556;-3
557;-3,1
558;-3,1
559;-3,1
560;-2,5
561;-0,7
562;1
563;2,8
564;3,7
565;4,1
566;3,5
567;2,6
568;1,5
569;1,4
570;1,2
571;1
572;0,9
573;0,7
574;0,6
575;0,4
576;0,1
577;-0,2
578;-0,6
579;-0,7
580;-0,9
581;-1,1
582;-1,2
583;-1,4
584;-1,2
585;-0,1
586;0,8
587;1,5
588;2,1
589;2,3
590;2,3
591;1,9
592;1,2
593;1,1
594;1
595;0,9
596;0,9
597;0,8
598;0,7
599;0,6
600;0,5
601;0,7
602;0,9
603;0,9
604;1
605;1,1
606;1,2
607;1,3
608;1,6
609;2,1
610;2,4
611;2,7
612;2,9
613;5,1
614;6,3
615;6,7
616;5,9
617;5,7
618;5,4
619;5,2
620;4,9
621;4,7
622;4,4
623;4,2
624;3,7
625;3,1
626;2,5
627;2,1
628;1,8
629;1,5
630;1,2
631;1
632;0,9
633;0,9
634;0,9
635;0,9
636;0,8
637;0,8
638;0,7
639;0,6
640;0,5
641;0,3
642;0,1
643;-0,2
644;-0,2
645;-0,3
646;-0,5
647;-0,7
648;-0,5
649;-0,3
650;-0,2
651;-0,1
652;0
653;0,1
654;0,2
655;0,3
656;0,6
657;1,8
658;2,5
659;3,3
660;3,9
661;4,2
662;4,3
663;4
664;3,4
665;3,4
666;3,4
667;3,2
668;3,4
669;3,3
670;3,3
671;3,3
672;3,1
673;3
674;2,9
675;2,9
676;2,8
677;2,8
678;2,8
679;2,6
680;3
681;4
682;4,9
683;5,5
684;6,1
685;6,3
686;6,1
687;5,8
688;5,2
689;4,9
690;4,5
691;4,2
692;3,9
693;3,5
694;3,2
695;2,8
696;2,4
697;1,9
698;1,4
699;1,2
700;0,9
701;0,7
702;0,5
703;0,3
704;0,8
705;3,4
706;4,9
707;6,7
708;8,1
709;9,3
710;9,6
711;9,3
712;7,7
713;7,4
714;7,2
715;6,9
716;6,7
717;6,5
718;6,2
719;6
720;5,9
721;5,7
722;5,6
723;5,6
724;5,5
725;5,5
726;5,4
727;5,4
728;5,6
729;6,2
730;6,8
731;7,3
732;7,6
733;7,8
734;7,8
735;7,6
736;7,2
737;6,9
738;6,9
739;6,7
740;6,6
741;6,5
742;6,4
743;6,2
744;6,1
745;6
746;5,9
747;5,8
748;5,8
749;5,7
750;5,7
751;5,6
752;5,9
753;6,5
754;7,1
755;7,6
756;8
757;8
758;8,2
759;8
760;7,6
761;7,3
762;7,1
763;6,8
764;6,6
765;6,3
766;6,1
767;5,8
768;5,5
769;5,2
770;4,9
771;4,6
772;4,4
773;4,2
774;4,1
775;3,9
776;4,2
777;4,9
778;5,3
779;5,6
780;5,9
781;6
782;6
783;5,8
784;5,2
785;5,4
786;5,5
787;5,6
788;5,7
789;5,8
790;5,9
791;6
792;6,2
793;6,5
794;6,8
795;6,9
796;7,1
797;7,2
798;7,3
799;7,4
800;7,8
801;8,6
802;9,2
803;10,1
804;10,5
805;10,8
806;10,9
807;10,4
808;10,2
809;9,9
810;9,7
811;9,5
812;9,3
813;9,1
814;9
815;8,8
816;7,6
817;6,2
818;4,9
819;4,2
820;3,5
821;3
822;2,5
823;2,4
824;2,8
825;3,8
826;4,8
827;5,7
828;6,5
829;6,9
830;7
831;6,7
832;6
833;5,1
834;4,5
835;3,9
836;3,3
837;2,6
838;2
839;1,4
840;1,2
841;1
842;0,8
843;0,7
844;0,5
845;0,4
846;0,3
847;0,3
848;0,9
849;1,6
850;2,6
851;3,6
852;4,5
853;4,7
854;4,6
855;4
856;3,2
857;2,6
858;3,3
859;4
860;4,7
861;5,4
862;6,2
863;6,9
864;7,1
865;7,3
866;7,6
867;7,8
868;7,9
869;8,1
870;8,2
871;8,3
872;8,5
873;8,8
874;9,2
875;9,5
876;9,7
877;11,4
878;12,5
879;12,8
880;12,7
881;12,2
882;11,8
883;11,5
884;11,1
885;10,6
886;10,4
887;10
888;9,1
889;8,2
890;7,2
891;6,7
892;6,2
893;5,8
894;5,4
895;5,4
896;5,4
897;5,3
898;5,5
899;5,5
900;5,5
901;6,1
902;6,5
903;6,6
904;6,4
905;6,1
906;5,5
907;4,8
908;4,2
909;3,5
910;2,9
911;2,2
912;1,7
913;1,1
914;0,6
915;0,3
916;-0,1
917;-0,4
918;-0,6
919;-0,7
920;-0,7
921;-0,8
922;-0,9
923;-1,1
924;-1,2
925;-1,3
926;-1,4
927;-1,1
928;-1,2
929;-1
930;-1,4
931;-1,6
932;-1,9
933;-2,5
934;-3
935;-2,9
936;-3,1
937;-3,5
938;-3,9
939;-4
940;-4,2
941;-4,6
942;-4,6
943;-4,5
944;-4,2
945;-3,8
946;-3,5
947;-3,1
948;-2,8
949;-2,7
950;-2,6
951;-2,7
952;-2,9
953;-3,3
954;-3,5
955;-3,7
956;-3,9
957;-4,1
958;-4,3
959;-4,5
960;-4,6
961;-4,6
962;-4,6
963;-4,6
964;-4,6
965;-4,6
966;-4,5
967;-4,5
968;-3,1
969;-1,6
970;0,9
971;1,9
972;2,8
973;3,2
974;2,9
975;1,8
976;0,9
977;0
978;-0,2
979;-0,5
980;-0,7
981;-0,9
982;-1,2
983;-1,4
984;-1,9
985;-2,4
986;-2,8
987;-3,1
988;-3,3
989;-3,4
990;-3,6
991;-3,5
992;-2,4
993;-1
994;0,4
995;1,8
996;3
997;3,8
998;4,2
999;3,9
1000;3,1
1001;2
1002;1,2
1003;0,3
1004;-0,6
1005;-1,5
1006;-2,3
1007;-3,2
1008;-4,2
1009;-5,3
1010;-6,4
1011;-7
1012;-7,7
1013;-8,2
1014;-8,7
1015;-8,8
1016;-8
1017;-6,8
1018;-5,6
1019;-4,6
1020;-3,9
1021;-3,5
1022;-3,5
1023;-3,9
1024;-4,8
1025;-5,9
1026;-6,1
1027;-6,3
1028;-6,5
1029;-6,7
1030;-6,8
1031;-7
1032;-6,5
1033;-5,9
1034;-5,2
1035;-4,8
1036;-4,4
1037;-4,1
1038;-3,8
1039;-3,6
1040;-2,2
1041;-0,2
1042;1,9
1043;3,8
1044;5,1
1045;5,8
1046;6,1
1047;5,8
1048;4,9
1049;3,8
1050;3,2
1051;2,6
1052;2
1053;1,4
1054;0,8
1055;0,1
1056;-1,1
1057;-2,4
1058;-3,7
1059;-4,4
1060;-5,2
1061;-5,7
1062;-6,2
1063;-6,2
1064;-4,9
1065;-3,1
1066;-1,3
1067;0,3
1068;1,5
1069;2,1
1070;2,3
1071;1,9
1072;0,8
1073;-0,6
1074;-1,4
1075;-2,1
1076;-2,9
1077;-3,6
1078;-4,4
1079;-5,1
1080;-5,5
1081;-5,8
1082;-6,1
1083;-6,3
1084;-6,5
1085;-6,6
1086;-6,7
1087;-6,7
1088;-6,5
1089;-6,3
1090;-6
1091;-5,7
1092;-5,6
1093;-3,8
1094;-2,8
1095;-2,4
1096;-2,6
1097;-3,2
1098;-3,4
1099;-3,6
1100;-3,7
1101;-3,9
1102;-4,1
1103;-4,2
1104;-4,4
1105;-4,5
1106;-4,7
1107;-4,7
1108;-4,8
1109;-4,8
1110;-4,8
1111;-4,9
1112;-4,6
1113;-4,3
1114;-4,1
1115;-3,8
1116;-3,6
1117;-1,7
1118;-0,7
1119;-0,2
1120;-0,3
1121;-0,9
1122;-1,2
1123;-1,4
1124;-1,6
1125;-1,9
1126;-2,1
1127;-2,3
1128;-2,7
1129;-3
1130;-3,4
1131;-3,5
1132;-3,7
1133;-3,8
1134;-3,9
1135;-3,8
1136;-3,4
1137;-2,8
1138;-2,4
1139;-2,1
1140;-1,9
1141;0,1
1142;1,2
1143;1,6
1144;1,4
1145;0,6
1146;0,2
1147;-0,3
1148;-0,7
1149;-1,1
1150;-1,6
1151;-2
1152;-2,5
1153;-3
1154;-3,6
1155;-3,8
1156;-4,1
1157;-4,3
1158;-4,5
1159;-4,5
1160;-2,9
1161;-1
1162;0,7
1163;2,4
1164;3,9
1165;4,6
1166;4,8
1167;4,4
1168;3,3
1169;1,9
1170;1,7
1171;1,5
1172;1,3
1173;1,1
1174;0,9
1175;0,6
1176;0,6
1177;0,6
1178;0,5
1179;0,6
1180;0,6
1181;0,7
1182;0,7
1183;0,8
1184;1,2
1185;1,5
1186;1,9
1187;2,5
1188;2,8
1189;5,1
1190;6,5
1191;7,2
1192;7,1
1193;6,3
1194;5,9
1195;5,5
1196;5,1
1197;4,6
1198;4,2
1199;3,8
1200;3,1
1201;2,3
1202;1,6
1203;1,2
1204;0,7
1205;0,4
1206;0,1
1207;0,1
1208;1,6
1209;3,5
1210;4,7
1211;6,1
1212;7
1213;7,6
1214;7,9
1215;7,5
1216;6,6
1217;5,4
1218;5,3
1219;5,1
1220;5
1221;4,9
1222;4,8
1223;4,7
1224;4,9
1225;5,2
1226;5,5
1227;5,7
1228;5,9
1229;6
1230;6,2
1231;6,3
1232;6,9
1233;7,6
1234;8,3
1235;8,8
1236;9,2
1237;9,6
1238;9,7
1239;9,7
1240;9,5
1241;9
1242;8,7
1243;8,6
1244;8,4
1245;8,1
1246;7,8
1247;7,4
1248;6,7
1249;5,8
1250;4,8
1251;4,2
1252;3,7
1253;3,3
1254;2,9
1255;2,8
1256;3,1
1257;3,2
1258;3,7
1259;4,2
1260;4,5
1261;4,7
1262;4,8
1263;4,8
1264;4,5
1265;4
1266;3,4
1267;2,8
1268;2,3
1269;1,7
1270;1,1
1271;0,5
1272;0,2
1273;-0,1
1274;-0,3
1275;-0,5
1276;-0,6
1277;-0,8
1278;-0,9
1279;-0,8
1280;-0,2
1281;0,6
1282;1,3
1283;1,7
1284;2,1
1285;2,5
1286;2,6
1287;2,5
1288;2,2
1289;1,5
1290;1,4
1291;1,2
1292;1
1293;0,8
1294;0,5
1295;0,3
1296;0,2
1297;0,1
1298;-0,1
1299;-0,1
1300;-0,1
1301;-0,2
1302;-0,2
1303;-0,1
1304;0,9
1305;1,9
1306;2,7
1307;3
1308;3,8
1309;4,6
1310;5
1311;5,1
1312;4,7
1313;4,1
1314;3,5
1315;2,9
1316;2,3
1317;1,7
1318;1,1
1319;0,6
1320;-0,2
1321;-0,9
1322;-1,6
1323;-2
1324;-2,4
1325;-2,7
1326;-3
1327;-2,8
1328;-1,4
1329;0,7
1330;3
1331;4,7
1332;5,9
1333;6,6
1334;7
1335;6,5
1336;5,3
1337;3,9
1338;3,3
1339;2,8
1340;2,2
1341;1,7
1342;1,1
1343;0,6
1344;0,2
1345;-0,2
1346;-0,5
1347;-0,7
1348;-0,9
1349;-1
1350;-1,1
1351;-0,7
1352;1,4
1353;2,7
1354;4,7
1355;6
1356;7,1
1357;6,5
1358;5,7
1359;4,5
1360;4,4
1361;3,5
1362;3,2
1363;3
1364;2,7
1365;2,5
1366;2,2
1367;2
1368;1,7
1369;1,2
1370;1
1371;0,8
1372;0,6
1373;0,2
1374;0,4
1375;0,4
1376;0,8
1377;1,2
1378;1,5
1379;1,9
1380;2,1
1381;2,3
1382;2,3
1383;2,2
1384;2
1385;1,7
1386;1,4
1387;1,1
1388;0,7
1389;0,4
1390;0,1
1391;-0,3
1392;-0,5
1393;-0,8
1394;-1,1
1395;-1,2
1396;-1,4
1397;-1,5
1398;-1,6
1399;-1,2
1400;1,9
1401;4,9
1402;7,7
1403;10,1
1404;10,8
1405;11,5
1406;11
1407;9,7
1408;8,1
1409;6,4
1410;6,6
1411;6,9
1412;7,1
1413;7,3
1414;7,5
1415;7,8
1416;7,8
1417;7,9
1418;7,9
1419;7,9
1420;7,6
1421;7,9
1422;8,2
1423;8,3
1424;8,8
1425;9,2
1426;9,6
1427;10
1428;10,2
1429;10,4
1430;10,4
1431;10,4
1432;10,3
1433;10
1434;9,9
1435;9,7
1436;9,5
1437;9,5
1438;9,3
1439;9,2
1440;9
1441;8,9
1442;8,7
1443;8,7
1444;8,6
1445;8,6
1446;8,6
1447;9
1448;9,7
1449;10,6
1450;11,2
1451;12,5
1452;13,9
1453;14,8
1454;15,3
1455;15,5
1456;15
1457;14,1
1458;13,4
1459;12,7
1460;12
1461;11,2
1462;10,5
1463;9,8
1464;8,9
1465;8
1466;7
1467;6,5
1468;5,9
1469;5,6
1470;5,2
1471;5,5
1472;7,2
1473;8,8
1474;10,1
1475;11,3
1476;12,2
1477;12,6
1478;12,7
1479;12,3
1480;11,5
1481;10,4
1482;9,7
1483;9
1484;8,3
1485;7,7
1486;7
1487;6,3
1488;6
1489;5,6
1490;5,3
1491;5,1
1492;4,9
1493;4,8
1494;4,6
1495;4,9
1496;5,8
1497;6,9
1498;7,7
1499;8,4
1500;8,7
1501;9,1
1502;9,1
1503;8,8
1504;8,3
1505;7,7
1506;7,2
1507;6,8
1508;6,4
1509;6
1510;5,6
1511;5,2
1512;4,8
1513;4,4
1514;4,1
1515;3,9
1516;3,7
1517;3,5
1518;3,4
1519;3,8
1520;5,6
1521;7,3
1522;9,1
1523;10,3
1524;11,4
1525;12
1526;12,2
1527;12
1528;11,2
1529;10
1530;9,5
1531;9
1532;8,4
1533;7,9
1534;7,4
1535;6,8
1536;6,2
1537;5,6
1538;5
1539;4,6
1540;4,6
1541;4,4
1542;4,4
1543;4,2
1544;3,7
1545;4,6
1546;4,8
1547;5
1548;5
1549;5,1
1550;5,1
1551;4,9
1552;4,9
1553;4,8
1554;4,5
1555;4,2
1556;3,8
1557;3,5
1558;3,3
1559;3
1560;2
1561;1
1562;0
1563;-0,6
1564;-1,1
1565;-1,5
1566;-1,6
1567;-0,8
1568;0,5
1569;2
1570;3,6
1571;4,9
1572;6
1573;6,6
1574;6,8
1575;6,6
1576;6
1577;4,9
1578;3,8
1579;3,4
1580;2,9
1581;2,5
1582;2,1
1583;1,6
1584;1,6
1585;1,5
1586;1,4
1587;1,4
1588;1,4
1589;1,3
1590;1,3
1591;1,5
1592;2,5
1593;3,2
1594;3,5
1595;4,3
1596;4,6
1597;4,6
1598;4,8
1599;4,7
1600;4,4
1601;4
1602;3,6
1603;3,4
1604;3,2
1605;3
1606;2,8
1607;2,6
1608;2,3
1609;2,1
1610;1,8
1611;1,7
1612;1,6
1613;1,5
1614;1,5
1615;2,6
1616;4,4
1617;6,4
1618;8,3
1619;10
1620;11,3
1621;12,2
1622;12,6
1623;12,6
1624;11,9
1625;10,7
1626;9,4
1627;9
1628;8,7
1629;8,3
1630;7,9
1631;7,5
1632;7,2
1633;6,8
1634;6,5
1635;6,3
1636;6,1
1637;6
1638;6
1639;6,9
1640;8,8
1641;10,4
1642;12
1643;13,4
1644;14,3
1645;15,4
1646;15,9
1647;16,1
1648;15,5
1649;14,4
1650;13,2
1651;12,3
1652;11,4
1653;10,5
1654;9,5
1655;8,6
1656;7,8
1657;6,9
1658;6
1659;5,5
1660;5
1661;4,7
1662;4,6
1663;5,1
1664;7
1665;8,6
1666;9,9
1667;10,5
1668;10,7
1669;10,9
1670;11,3
1671;11
1672;10,4
1673;9,7
1674;8,8
1675;8,2
1676;7,6
1677;7
1678;6,4
1679;5,8
1680;5,5
1681;5,3
1682;4,9
1683;4,9
1684;4,8
1685;4,7
1686;4,7
1687;5
1688;6,2
1689;6,8
1690;6,7
1691;7,6
1692;8
1693;9
1694;10
1695;10,7
1696;10,6
1697;9,8
1698;9,2
1699;8,7
1700;8,3
1701;7,8
1702;7,4
1703;6,9
1704;6,4
1705;5,8
1706;5,2
1707;4,8
1708;4,5
1709;4,3
1710;4,3
1711;4,5
1712;5,1
1713;6,2
1714;7
1715;7,5
1716;7,7
1717;7,8
1718;7,6
1719;7,1
1720;6,7
1721;6,2
1722;5,8
1723;5,9
1724;5,9
1725;5,7
1726;6
1727;6
1728;6,3
1729;6,5
1730;6,7
1731;6,8
1732;6,9
1733;7
1734;7,1
1735;7,7
1736;8,7
1737;9,9
1738;11
1739;11,7
1740;12,5
1741;12,8
1742;13
1743;12,8
1744;12,3
1745;11,7
1746;10,9
1747;10,7
1748;10,5
1749;10,2
1750;9,9
1751;9,6
1752;9,1
1753;8,6
1754;7,9
1755;7,6
1756;7
1757;7,2
1758;7,3
1759;7,5
1760;8
1761;8,4
1762;8,8
1763;9,2
1764;9,4
1765;9,5
1766;9,4
1767;9,3
1768;9,1
1769;8,8
1770;8,5
1771;8
1772;7,5
1773;7
1774;6,5
1775;6
1776;5,4
1777;4,8
1778;4,2
1779;3,9
1780;3,6
1781;3,5
1782;3,5
1783;4,6
1784;5,7
1785;7
1786;7,9
1787;9
1788;9,3
1789;10
1790;10,2
1791;9,8
1792;9,3
1793;8,5
1794;7,7
1795;6,7
1796;5,7
1797;4,6
1798;3,6
1799;2,5
1800;1,4
1801;0,3
1802;-0,9
1803;-1,6
1804;-2,2
1805;-2,7
1806;-2,7
1807;-1,5
1808;0,1
1809;1,7
1810;3,2
1811;4,3
1812;5,3
1813;5,9
1814;6,1
1815;6
1816;5,4
1817;4,3
1818;3
1819;2,5
1820;1,9
1821;1,3
1822;0,8
1823;0,2
1824;0,1
1825;0
1826;0
1827;0
1828;-0,1
1829;-0,1
1830;0,1
1831;2,1
1832;4,3
1833;6,4
1834;8,2
1835;9,9
1836;11,3
1837;12
1838;12,3
1839;12,3
1840;11,6
1841;10,5
1842;9,1
1843;7,8
1844;6,5
1845;5,2
1846;3,9
1847;2,6
1848;1,1
1849;-0,5
1850;-2,2
1851;-3,1
1852;-4
1853;-4,7
1854;-4,8
1855;-3,6
1856;-2,1
1857;-0,5
1858;0,9
1859;2
1860;2,9
1861;3,5
1862;3,6
1863;3,5
1864;2,8
1865;1,7
1866;0,4
1867;-0,3
1868;-1
1869;-1,7
1870;-2,5
1871;-3,2
1872;-3,1
1873;-2,9
1874;-2,8
1875;-2,7
1876;-2,6
1877;-2,6
1878;-2,4
1879;-0,7
1880;1,5
1881;3,7
1882;5,7
1883;7,4
1884;8,6
1885;9,4
1886;9,8
1887;9,7
1888;9
1889;7,8
1890;6,4
1891;5,7
1892;5
1893;4,3
1894;3,6
1895;2,9
1896;2
1897;1,1
1898;0,2
1899;-0,3
1900;-0,8
1901;-1,2
1902;-1,1
1903;-0,3
1904;0,8
1905;1,4
1906;2,1
1907;2,7
1908;3,4
1909;3,9
1910;4,1
1911;4
1912;3,6
1913;2,9
1914;2,2
1915;1,5
1916;0,8
1917;0,1
1918;-0,5
1919;-1,2
1920;-1,6
1921;-2
1922;-2,4
1923;-2,6
1924;-2,8
1925;-3
1926;-2,8
1927;-1,8
1928;-0,1
1929;1,2
1930;2,5
1931;3,8
1932;4,4
1933;5
1934;5,4
1935;5,2
1936;4,6
1937;3,7
1938;2,7
1939;1,9
1940;1,1
1941;0,3
1942;-0,5
1943;-1,4
1944;-2,2
1945;-3,1
1946;-3,9
1947;-4,4
1948;-4,9
1949;-5,2
1950;-5,2
1951;-5,1
1952;-3,3
1953;-2,9
1954;-3,1
1955;-2,6
1956;-1,8
1957;-0,3
1958;-0,2
1959;-0,9
1960;-1,7
1961;-2,4
1962;-3
1963;-3,2
1964;-3,5
1965;-3,8
1966;-4,1
1967;-4,3
1968;-4,6
1969;-4,4
1970;-4,4
1971;-4,3
1972;-4,3
1973;-4,3
1974;-4,2
1975;-3,6
1976;-2,9
1977;-1,7
1978;-0,5
1979;0,3
1980;0,8
1981;1,2
1982;0,9
1983;0,7
1984;0,3
1985;-0,3
1986;-0,8
1987;-1,1
1988;-1,5
1989;-1,9
1990;-2,2
1991;-2,6
1992;-3,1
1993;-3,6
1994;-4,2
1995;-4,5
1996;-4,7
1997;-4,9
1998;-4,7
1999;-3
2000;-0,8
2001;1,3
2002;3,1
2003;4,5
2004;5,5
2005;6,1
2006;6,2
2007;5,8
2008;4,9
2009;3,7
2010;2,4
2011;1,6
2012;0,7
2013;-0,1
2014;-0,9
2015;-1,8
2016;-2,5
2017;-3,3
2018;-4,1
2019;-4,5
2020;-5
2021;-5,3
2022;-4,9
2023;-3
2024;-0,7
2025;0,8
2026;1,4
2027;1,9
2028;2,7
2029;3,8
2030;4,6
2031;4,9
2032;4,2
2033;3
2034;1,6
2035;1,3
2036;1
2037;0,6
2038;0,3
2039;-0,1
2040;-0,1
2041;-0,1
2042;0
2043;0
2044;0
2045;0
2046;0,1
2047;0,8
2048;1,6
2049;2,2
2050;2,7
2051;3,3
2052;3,8
2053;4,1
2054;4,2
2055;4,3
2056;4,1
2057;3,7
2058;3,2
2059;2,6
2060;2,7
2061;2,4
2062;2,3
2063;2,1
2064;1,8
2065;1,6
2066;1,3
2067;1
2068;1
2069;0,9
2070;1,1
2071;2,5
2072;3,8
2073;4,6
2074;5,4
2075;5,9
2076;6,2
2077;6,6
2078;6,8
2079;6,6
2080;6,2
2081;5,4
2082;4,7
2083;4,3
2084;3,9
2085;3,5
2086;3,1
2087;2,7
2088;2,4
2089;2,1
2090;1,8
2091;1,6
2092;1,4
2093;1,3
2094;1,4
2095;2,5
2096;4,1
2097;5,6
2098;7,3
2099;8,2
2100;8,7
2101;9
2102;9,1
2103;9
2104;8,5
2105;7,8
2106;6,9
2107;6,1
2108;5,3
2109;4,5
2110;3,7
2111;2,9
2112;2,1
2113;1,2
2114;0,4
2115;-0,1
2116;-0,6
2117;-0,9
2118;-0,4
2119;1,7
2120;4
2121;6,2
2122;7,9
2123;9,3
2124;10,4
2125;11,1
2126;11,4
2127;11,3
2128;10,5
2129;9,2
2130;7,6
2131;6,9
2132;6,2
2133;5,4
2134;4,7
2135;4
2136;3,7
2137;3,3
2138;2,9
2139;2,7
2140;2,5
2141;2,4
2142;2,6
2143;3,2
2144;3,8
2145;4,4
2146;5
2147;5,2
2148;5,6
2149;6
2150;6,1
2151;5,6
2152;5,7
2153;5,3
2154;4,8
2155;4,6
2156;4,3
2157;4
2158;3,8
2159;3,5
2160;3,4
2161;3,3
2162;3,2
2163;3,1
2164;3,1
2165;3,1
2166;3,7
2167;6,1
2168;8,3
2169;10,5
2170;12,5
2171;14,1
2172;15,4
2173;16,3
2174;16,7
2175;16,6
2176;16
2177;14,8
2178;13,2
2179;12
2180;10,7
2181;9,5
2182;8,2
2183;7
2184;5,4
2185;3,7
2186;2,7
2187;1,8
2188;1,2
2189;1
2190;1,6
2191;2,9
2192;4,4
2193;5,9
2194;7,4
2195;8,6
2196;9,5
2197;10,1
2198;10,4
2199;10,4
2200;9,9
2201;8,9
2202;7,6
2203;6,6
2204;5,6
2205;4,5
2206;3,5
2207;2,5
2208;2,1
2209;1,8
2210;1,6
2211;1,4
2212;1,3
2213;1,3
2214;2,2
2215;3,9
2216;6
2217;8
2218;9,9
2219;11,5
2220;12,8
2221;13,7
2222;14,2
2223;14,2
2224;13,7
2225;12,6
2226;11,2
2227;10,1
2228;9
2229;7,9
2230;6,8
2231;5,7
2232;4,7
2233;3,7
2234;3,1
2235;2,5
2236;2,1
2237;2
2238;3
2239;4,3
2240;5,4
2241;6,6
2242;7,4
2243;8,4
2244;8,3
2245;8,5
2246;8,1
2247;8,2
2248;7,9
2249;7,3
2250;6,5
2251;5,3
2252;4,1
2253;2,9
2254;1,7
2255;0,5
2256;-0,3
2257;-1,2
2258;-1,7
2259;-2,3
2260;-2,7
2261;-2,8
2262;-2
2263;-0,6
2264;0,9
2265;2,6
2266;4,1
2267;5,2
2268;6,2
2269;6,8
2270;7
2271;7
2272;6,4
2273;5,4
2274;4
2275;3,7
2276;3,3
2277;3
2278;2,7
2279;2,3
2280;2,8
2281;3,4
2282;3,7
2283;4
2284;4,3
2285;4,4
2286;4,6
2287;6,1
2288;6,6
2289;7,6
2290;8,2
2291;10,6
2292;11,1
2293;13
2294;14,4
2295;14,5
2296;13,4
2297;12,9
2298;12,1
2299;11,6
2300;11
2301;10,5
2302;10
2303;9,5
2304;8,4
2305;7,2
2306;6,6
2307;6
2308;5,6
2309;5,5
2310;5,7
2311;6,1
2312;6,7
2313;7,2
2314;7,7
2315;8,1
2316;8,3
2317;8,4
2318;8,4
2319;8,2
2320;8
2321;7,5
2322;7,1
2323;6,3
2324;5,9
2325;5,5
2326;5
2327;4,5
2328;4,4
2329;4,5
2330;4,3
2331;4,5
2332;4,6
2333;4,6
2334;4,8
2335;5
2336;6
2337;7,7
2338;9,1
2339;9,2
2340;10,1
2341;10,9
2342;11,7
2343;12,5
2344;12,7
2345;11,8
2346;11,1
2347;10,2
2348;9,3
2349;8,4
2350;7,5
2351;6,6
2352;5,3
2353;4
2354;3,3
2355;2,6
2356;2,1
2357;2
2358;3,2
2359;5,1
2360;7,1
2361;9,1
2362;10,9
2363;12,5
2364;13,7
2365;14,5
2366;14,9
2367;14,9
2368;14,3
2369;13,2
2370;11,6
2371;10,3
2372;9
2373;7,7
2374;6,5
2375;5,2
2376;4,5
2377;3,7
2378;3,2
2379;2,8
2380;2,5
2381;2,4
2382;3,7
2383;5,6
2384;7,6
2385;9,7
2386;11,6
2387;13,2
2388;14,5
2389;15,3
2390;15,8
2391;15,8
2392;15,2
2393;14
2394;12,4
2395;11,5
2396;10,6
2397;9,7
2398;8,9
2399;8
2400;7,5
2401;7
2402;6,7
2403;6,4
2404;6,2
2405;6,2
2406;7,6
2407;9,5
2408;11,5
2409;13,5
2410;15,4
2411;17
2412;18,3
2413;19,2
2414;19,7
2415;19,7
2416;19,2
2417;18,2
2418;16,6
2419;15,5
2420;14,5
2421;13,4
2422;12,3
2423;11,3
2424;10,5
2425;9,6
2426;9,2
2427;8,8
2428;8,5
2429;8,6
2430;9,1
2431;9,5
2432;9,5
2433;9,5
2434;10,1
2435;11,2
2436;12,6
2437;13,6
2438;14,8
2439;15,7
2440;15,9
2441;15,8
2442;15,1
2443;14,3
2444;13,1
2445;11,9
2446;10,7
2447;9,5
2448;8,3
2449;7
2450;6,3
2451;5,6
2452;5
2453;5
2454;5,8
2455;7
2456;8,1
2457;9,4
2458;10,5
2459;11,5
2460;12,3
2461;12,8
2462;13,1
2463;13,1
2464;12,7
2465;12
2466;10,9
2467;9,9
2468;9,4
2469;8,9
2470;8,4
2471;7,8
2472;8
2473;8,1
2474;8,1
2475;8,2
2476;8,3
2477;8,1
2478;8,8
2479;9,4
2480;10,2
2481;10,7
2482;11,3
2483;11,7
2484;12,1
2485;12,4
2486;12,6
2487;12,8
2488;12,8
2489;12,6
2490;11,7
2491;11,7
2492;11,4
2493;11
2494;10,7
2495;10,3
2496;9,9
2497;9,6
2498;9,4
2499;9,2
2500;9,1
2501;9,2
2502;10,3
2503;11,8
2504;14
2505;15,2
2506;16
2507;16,7
2508;16,8
2509;15,8
2510;15,3
2511;14,7
2512;14,2
2513;13,6
2514;13,1
2515;12,5
2516;11,8
2517;11,2
2518;10,5
2519;9,8
2520;8,9
2521;8,3
2522;7,9
2523;7,5
2524;7,2
2525;7,2
2526;8
2527;8,5
2528;8,4
2529;8,9
2530;9,5
2531;10,6
2532;11,2
2533;12,1
2534;12,4
2535;12,5
2536;12,6
2537;12,4
2538;11,8
2539;11,2
2540;10,1
2541;9
2542;7,9
2543;6,8
2544;6
2545;5
2546;4,5
2547;4
2548;3,7
2549;3,7
2550;4,3
2551;5,1
2552;6,2
2553;6,9
2554;7,9
2555;8,5
2556;9,2
2557;10
2558;10,6
2559;11
2560;11,1
2561;10,8
2562;10,1
2563;9,2
2564;8,1
2565;7
2566;5,9
2567;4,8
2568;4
2569;3,1
2570;2,6
2571;2,1
2572;1,8
2573;1,7
2574;2,8
2575;4,1
2576;6
2577;7,7
2578;9
2579;9,7
2580;10,3
2581;10,7
2582;10,8
2583;10,7
2584;10,6
2585;10
2586;9,1
2587;7,9
2588;6,8
2589;5,6
2590;4,4
2591;3,2
2592;2,5
2593;1,8
2594;1,4
2595;1
2596;0,7
2597;0,7
2598;1,1
2599;2,2
2600;2,8
2601;2,9
2602;3,7
2603;4,1
2604;4,7
2605;5,3
2606;5,7
2607;5,8
2608;5,6
2609;5,2
2610;4,7
2611;4,1
2612;3,5
2613;2,9
2614;2,3
2615;1,7
2616;1,5
2617;1,1
2618;1
2619;0,9
2620;0,8
2621;0,9
2622;1,1
2623;1,6
2624;2,5
2625;3,3
2626;5,5
2627;8,3
2628;8,9
2629;8,7
2630;8,8
2631;9
2632;8,5
2633;7,5
2634;6,8
2635;6
2636;5,2
2637;4,4
2638;3,6
2639;2,8
2640;2
2641;1
2642;0,5
2643;0
2644;-0,4
2645;-0,2
2646;1,5
2647;3,4
2648;4,9
2649;6
2650;7,1
2651;8,3
2652;8,4
2653;7,7
2654;7,4
2655;7,4
2656;6,7
2657;5,8
2658;4,8
2659;3,8
2660;3,5
2661;3,1
2662;2,8
2663;2,4
2664;2,6
2665;2,8
2666;2,8
2667;2,6
2668;3
2669;3,1
2670;3,9
2671;4,6
2672;5,7
2673;6,5
2674;7,1
2675;7,7
2676;8,2
2677;8,4
2678;8,6
2679;8,4
2680;7,8
2681;7,2
2682;6,6
2683;6
2684;6,7
2685;7,1
2686;7,8
2687;8,4
2688;8,4
2689;8,1
2690;8,4
2691;8,5
2692;8,5
2693;8,7
2694;9,3
2695;10,1
2696;10,8
2697;11,5
2698;12,3
2699;13
2700;13,4
2701;13,6
2702;13,6
2703;13,5
2704;13,6
2705;13,2
2706;12,7
2707;12,2
2708;11,5
2709;10,7
2710;9,9
2711;9,3
2712;8,4
2713;7,8
2714;7,4
2715;6,9
2716;6,6
2717;6,8
2718;7,5
2719;7,8
2720;8,5
2721;9,8
2722;11,1
2723;12,2
2724;13
2725;13,7
2726;13,9
2727;13,9
2728;13,5
2729;12,7
2730;11,8
2731;11
2732;10,5
2733;9,9
2734;9,4
2735;8,8
2736;8,6
2737;8,2
2738;8
2739;7,8
2740;7,7
2741;8
2742;10,3
2743;13,2
2744;15,9
2745;18,1
2746;20,5
2747;20,3
2748;20,3
2749;19,5
2750;19,1
2751;19,3
2752;18,8
2753;18
2754;16,8
2755;15,5
2756;14,2
2757;12,9
2758;11,7
2759;10,4
2760;9,5
2761;8,5
2762;7,9
2763;7,3
2764;6,9
2765;7,3
2766;9,1
2767;11
2768;13,2
2769;15,2
2770;16,9
2771;18,3
2772;19,4
2773;20
2774;20,3
2775;20,1
2776;19,3
2777;18,2
2778;16,8
2779;15,3
2780;13,9
2781;12,6
2782;11,3
2783;9,9
2784;9,1
2785;8,2
2786;7,6
2787;7,1
2788;6,7
2789;7,1
2790;9,2
2791;11,4
2792;13,2
2793;14,6
2794;15,9
2795;16,3
2796;16,7
2797;16,5
2798;16,4
2799;16,2
2800;15,9
2801;14,9
2802;13,8
2803;12,6
2804;11,6
2805;10,7
2806;9,8
2807;8,9
2808;8,7
2809;8,4
2810;8,3
2811;8,1
2812;8
2813;8,5
2814;10,4
2815;12,4
2816;14,3
2817;16,2
2818;18
2819;19,3
2820;20,4
2821;21
2822;21,3
2823;21
2824;20,2
2825;19
2826;17,6
2827;16,3
2828;15,8
2829;15,4
2830;15
2831;14,5
2832;14,1
2833;13,5
2834;14,1
2835;13,9
2836;13,9
2837;13,8
2838;14,6
2839;15,2
2840;16
2841;16,6
2842;17
2843;17,4
2844;17,9
2845;18,1
2846;18,2
2847;18
2848;17,9
2849;17,6
2850;17,3
2851;16,7
2852;16,1
2853;15,3
2854;14,4
2855;13,6
2856;12,4
2857;11,3
2858;10,7
2859;10,3
2860;10,4
2861;11
2862;12,4
2863;14,1
2864;15,8
2865;17,5
2866;19
2867;20,3
2868;21,5
2869;22,3
2870;22,7
2871;22,8
2872;22,5
2873;21,8
2874;20,7
2875;19,6
2876;18,8
2877;17,9
2878;17
2879;16,1
2880;15,2
2881;14,3
2882;13,4
2883;13
2884;13
2885;13,5
2886;14,5
2887;15,9
2888;16,9
2889;17,9
2890;18,7
2891;18,9
2892;19,2
2893;18,9
2894;17,8
2895;17,3
2896;16,8
2897;16,3
2898;15,7
2899;15,2
2900;14,9
2901;14,6
2902;14,3
2903;14
2904;13,9
2905;13,9
2906;13,9
2907;13,8
2908;13,8
2909;14,3
2910;14,9
2911;15,8
2912;17,2
2913;18,4
2914;19,5
2915;20,7
2916;21,4
2917;22,1
2918;22,3
2919;22,4
2920;22,2
2921;21,7
2922;21
2923;20,1
2924;19,3
2925;18,5
2926;17,6
2927;16,8
2928;16
2929;15
2930;13,5
2931;14,4
2932;14,4
2933;14,5
2934;14,9
2935;15,3
2936;15,6
2937;16
2938;16,3
2939;16,5
2940;16,7
2941;16,8
2942;16,8
2943;16,7
2944;16,7
2945;16,3
2946;15,8
2947;15,7
2948;14,5
2949;14,2
2950;13,6
2951;12,6
2952;12,6
2953;12,1
2954;11,9
2955;11,7
2956;11,7
2957;12
2958;12,1
2959;12,7
2960;13,7
2961;14,5
2962;15,4
2963;15,8
2964;16,6
2965;17,5
2966;18,2
2967;18
2968;18,3
2969;18,1
2970;17,6
2971;17
2972;16,1
2973;15,3
2974;14,5
2975;13,6
2976;12,9
2977;12,1
2978;11,7
2979;11,4
2980;11,3
2981;11,7
2982;12,5
2983;13,4
2984;15,3
2985;17,5
2986;18,5
2987;19,1
2988;19,3
2989;19,1
2990;18,4
2991;17,8
2992;17,2
2993;16,5
2994;15,9
2995;15,2
2996;15
2997;14,7
2998;14,5
2999;14,2
3000;14
3001;14,3
3002;14,4
3003;14,4
3004;14,3
3005;14,8
3006;15,5
3007;15,7
3008;17,1
3009;18
3010;18,7
3011;19,2
3012;19,4
3013;19,5
3014;19,6
3015;19,5
3016;19,5
3017;19,1
3018;18,7
3019;18,2
3020;17,3
3021;16,4
3022;15,4
3023;14,5
3024;13,4
3025;12,2
3026;11,6
3027;11,2
3028;11,1
3029;11,9
3030;13,3
3031;15
3032;16,8
3033;18,6
3034;20,3
3035;21,7
3036;22,8
3037;23,6
3038;24,1
3039;24,2
3040;23,7
3041;22,9
3042;21,7
3043;20,3
3044;18,4
3045;16,6
3046;14,7
3047;12,8
3048;11,4
3049;9,8
3050;9
3051;8,4
3052;8,3
3053;9
3054;10,3
3055;11,9
3056;13,4
3057;14,9
3058;16,1
3059;17,2
3060;18
3061;18,6
3062;19
3063;19,1
3064;19
3065;18,3
3066;17,3
3067;16
3068;14,8
3069;13,5
3070;12,2
3071;11
3072;10,5
3073;10
3074;9,7
3075;9,5
3076;9,5
3077;10,5
3078;11,8
3079;13,6
3080;15,3
3081;16,9
3082;18,5
3083;20
3084;21,2
3085;21,9
3086;22,4
3087;22,5
3088;22,3
3089;21,5
3090;20,4
3091;19,1
3092;17,5
3093;15,8
3094;14,2
3095;12,5
3096;11,1
3097;9,7
3098;8,9
3099;8,3
3100;8,3
3101;9,1
3102;10,5
3103;12,2
3104;13,9
3105;15,6
3106;17,2
3107;18,6
3108;19,6
3109;20,3
3110;20,7
3111;20,8
3112;20,4
3113;19,6
3114;18,4
3115;17
3116;15,3
3117;13,5
3118;11,8
3119;10,1
3120;9
3121;7,7
3122;7,1
3123;6,6
3124;6,5
3125;7
3126;7,9
3127;9,4
3128;10,9
3129;12,9
3130;14,4
3131;15,8
3132;16,6
3133;16,8
3134;16,7
3135;16,4
3136;15,7
3137;15
3138;14,1
3139;12,9
3140;12,6
3141;12,3
3142;11,9
3143;11,6
3144;12
3145;12,4
3146;12,5
3147;12,6
3148;12,7
3149;13,5
3150;14,8
3151;16,8
3152;18,8
3153;20,5
3154;22,1
3155;23,4
3156;24,7
3157;25,4
3158;25,8
3159;26,1
3160;25,9
3161;25,4
3162;24,3
3163;23
3164;22
3165;20,9
3166;19,9
3167;18,8
3168;17,9
3169;16,9
3170;16,4
3171;16
3172;16
3173;17,1
3174;18,6
3175;20,3
3176;22,1
3177;24,1
3178;26
3179;25,8
3180;25,8
3181;25,3
3182;25
3183;24,7
3184;24,1
3185;23,3
3186;22,3
3187;21,4
3188;20
3189;18,5
3190;17,1
3191;15,7
3192;14,9
3193;14
3194;13,5
3195;13,1
3196;13,1
3197;14,2
3198;15,6
3199;17,3
3200;19,2
3201;21,3
3202;23,3
3203;23,7
3204;24
3205;24
3206;24
3207;23,5
3208;22,6
3209;21,6
3210;20,5
3211;19,4
3212;18,3
3213;17,2
3214;16,2
3215;15,1
3216;14,5
3217;13,7
3218;13,7
3219;13,5
3220;13,6
3221;14
3222;14
3223;15,1
3224;15,4
3225;15,9
3226;16,9
3227;17,8
3228;18,6
3229;18,9
3230;19,3
3231;20,2
3232;20,7
3233;20,7
3234;20,2
3235;19,5
3236;18,2
3237;16,9
3238;15,6
3239;14,3
3240;12,9
3241;11,5
3242;10,8
3243;10,2
3244;10,3
3245;10,6
3246;11,4
3247;11,8
3248;12,3
3249;14
3250;15,8
3251;17,6
3252;18,9
3253;19
3254;18,7
3255;18,2
3256;17,4
3257;16,4
3258;15,5
3259;14,7
3260;14,3
3261;14
3262;13,6
3263;13,2
3264;13,3
3265;13,1
3266;12,9
3267;13,2
3268;13,3
3269;13,9
3270;15,1
3271;16,1
3272;16,8
3273;17,2
3274;17,6
3275;18,6
3276;19,1
3277;19,2
3278;19,5
3279;19,1
3280;19
3281;18,9
3282;18,6
3283;18,1
3284;17
3285;15,8
3286;14,7
3287;13,5
3288;12,4
3289;11,3
3290;10,6
3291;10,2
3292;10,2
3293;11,7
3294;12,8
3295;13,4
3296;14
3297;13,5
3298;13,6
3299;14,1
3300;15,1
3301;16,5
3302;17,1
3303;17,2
3304;16,6
3305;16,5
3306;16,1
3307;15,3
3308;14,1
3309;12,9
3310;11,7
3311;10,4
3312;9,7
3313;8,8
3314;8,3
3315;8
3316;7,9
3317;8,6
3318;10
3319;11
3320;12,2
3321;13,3
3322;14
3323;15
3324;15,4
3325;15,6
3326;15,9
3327;16
3328;15,7
3329;15,2
3330;14,5
3331;13,6
3332;12,8
3333;12,1
3334;11,3
3335;10,6
3336;10,3
3337;10,1
3338;10
3339;9,3
3340;9,7
3341;10,5
3342;11
3343;11,7
3344;12,4
3345;13
3346;13,7
3347;14,2
3348;14,6
3349;14,9
3350;15
3351;15,1
3352;15
3353;14,7
3354;14,3
3355;13,7
3356;13,1
3357;12,4
3358;11,5
3359;10,5
3360;9,6
3361;8,8
3362;8,3
3363;8
3364;7,9
3365;8,4
3366;8,9
3367;9,6
3368;10,2
3369;10,8
3370;11,4
3371;11,9
3372;12,3
3373;12,5
3374;12,5
3375;12,4
3376;12,2
3377;11,3
3378;11,2
3379;10,8
3380;10,4
3381;9
3382;7,7
3383;6,4
3384;5,3
3385;4,1
3386;3,5
3387;3
3388;3
3389;4,1
3390;5,6
3391;7,2
3392;9,1
3393;10,7
3394;12,1
3395;13,3
3396;14,3
3397;15
3398;15,5
3399;15,5
3400;15,3
3401;14,6
3402;13,5
3403;12,2
3404;10,9
3405;9,6
3406;8,3
3407;7,1
3408;6,6
3409;6
3410;5,6
3411;5,4
3412;5,5
3413;6,8
3414;8,6
3415;10,5
3416;12,5
3417;14,3
3418;16,2
3419;17,7
3420;18,7
3421;19,4
3422;19,8
3423;19,9
3424;19,5
3425;18,7
3426;17,5
3427;16,1
3428;14,7
3429;12,6
3430;10,5
3431;8,4
3432;6,7
3433;4,9
3434;3,8
3435;3
3436;2,9
3437;4
3438;5,4
3439;6,9
3440;8,4
3441;9,8
3442;11,1
3443;12,1
3444;12,8
3445;13,3
3446;13,5
3447;13,4
3448;13
3449;12,1
3450;10,9
3451;9,6
3452;8,2
3453;6,7
3454;5,2
3455;3,7
3456;3,7
3457;3,8
3458;3,8
3459;3,8
3460;3,9
3461;4,1
3462;5,1
3463;6,8
3464;7,9
3465;10,1
3466;11,4
3467;11,4
3468;11,5
3469;12
3470;13,4
3471;14,6
3472;14,7
3473;13,8
3474;12,7
3475;11,7
3476;10,8
3477;10,2
3478;9,6
3479;9,1
3480;8,4
3481;7,7
3482;7,4
3483;7,1
3484;7,1
3485;7,4
3486;7,5
3487;8,2
3488;9,4
3489;11,1
3490;12,1
3491;13,1
3492;14
3493;14,5
3494;15
3495;15,4
3496;15,4
3497;14,9
3498;14,2
3499;13,4
3500;12,5
3501;12,1
3502;11,6
3503;11,1
3504;10,8
3505;10,7
3506;10,1
3507;10,6
3508;10,4
3509;11,4
3510;12,2
3511;13,4
3512;14,9
3513;16
3514;16,4
3515;16,5
3516;15,9
3517;15,4
3518;14,9
3519;14,6
3520;14,1
3521;14
3522;13,9
3523;13,6
3524;13,2
3525;12,4
3526;11,6
3527;10,8
3528;9,9
3529;9
3530;8,5
3531;8,2
3532;8,2
3533;8,3
3534;8,3
3535;8,8
3536;9,7
3537;10,5
3538;11,4
3539;11,6
3540;12
3541;12,6
3542;12,9
3543;13
3544;13,1
3545;13,1
3546;12,8
3547;12,3
3548;11,7
3549;10,6
3550;9,3
3551;8,6
3552;7,9
3553;7,2
3554;6,9
3555;6,7
3556;6,7
3557;7,1
3558;7,5
3559;8,6
3560;9
3561;10,5
3562;11,1
3563;12,2
3564;13,9
3565;15,3
3566;16,1
3567;16,8
3568;17,3
3569;17
3570;16,4
3571;15,5
3572;14,5
3573;12,9
3574;11,4
3575;9,8
3576;8,3
3577;6,6
3578;5,7
3579;5,1
3580;5,2
3581;6,3
3582;7,7
3583;9,2
3584;10,7
3585;12,1
3586;13,5
3587;14,5
3588;15,4
3589;16
3590;16,3
3591;16,3
3592;16
3593;15,3
3594;14,3
3595;13,1
3596;11,8
3597;9,9
3598;8
3599;6,1
3600;5
3601;3,7
3602;3
3603;2,4
3604;2,5
3605;3,8
3606;5,6
3607;7,4
3608;9
3609;10,6
3610;12
3611;11,9
3612;11,7
3613;11,6
3614;11,3
3615;11
3616;10,3
3617;9,4
3618;8,4
3619;7,3
3620;6,1
3621;5,7
3622;5,2
3623;4,7
3624;5,6
3625;6,5
3626;6,9
3627;7,2
3628;7,5
3629;8,4
3630;9,6
3631;10,7
3632;12
3633;13,3
3634;14,7
3635;15,7
3636;16,5
3637;17,1
3638;17,4
3639;17,5
3640;17,4
3641;16,9
3642;16,2
3643;15,3
3644;14,4
3645;13,9
3646;13,3
3647;12,8
3648;12,2
3649;11,3
3650;11,1
3651;10,8
3652;10,9
3653;10,9
3654;12,1
3655;13,6
3656;14,4
3657;15,4
3658;16,1
3659;16,6
3660;17
3661;16,6
3662;16,3
3663;16,3
3664;16,3
3665;15,8
3666;15,2
3667;14,6
3668;14
3669;13,3
3670;12,7
3671;12,1
3672;11,8
3673;11,4
3674;11,5
3675;11,3
3676;11,3
3677;11,7
3678;12
3679;12,1
3680;12,5
3681;12,9
3682;13,5
3683;14,1
3684;14,6
3685;15
3686;15,2
3687;15,2
3688;15,1
3689;14,8
3690;14,6
3691;13,6
3692;13,6
3693;13,4
3694;13,1
3695;12,6
3696;12,3
3697;11,8
3698;11,7
3699;11,6
3700;11,6
3701;11,9
3702;12,2
3703;12,7
3704;13,3
3705;13,8
3706;14,5
3707;15,2
3708;15,6
3709;15,8
3710;15,8
3711;15,7
3712;15,5
3713;15,2
3714;14,8
3715;14,4
3716;13,9
3717;13
3718;11,9
3719;11,6
3720;10,8
3721;10
3722;9,7
3723;9,2
3724;9,3
3725;9,2
3726;9
3727;10,4
3728;10,9
3729;11,3
3730;11,5
3731;11,8
3732;12,2
3733;12,4
3734;12,5
3735;12,6
3736;12,5
3737;12,3
3738;12
3739;11,6
3740;11,3
3741;10,4
3742;9,5
3743;8,7
3744;8,1
3745;7,4
3746;7
3747;6,8
3748;6,8
3749;7,4
3750;8,1
3751;8,9
3752;9,5
3753;10,8
3754;11,5
3755;12,1
3756;12,5
3757;12,9
3758;13,1
3759;13,1
3760;13
3761;12,7
3762;12,1
3763;11,4
3764;10,7
3765;10,1
3766;9,6
3767;9,1
3768;9
3769;8,9
3770;8,8
3771;8,2
3772;8,8
3773;9,5
3774;10,2
3775;10,4
3776;11,2
3777;11,9
3778;13,2
3779;13,8
3780;14,5
3781;14,7
3782;14,9
3783;15
3784;15,5
3785;15,6
3786;15,3
3787;14,8
3788;14,1
3789;13,1
3790;12,2
3791;11,2
3792;10,3
3793;9,4
3794;8,9
3795;8,6
3796;8,6
3797;9,4
3798;10,2
3799;11
3800;11,9
3801;12,6
3802;13,3
3803;13,9
3804;14,4
3805;14,7
3806;14,8
3807;14,7
3808;14,4
3809;14
3810;13,4
3811;12,7
3812;12
3813;11,2
3814;10,2
3815;9,7
3816;9,4
3817;9,2
3818;9
3819;8,9
3820;9,1
3821;9,6
3822;10,1
3823;10,5
3824;11,4
3825;12,3
3826;14,1
3827;15,2
3828;16,1
3829;17,5
3830;18,5
3831;19,5
3832;20
3833;20
3834;19,6
3835;18,7
3836;17,7
3837;16,8
3838;15,9
3839;15,1
3840;14,2
3841;13,3
3842;12,7
3843;12,4
3844;12,5
3845;13,4
3846;15
3847;16,1
3848;16,7
3849;17,1
3850;17,8
3851;18
3852;18,7
3853;18,5
3854;18
3855;18,9
3856;19,1
3857;18,8
3858;18,5
3859;17,8
3860;17
3861;15,8
3862;14,6
3863;13,5
3864;13
3865;12,4
3866;12,1
3867;11,8
3868;11,9
3869;12,5
3870;13,3
3871;14,3
3872;15,8
3873;16,9
3874;17,8
3875;18,8
3876;19,6
3877;19,6
3878;19,8
3879;20
3880;20
3881;19,8
3882;19,3
3883;18,5
3884;17,7
3885;16,6
3886;15,5
3887;14,4
3888;13,7
3889;13
3890;12,6
3891;12,4
3892;12,5
3893;13,4
3894;13,7
3895;14
3896;14,4
3897;15,4
3898;15,7
3899;16,5
3900;17,1
3901;17,9
3902;18,7
3903;19,2
3904;19,3
3905;19,2
3906;19
3907;18,5
3908;17,8
3909;16,3
3910;14,9
3911;13,5
3912;12,3
3913;10,9
3914;10,2
3915;9,7
3916;9,9
3917;11,4
3918;13
3919;14,8
3920;16,6
3921;18,2
3922;19,8
3923;21,1
3924;22,1
3925;22,9
3926;23,2
3927;23,3
3928;23
3929;22,2
3930;21,1
3931;19,8
3932;18,3
3933;16
3934;13,7
3935;11,3
3936;9,8
3937;8,1
3938;7,2
3939;6,5
3940;6,7
3941;7,6
3942;9,4
3943;11,7
3944;13,9
3945;16
3946;17,8
3947;19,3
3948;20,5
3949;21,4
3950;21,8
3951;21,8
3952;21,2
3953;20,2
3954;19
3955;17,4
3956;15,9
3957;14,8
3958;13,6
3959;12,5
3960;12,1
3961;11,7
3962;11,5
3963;11,3
3964;11,4
3965;12,2
3966;13,1
3967;13,9
3968;14,7
3969;15,6
3970;16,6
3971;17,4
3972;17,7
3973;18,2
3974;18,3
3975;18,4
3976;18,2
3977;17,7
3978;17
3979;16,3
3980;15,6
3981;14,9
3982;14,3
3983;13,6
3984;13,3
3985;12,9
3986;12,7
3987;12,5
3988;12,7
3989;13,5
3990;14,3
3991;15,3
3992;16,2
3993;17,1
3994;17,9
3995;18,8
3996;19,4
3997;19,9
3998;20,1
3999;20,2
4000;20
4001;19,5
4002;18,9
4003;18
4004;17,4
4005;16,3
4006;15,2
4007;14
4008;13,2
4009;12,2
4010;11,7
4011;11,3
4012;11,5
4013;12,3
4014;13,3
4015;14,4
4016;15,4
4017;16,2
4018;16,8
4019;17,6
4020;18,1
4021;18,9
4022;19,5
4023;19,7
4024;19,7
4025;19,5
4026;19,2
4027;18,4
4028;17,5
4029;15,7
4030;14
4031;12,2
4032;11
4033;9,7
4034;8,9
4035;8,4
4036;8,6
4037;9,9
4038;11,4
4039;13,2
4040;14,9
4041;16,5
4042;18
4043;19,3
4044;20,3
4045;21
4046;21,4
4047;21,5
4048;21,2
4049;20,5
4050;19,3
4051;18
4052;16,6
4053;15,3
4054;14
4055;12,7
4056;12,3
4057;11,8
4058;11,6
4059;11,4
4060;11,6
4061;12,8
4062;14,4
4063;15,8
4064;17,2
4065;18,8
4066;20,2
4067;21,4
4068;22,3
4069;23,1
4070;23,6
4071;23,7
4072;23,5
4073;22,8
4074;21,9
4075;20,7
4076;19,5
4077;18,2
4078;16,8
4079;15,5
4080;14,6
4081;13,5
4082;13
4083;12,6
4084;12,8
4085;14,2
4086;15,7
4087;17,3
4088;19
4089;20,5
4090;21,8
4091;21,6
4092;21,5
4093;21,3
4094;21,1
4095;20,6
4096;20,1
4097;19,4
4098;18,6
4099;17,7
4100;16,8
4101;15,9
4102;14,9
4103;13,9
4104;13,7
4105;13,5
4106;13,4
4107;13,2
4108;13,4
4109;14,1
4110;14,6
4111;15,3
4112;16,3
4113;17,2
4114;18,1
4115;18,9
4116;19,5
4117;19,9
4118;20,1
4119;20,1
4120;19,9
4121;19,5
4122;18,5
4123;18,3
4124;17,7
4125;17
4126;16,3
4127;15,5
4128;15,1
4129;14,6
4130;14,4
4131;14,2
4132;14,3
4133;14,9
4134;15,5
4135;16,4
4136;17,3
4137;18,3
4138;18,9
4139;19,6
4140;20,6
4141;21,5
4142;22
4143;22,3
4144;22,5
4145;22,6
4146;22,2
4147;21,5
4148;20,6
4149;19,4
4150;18,2
4151;17
4152;16
4153;14,9
4154;14,4
4155;14
4156;14,1
4157;15,1
4158;16,1
4159;17,3
4160;18,6
4161;19,8
4162;20,9
4163;21,8
4164;22,7
4165;23,3
4166;23,7
4167;23,8
4168;23,4
4169;22,8
4170;21,9
4171;20,9
4172;19,9
4173;18,6
4174;17,4
4175;16,2
4176;15,5
4177;14,7
4178;14,3
4179;13,9
4180;14,1
4181;15,4
4182;16,7
4183;18,2
4184;19,7
4185;21,1
4186;22,3
4187;23,3
4188;23,9
4189;24,4
4190;24,5
4191;24,4
4192;24,1
4193;23,5
4194;22,5
4195;21,4
4196;20,3
4197;19
4198;17,6
4199;16,3
4200;15,5
4201;14,7
4202;14,2
4203;13,9
4204;14,1
4205;15,2
4206;16,5
4207;18,1
4208;19,7
4209;21,2
4210;22,6
4211;23,7
4212;24,6
4213;25,2
4214;25,5
4215;25,5
4216;25,2
4217;24,4
4218;23,4
4219;22,2
4220;21
4221;20,1
4222;19,3
4223;18,5
4224;18,3
4225;18,1
4226;17,9
4227;17,9
4228;17,9
4229;18,9
4230;20,2
4231;20,6
4232;21,3
4233;21,8
4234;22,6
4235;23,5
4236;24
4237;24,7
4238;25,1
4239;25,2
4240;25,3
4241;24,9
4242;24,3
4243;23,5
4244;22,8
4245;21,4
4246;20
4247;18,6
4248;17,4
4249;16
4250;15,2
4251;14,7
4252;14,9
4253;16
4254;17,4
4255;18,9
4256;20,4
4257;21,6
4258;22,9
4259;24
4260;24,9
4261;25,6
4262;26
4263;26
4264;25,7
4265;25,1
4266;24,1
4267;22,9
4268;21,7
4269;20
4270;18,3
4271;16,6
4272;15,7
4273;14,6
4274;14
4275;13,6
4276;13,7
4277;15,2
4278;16,9
4279;18,8
4280;20,7
4281;22,5
4282;24,1
4283;25,4
4284;26,4
4285;27,2
4286;27,6
4287;27,6
4288;27,3
4289;26,4
4290;25,2
4291;23,8
4292;22,4
4293;21,1
4294;19,8
4295;18,5
4296;18,1
4297;17,6
4298;17,3
4299;17,1
4300;17,2
4301;18,3
4302;19,6
4303;21,1
4304;22,4
4305;23,7
4306;25
4307;26,1
4308;26,9
4309;27,3
4310;27,4
4311;27,2
4312;26,8
4313;26,2
4314;25,3
4315;24,3
4316;23,3
4317;22,2
4318;21
4319;19,9
4320;19,3
4321;18,5
4322;18,2
4323;17,9
4324;18,1
4325;18,8
4326;19,8
4327;20,9
4328;22,1
4329;23,3
4330;24,7
4331;25,8
4332;27
4333;27,9
4334;28,7
4335;29
4336;28,9
4337;28,2
4338;27,2
4339;26,2
4340;25,2
4341;23,7
4342;22,4
4343;21,2
4344;19,9
4345;18,6
4346;17,4
4347;16,8
4348;17
4349;18,2
4350;19,7
4351;21,4
4352;23,1
4353;24,7
4354;26,2
4355;27,5
4356;28,4
4357;29,1
4358;29,5
4359;29,5
4360;29,2
4361;28,5
4362;27,4
4363;26,1
4364;24,8
4365;23,3
4366;21,9
4367;20,5
4368;19,9
4369;19,3
4370;19
4371;18,8
4372;19,1
4373;20,4
4374;21,9
4375;23,6
4376;25,3
4377;27
4378;28,5
4379;29,8
4380;30,9
4381;31,6
4382;32,1
4383;32,3
4384;32,1
4385;31,5
4386;30,6
4387;29,5
4388;28,3
4389;27,1
4390;25,8
4391;24,5
4392;23,3
4393;21,9
4394;21,1
4395;20,6
4396;20,7
4397;21,8
4398;23,2
4399;24,8
4400;26,4
4401;27,8
4402;29,2
4403;29,2
4404;29
4405;28,7
4406;28,3
4407;27,8
4408;27,3
4409;26,6
4410;25,8
4411;25
4412;24,1
4413;23,1
4414;22,1
4415;21
4416;20,7
4417;20,4
4418;20,2
4419;20,1
4420;19,9
4421;20,6
4422;20,5
4423;21,8
4424;22,4
4425;22,8
4426;23,2
4427;23,9
4428;24,2
4429;24,5
4430;24,6
4431;24,7
4432;24,6
4433;24,2
4434;23,7
4435;23,1
4436;22,8
4437;22,2
4438;21,5
4439;20,9
4440;20,5
4441;19,9
4442;19,8
4443;19,6
4444;19,7
4445;20
4446;20,2
4447;20,3
4448;21
4449;22,1
4450;23,1
4451;24,2
4452;25,4
4453;26,1
4454;26,5
4455;26,6
4456;26,7
4457;26,5
4458;26,2
4459;25,6
4460;24,9
4461;23,7
4462;22,5
4463;21,3
4464;20,2
4465;19
4466;18,4
4467;17,9
4468;17,9
4469;18,5
4470;19,1
4471;19,8
4472;20,5
4473;21,2
4474;21,8
4475;22,3
4476;22,7
4477;22,9
4478;23
4479;22,9
4480;22,9
4481;22,5
4482;22
4483;21,5
4484;20,9
4485;19,2
4486;18
4487;16,6
4488;15,7
4489;14,8
4490;14,4
4491;14
4492;14,1
4493;14,4
4494;14,4
4495;15,5
4496;17,2
4497;20
4498;21
4499;20,5
4500;21,5
4501;22,1
4502;23,2
4503;23,5
4504;22,5
4505;21,9
4506;20,9
4507;20,1
4508;19,3
4509;18,1
4510;16,8
4511;15,6
4512;14,5
4513;13,3
4514;12,6
4515;12,1
4516;12,1
4517;13,3
4518;14,7
4519;16,3
4520;18
4521;19,5
4522;21
4523;22,2
4524;23,2
4525;23,8
4526;24,2
4527;24,2
4528;24
4529;23,4
4530;22,3
4531;21,1
4532;19,7
4533;19,2
4534;18,6
4535;18,1
4536;18,5
4537;18,9
4538;19,1
4539;19,2
4540;19,3
4541;19,8
4542;20,4
4543;21,2
4544;21,5
4545;22,2
4546;22,8
4547;23,2
4548;23,4
4549;23,4
4550;23,5
4551;22,4
4552;23,3
4553;22,6
4554;22,5
4555;22,3
4556;22,1
4557;21,4
4558;20,7
4559;19,9
4560;18
4561;15,9
4562;14,8
4563;14
4564;14
4565;15,3
4566;16,8
4567;18,6
4568;20,4
4569;22,1
4570;23,6
4571;24,9
4572;25,9
4573;26,7
4574;27
4575;27,1
4576;26,8
4577;26
4578;24,9
4579;23,4
4580;22
4581;19,9
4582;17,8
4583;15,7
4584;14,7
4585;13,6
4586;13
4587;12,5
4588;12,6
4589;13,8
4590;15,4
4591;17,1
4592;18,8
4593;20,5
4594;22
4595;23,3
4596;24,4
4597;25,2
4598;25,6
4599;25,7
4600;25,6
4601;24,9
4602;23,9
4603;22,6
4604;21,2
4605;19,1
4606;17,1
4607;15
4608;13,6
4609;12,1
4610;11,2
4611;10,7
4612;10,7
4613;11,9
4614;13,5
4615;15,3
4616;17,1
4617;18,8
4618;20,4
4619;21,8
4620;22,9
4621;23,6
4622;24
4623;24,1
4624;23,8
4625;23,1
4626;21,9
4627;20,5
4628;19,1
4629;17,4
4630;15,6
4631;13,9
4632;13
4633;12,1
4634;11,7
4635;11,4
4636;11,4
4637;12
4638;12,7
4639;13,4
4640;14,2
4641;15,2
4642;15,9
4643;16,8
4644;17,4
4645;18
4646;18,4
4647;18,4
4648;17,9
4649;17,3
4650;16,6
4651;15,8
4652;15,2
4653;14
4654;12,9
4655;11,7
4656;10,8
4657;9,7
4658;9,2
4659;8,8
4660;8,8
4661;9,5
4662;10,3
4663;11,2
4664;12,1
4665;13,2
4666;14
4667;15
4668;15,6
4669;15,8
4670;16
4671;16
4672;16
4673;15,6
4674;15,1
4675;14,4
4676;13,5
4677;12,9
4678;12,4
4679;11,8
4680;11,9
4681;12
4682;12
4683;12
4684;12,1
4685;12,9
4686;14
4687;15,4
4688;16,7
4689;18,1
4690;19,3
4691;20,4
4692;21,2
4693;21,8
4694;22,2
4695;22,3
4696;22
4697;21,5
4698;20,8
4699;19,9
4700;18,9
4701;17,9
4702;16,9
4703;15,8
4704;15
4705;14,1
4706;13,6
4707;13,2
4708;13,1
4709;13,8
4710;14,5
4711;15,3
4712;15,5
4713;16,6
4714;16,8
4715;17,5
4716;17,9
4717;18,4
4718;18,1
4719;18,3
4720;17,7
4721;17,1
4722;16,7
4723;16,3
4724;15,7
4725;15
4726;14,2
4727;13,4
4728;13
4729;12,6
4730;12,4
4731;12,3
4732;12,3
4733;12,8
4734;14,1
4735;15,3
4736;16
4737;16,9
4738;17,8
4739;19
4740;20,1
4741;20,8
4742;21,1
4743;20,8
4744;19,8
4745;19
4746;18,3
4747;17,7
4748;17
4749;15,9
4750;14,9
4751;13,8
4752;12,7
4753;11,6
4754;11
4755;10,5
4756;10,5
4757;11,2
4758;12,4
4759;13,9
4760;14,9
4761;15,4
4762;15,5
4763;16,1
4764;16,5
4765;16,4
4766;16,2
4767;15,3
4768;14,6
4769;13,9
4770;13,3
4771;12,7
4772;12,2
4773;11,9
4774;11,5
4775;11,3
4776;11,4
4777;11,5
4778;11,5
4779;11,6
4780;11,7
4781;12,3
4782;12,9
4783;14,1
4784;15,7
4785;16,8
4786;17,1
4787;18
4788;18,3
4789;18,4
4790;17,9
4791;17,5
4792;17,3
4793;17,1
4794;16,4
4795;15,9
4796;15,4
4797;14,8
4798;14,2
4799;13,4
4800;13,2
4801;12,7
4802;12,3
4803;12,1
4804;12,1
4805;12,8
4806;13,8
4807;14,9
4808;15,9
4809;16,9
4810;17,6
4811;18,1
4812;18,8
4813;19,3
4814;19,5
4815;19,6
4816;19,4
4817;19
4818;18,3
4819;17,6
4820;16,8
4821;16
4822;15,3
4823;14,5
4824;14,2
4825;13,8
4826;13,6
4827;13,4
4828;13,4
4829;14,1
4830;15,1
4831;16,3
4832;17,5
4833;18,7
4834;19,8
4835;20,7
4836;21,6
4837;22,1
4838;22,4
4839;22,5
4840;22,3
4841;21,9
4842;21,2
4843;20,3
4844;19,5
4845;17,9
4846;16,4
4847;14,9
4848;13,6
4849;12,3
4850;11,5
4851;11
4852;10,9
4853;11,9
4854;13,3
4855;14,9
4856;16,5
4857;18
4858;19,4
4859;20,7
4860;21,6
4861;22,3
4862;22,7
4863;22,8
4864;22,6
4865;21,9
4866;20,9
4867;19,7
4868;18,5
4869;16,5
4870;14,6
4871;12,7
4872;11,5
4873;10,1
4874;9,4
4875;8,8
4876;8,7
4877;9,6
4878;10,9
4879;12,4
4880;13,8
4881;15,1
4882;16,3
4883;17,3
4884;18,2
4885;18,5
4886;18,7
4887;18,7
4888;18,4
4889;17,8
4890;16,9
4891;15,8
4892;14,7
4893;13,2
4894;11,7
4895;10,2
4896;9,6
4897;8,9
4898;8,5
4899;8,2
4900;8,1
4901;9
4902;10,4
4903;11,9
4904;13,6
4905;15,2
4906;16,7
4907;18
4908;18,9
4909;19,6
4910;20
4911;20,1
4912;19,8
4913;19,1
4914;18,1
4915;16,8
4916;15,5
4917;14,4
4918;13,2
4919;12
4920;11,7
4921;11,2
4922;11
4923;10,8
4924;10,8
4925;11,7
4926;12,9
4927;14,4
4928;16
4929;17,7
4930;18,9
4931;19,9
4932;20,8
4933;21,5
4934;22
4935;22,3
4936;22,1
4937;21,6
4938;20,7
4939;19,6
4940;18,5
4941;16,9
4942;15,3
4943;13,8
4944;12,5
4945;11,1
4946;10,3
4947;9,8
4948;9,7
4949;10,4
4950;11,5
4951;12,9
4952;14,4
4953;15,7
4954;17
4955;18,2
4956;19,2
4957;19,8
4958;20,3
4959;20,4
4960;20,2
4961;19,5
4962;18,6
4963;17,4
4964;16,2
4965;15,8
4966;15,5
4967;15,1
4968;15,5
4969;15,9
4970;16,2
4971;16,3
4972;16,4
4973;16,9
4974;17,6
4975;18,3
4976;19,1
4977;19,7
4978;19,8
4979;20,2
4980;20,8
4981;21,2
4982;21,5
4983;21,6
4984;20,9
4985;20,9
4986;20,2
4987;20
4988;19,6
4989;19,5
4990;18,6
4991;19,4
4992;18,9
4993;19
4994;18,9
4995;18,5
4996;18,7
4997;18,2
4998;19,2
4999;19,5
5000;19,7
5001;20
5002;20,2
5003;20,3
5004;20,5
5005;20,5
5006;20,6
5007;20,6
5008;20,6
5009;20,5
5010;20,2
5011;20,1
5012;19,9
5013;19,3
5014;18,6
5015;17
5016;18,5
5017;18,2
5018;18
5019;17,9
5020;17,9
5021;18,2
5022;18,7
5023;19,4
5024;20,5
5025;21,4
5026;21,9
5027;22,6
5028;22,1
5029;22
5030;22
5031;21,8
5032;21,4
5033;21,1
5034;20,7
5035;20,3
5036;20
5037;19,6
5038;19,3
5039;18,7
5040;18,6
5041;18,4
5042;18,3
5043;18,2
5044;18,2
5045;18,5
5046;18,8
5047;19,2
5048;19,3
5049;19,7
5050;19,8
5051;20,3
5052;20,4
5053;21,4
5054;22,9
5055;24,1
5056;24,8
5057;25,1
5058;25
5059;24,5
5060;23,9
5061;23,3
5062;22,6
5063;22
5064;21,2
5065;20,2
5066;19,7
5067;19,4
5068;19,3
5069;19,8
5070;20,8
5071;22,6
5072;23
5073;23,4
5074;23,9
5075;23,9
5076;23,7
5077;23,2
5078;23,5
5079;23,4
5080;23,3
5081;22,9
5082;22,5
5083;22
5084;21,5
5085;21,1
5086;20,7
5087;20,3
5088;20,5
5089;20,6
5090;20,7
5091;20,7
5092;20,7
5093;21,3
5094;22,3
5095;23,6
5096;25,2
5097;26,6
5098;28,3
5099;29
5100;29,5
5101;29,9
5102;30
5103;29,8
5104;29,3
5105;28,5
5106;27,6
5107;26,7
5108;25,9
5109;24,8
5110;23,7
5111;22,6
5112;21,8
5113;20,9
5114;20,4
5115;20,1
5116;20,1
5117;20,5
5118;21,2
5119;22,1
5120;23,3
5121;24,4
5122;25,6
5123;26,6
5124;27,5
5125;28,1
5126;28,4
5127;28,4
5128;28,2
5129;27,6
5130;26,8
5131;25,9
5132;24,8
5133;23,6
5134;22,4
5135;21,3
5136;20,4
5137;19,5
5138;19
5139;18,6
5140;18,6
5141;19
5142;19,7
5143;20,6
5144;21,5
5145;22,5
5146;23,3
5147;24
5148;24,4
5149;24,8
5150;25
5151;25
5152;24,7
5153;24,2
5154;23,5
5155;22,8
5156;22
5157;21,1
5158;20,1
5159;19,4
5160;18,8
5161;18,5
5162;18,2
5163;17,9
5164;17,8
5165;18
5166;18,5
5167;19
5168;19,5
5169;20,1
5170;20,7
5171;21,1
5172;21,3
5173;21,4
5174;21,5
5175;21,4
5176;21,2
5177;20,9
5178;20,6
5179;20,2
5180;19,3
5181;18,3
5182;18,8
5183;18,3
5184;18,2
5185;18,1
5186;18,1
5187;18,1
5188;18,1
5189;18,3
5190;18,8
5191;19,5
5192;20,1
5193;20,8
5194;21,5
5195;22,1
5196;22,5
5197;22,7
5198;22,8
5199;22,8
5200;22,5
5201;21,8
5202;22
5203;21,6
5204;20,6
5205;19,7
5206;18,7
5207;17,8
5208;16
5209;14,1
5210;13,1
5211;12,4
5212;12,3
5213;13,1
5214;14,6
5215;16,3
5216;18,1
5217;20
5218;21,8
5219;23,3
5220;24,4
5221;25,2
5222;25,6
5223;25,8
5224;25,7
5225;25,1
5226;23,9
5227;22,3
5228;20,3
5229;18,2
5230;16,2
5231;14,2
5232;13
5233;11,7
5234;11
5235;10,5
5236;10,4
5237;11,1
5238;12,4
5239;14
5240;16
5241;17,9
5242;19,9
5243;21,7
5244;23,2
5245;24,2
5246;24,7
5247;24,8
5248;24,4
5249;23,5
5250;22,2
5251;20,6
5252;19,5
5253;18,4
5254;17,3
5255;16,1
5256;15,6
5257;15,1
5258;14,8
5259;14,6
5260;14,6
5261;15,3
5262;16,5
5263;17,5
5264;18,7
5265;19,8
5266;21
5267;22,6
5268;23
5269;22,7
5270;22,5
5271;22,9
5272;22,8
5273;22,3
5274;21,5
5275;20,6
5276;19,3
5277;18,1
5278;16,8
5279;15,5
5280;14,6
5281;13,5
5282;12,9
5283;12,5
5284;12,4
5285;13,2
5286;15
5287;17,2
5288;19,8
5289;22,3
5290;23,1
5291;23,2
5292;23,8
5293;24,3
5294;23,8
5295;23,6
5296;23,4
5297;22,6
5298;21,5
5299;20,2
5300;18,6
5301;17
5302;15,4
5303;13,8
5304;12,9
5305;11,9
5306;11,3
5307;10,9
5308;10,9
5309;11,1
5310;11,7
5311;12,5
5312;13,5
5313;14,4
5314;15,3
5315;16
5316;16,5
5317;16,7
5318;16,8
5319;16,7
5320;16,4
5321;15,8
5322;15,2
5323;14,5
5324;14
5325;13,3
5326;13
5327;12,5
5328;12,4
5329;12,4
5330;12,3
5331;12,2
5332;12,2
5333;12,4
5334;13,2
5335;14,3
5336;15,3
5337;16,5
5338;17,5
5339;18,4
5340;18,9
5341;19,1
5342;19,2
5343;19,1
5344;18,8
5345;18,3
5346;17,5
5347;16,5
5348;16,7
5349;16,7
5350;16,7
5351;16,6
5352;16,3
5353;16,7
5354;16,9
5355;17
5356;17,1
5357;17,3
5358;18,1
5359;19,1
5360;20,1
5361;21,1
5362;22,1
5363;23
5364;23,6
5365;24
5366;24,1
5367;24,2
5368;24,1
5369;23,7
5370;23,1
5371;22,4
5372;21,5
5373;20,6
5374;19,7
5375;18,8
5376;17,7
5377;16,7
5378;16,2
5379;15,6
5380;15,2
5381;15,6
5382;16
5383;16,3
5384;17,2
5385;18,9
5386;20
5387;20,2
5388;20,2
5389;20
5390;20,7
5391;20,9
5392;20,8
5393;20,9
5394;20,5
5395;19,7
5396;18,3
5397;17
5398;15,6
5399;14,2
5400;13,2
5401;12,2
5402;11,6
5403;11,1
5404;10,6
5405;11
5406;13
5407;15,2
5408;17,4
5409;19,5
5410;21,5
5411;23,2
5412;24,5
5413;25,3
5414;25,7
5415;25,7
5416;25,2
5417;24,1
5418;22,6
5419;20,8
5420;19,2
5421;17,7
5422;16,1
5423;14,5
5424;13,4
5425;12,2
5426;11,6
5427;11
5428;10,5
5429;10,8
5430;12,7
5431;14,3
5432;16,2
5433;18,2
5434;19,7
5435;20,7
5436;21,7
5437;22,6
5438;23,1
5439;23,2
5440;22,7
5441;21,7
5442;20,4
5443;18,9
5444;17,7
5445;16,6
5446;15,4
5447;14,2
5448;13,7
5449;13,1
5450;12,8
5451;12,5
5452;12,3
5453;12,4
5454;13,5
5455;15,2
5456;17
5457;19,1
5458;19,8
5459;21,2
5460;22,5
5461;23,4
5462;22,5
5463;22
5464;21,6
5465;20,8
5466;19,7
5467;18,7
5468;17,9
5469;17,2
5470;16,4
5471;15,7
5472;14,9
5473;14,3
5474;14
5475;13,6
5476;13,4
5477;13,4
5478;13,6
5479;14
5480;14,4
5481;14,7
5482;15
5483;15,4
5484;15,7
5485;15,8
5486;15,9
5487;15,9
5488;15,8
5489;15,5
5490;15,1
5491;14,6
5492;14,2
5493;13,4
5494;13,2
5495;12
5496;12,2
5497;12,2
5498;12
5499;11,8
5500;11,7
5501;11,9
5502;12,9
5503;14
5504;15
5505;16
5506;16,9
5507;17,4
5508;17,7
5509;18
5510;18,1
5511;17,9
5512;17,6
5513;17,1
5514;16,5
5515;15,8
5516;15
5517;14,3
5518;13,5
5519;12,7
5520;12,1
5521;11,5
5522;11,1
5523;10,8
5524;10,5
5525;10,9
5526;13,1
5527;13,8
5528;13,9
5529;15,6
5530;17,3
5531;18,4
5532;19,7
5533;20,8
5534;21
5535;20
5536;19,7
5537;19,2
5538;18,4
5539;17,3
5540;16,6
5541;16
5542;15,3
5543;14,6
5544;14,3
5545;13,9
5546;13,6
5547;13,4
5548;13,2
5549;13,3
5550;14,1
5551;15
5552;16,2
5553;17,3
5554;18,4
5555;19,1
5556;19,7
5557;20
5558;20,2
5559;20,2
5560;19,9
5561;19,3
5562;18,6
5563;17,8
5564;17,2
5565;16,6
5566;15,9
5567;15,3
5568;14,9
5569;14,5
5570;14,2
5571;14
5572;13,8
5573;14
5574;15,1
5575;16,2
5576;17,4
5577;18,4
5578;19,3
5579;20
5580;20,5
5581;20,8
5582;20,8
5583;20,7
5584;20,2
5585;19,7
5586;19
5587;18,2
5588;17,3
5589;16,3
5590;15,3
5591;14,4
5592;13,6
5593;12,8
5594;12,3
5595;11,9
5596;11,6
5597;11,9
5598;13,1
5599;13,8
5600;13,7
5601;16,1
5602;16,9
5603;17,9
5604;18,9
5605;19,8
5606;20,3
5607;21,1
5608;21,4
5609;20,9
5610;20
5611;18,9
5612;17,6
5613;16,4
5614;15,1
5615;13,8
5616;12,7
5617;11,5
5618;10,9
5619;10,3
5620;9,8
5621;10
5622;11,6
5623;13,5
5624;15,6
5625;17,6
5626;19,4
5627;20,9
5628;22,1
5629;22,8
5630;23,2
5631;23,2
5632;22,7
5633;21,6
5634;20,2
5635;18,6
5636;17
5637;15,4
5638;13,9
5639;12,3
5640;11,2
5641;9,9
5642;9,2
5643;8,4
5644;7,9
5645;7,9
5646;9,2
5647;10,9
5648;12,7
5649;14,4
5650;16
5651;17,3
5652;18,3
5653;18,9
5654;19,2
5655;19,1
5656;18,4
5657;17,3
5658;15,9
5659;14,4
5660;12,9
5661;11,5
5662;10,1
5663;8,7
5664;8,3
5665;7,9
5666;7,6
5667;7,4
5668;7,2
5669;7,3
5670;9,2
5671;11,5
5672;13,9
5673;16,3
5674;18,4
5675;20,2
5676;21,6
5677;22,5
5678;23
5679;23
5680;22,3
5681;21,1
5682;19,5
5683;17,8
5684;16,9
5685;16
5686;15,1
5687;14,2
5688;13,5
5689;12,9
5690;12,5
5691;12,1
5692;11,8
5693;11,9
5694;13,6
5695;15,7
5696;18
5697;20,2
5698;22,2
5699;23,9
5700;25,1
5701;26
5702;26,5
5703;26,5
5704;25,9
5705;24,7
5706;23,2
5707;21,5
5708;21
5709;20,5
5710;20
5711;19,5
5712;19,5
5713;19,5
5714;19,5
5715;19,5
5716;19,5
5717;19,6
5718;20,3
5719;21
5720;21,9
5721;22,7
5722;23,5
5723;24,1
5724;24,7
5725;25,1
5726;25,4
5727;25,4
5728;25,3
5729;24,8
5730;24,1
5731;23,6
5732;22,5
5733;22,3
5734;21,6
5735;20,9
5736;20,1
5737;19,3
5738;18,9
5739;18,5
5740;18,2
5741;18,2
5742;18,9
5743;19,9
5744;21
5745;22
5746;22,7
5747;23,6
5748;23,9
5749;24,1
5750;24,1
5751;23,7
5752;23,1
5753;22,4
5754;21,7
5755;21,1
5756;20,4
5757;19,7
5758;19
5759;18,2
5760;17,8
5761;17,3
5762;17
5763;16,8
5764;16,6
5765;16,6
5766;16,7
5767;17,1
5768;17,2
5769;19,2
5770;21,2
5771;22,4
5772;23,1
5773;23,4
5774;23,4
5775;23,4
5776;23,5
5777;23,1
5778;22,2
5779;21,4
5780;21,1
5781;20,8
5782;20,5
5783;20,1
5784;20
5785;19,9
5786;19,8
5787;19,8
5788;19,8
5789;19,8
5790;20,4
5791;21,4
5792;22,4
5793;23,2
5794;24,1
5795;24,8
5796;25,5
5797;26
5798;26,3
5799;26,4
5800;26,2
5801;25,7
5802;25,1
5803;24,4
5804;23,7
5805;23
5806;22,2
5807;21,7
5808;20,9
5809;20,3
5810;19,9
5811;19,5
5812;19,3
5813;19,3
5814;19,7
5815;20,3
5816;21
5817;21,6
5818;22,3
5819;22,9
5820;23,3
5821;23,6
5822;23,7
5823;23,7
5824;23,5
5825;23,1
5826;22,6
5827;22,1
5828;20,6
5829;19,7
5830;18,8
5831;17,8
5832;16,9
5833;15,9
5834;15
5835;14,4
5836;14
5837;13,9
5838;15,1
5839;16,9
5840;19,2
5841;20,5
5842;21,7
5843;22,1
5844;23,1
5845;23,8
5846;24,5
5847;25,1
5848;24,7
5849;23,8
5850;22,5
5851;21,3
5852;20,5
5853;19,7
5854;18,9
5855;18,2
5856;17,9
5857;17,6
5858;17,4
5859;17,3
5860;17,2
5861;16,8
5862;17,8
5863;18,5
5864;19,2
5865;20,1
5866;21,1
5867;22
5868;23,1
5869;23,8
5870;24,1
5871;24,3
5872;24,2
5873;23,6
5874;22,8
5875;21,8
5876;20,6
5877;19,7
5878;18,7
5879;17,7
5880;16,6
5881;15,5
5882;14,9
5883;14,3
5884;13,9
5885;13,9
5886;14,4
5887;15,9
5888;17,6
5889;18,4
5890;19,6
5891;20
5892;21
5893;21,7
5894;22,8
5895;23,7
5896;23,6
5897;22,8
5898;21,6
5899;20,2
5900;18,9
5901;17,5
5902;16,2
5903;14,9
5904;13,8
5905;12,6
5906;12
5907;11,4
5908;11
5909;11
5910;12,4
5911;14,3
5912;15,8
5913;17,2
5914;18,1
5915;19,1
5916;19,6
5917;20,5
5918;21,5
5919;21,9
5920;21,8
5921;21
5922;19,6
5923;18,1
5924;16,6
5925;15,1
5926;13,6
5927;12,1
5928;11
5929;9,8
5930;9,2
5931;8,5
5932;8,1
5933;8
5934;9,5
5935;11,6
5936;14,1
5937;16,5
5938;18,6
5939;20,5
5940;22
5941;23
5942;23,4
5943;23,4
5944;22,7
5945;21,3
5946;19,4
5947;18,1
5948;16,7
5949;15,4
5950;14,1
5951;12,7
5952;11,9
5953;11,1
5954;10,6
5955;10,2
5956;9,9
5957;9,9
5958;10,9
5959;13
5960;15,2
5961;16,1
5962;16,2
5963;17,6
5964;17,5
5965;16,9
5966;16,5
5967;15,5
5968;14,9
5969;14,3
5970;13,6
5971;12,7
5972;11,8
5973;10,9
5974;10
5975;9,2
5976;8,4
5977;7,5
5978;7
5979;6,5
5980;6,2
5981;6,1
5982;7,6
5983;9,8
5984;12,3
5985;14,7
5986;16,9
5987;18,8
5988;20,2
5989;21,1
5990;21,6
5991;21,5
5992;20,7
5993;19,3
5994;17,4
5995;16,5
5996;15,6
5997;14,7
5998;13,8
5999;13
6000;12,5
6001;12,1
6002;11,9
6003;11,7
6004;11,5
6005;11,5
6006;12
6007;12,5
6008;13,4
6009;14,1
6010;14,8
6011;15,4
6012;15,8
6013;16,1
6014;16,2
6015;16,1
6016;15,8
6017;15,3
6018;14,9
6019;14,2
6020;13,4
6021;12,2
6022;11,9
6023;11,3
6024;10,6
6025;9,9
6026;9,6
6027;9,3
6028;9
6029;9
6030;9,9
6031;11,3
6032;13
6033;13,5
6034;14,4
6035;15,5
6036;16,5
6037;17,2
6038;17,3
6039;17,6
6040;17,2
6041;16,3
6042;15,3
6043;14
6044;12,8
6045;11,5
6046;10,3
6047;9
6048;7,8
6049;6,6
6050;5,9
6051;5,2
6052;4,7
6053;4,6
6054;5,9
6055;8
6056;10,4
6057;12,7
6058;14,9
6059;16,7
6060;18,1
6061;19
6062;19,4
6063;19,3
6064;18,5
6065;17,1
6066;15,2
6067;14,2
6068;13,2
6069;12,3
6070;11,3
6071;10,3
6072;9,9
6073;9,5
6074;9,3
6075;9,1
6076;8,9
6077;8,9
6078;9,5
6079;10,4
6080;11,6
6081;12,8
6082;13,7
6083;14,7
6084;15,4
6085;15,9
6086;16,1
6087;15,9
6088;15,5
6089;14,8
6090;13,9
6091;13
6092;12,7
6093;12,1
6094;11,5
6095;10,9
6096;10,3
6097;9,8
6098;9,5
6099;9,2
6100;9
6101;9
6102;9,8
6103;11,2
6104;11,8
6105;12,7
6106;14,1
6107;15,5
6108;16,3
6109;16,9
6110;17,8
6111;18,2
6112;18,5
6113;18
6114;16,9
6115;15,8
6116;14,8
6117;13,7
6118;12,7
6119;11,6
6120;10,7
6121;9,7
6122;9,2
6123;8,6
6124;8,3
6125;8,2
6126;8,8
6127;9,8
6128;11
6129;12,1
6130;13
6131;14
6132;14,7
6133;15,2
6134;15,4
6135;15,3
6136;14,7
6137;13,9
6138;13
6139;12,1
6140;11,3
6141;10,4
6142;9,5
6143;8,6
6144;8
6145;7,4
6146;7,1
6147;6,8
6148;6,5
6149;6,5
6150;7,4
6151;8,9
6152;10,4
6153;12
6154;13,7
6155;15
6156;15,8
6157;16,3
6158;16,4
6159;16,2
6160;15,6
6161;14,6
6162;13,4
6163;12,4
6164;11,5
6165;10,5
6166;9,5
6167;8,5
6168;7,7
6169;6,8
6170;6,4
6171;5,9
6172;5,6
6173;5,5
6174;6,4
6175;7,9
6176;9,5
6177;11,2
6178;12,8
6179;14
6180;15
6181;15,6
6182;15,9
6183;15,8
6184;15,2
6185;14,1
6186;12,9
6187;11,7
6188;10,5
6189;9,4
6190;8,2
6191;7
6192;6,1
6193;5,1
6194;4,6
6195;4
6196;3,7
6197;3,6
6198;4,5
6199;6,3
6200;8,5
6201;10,6
6202;12,6
6203;14,2
6204;15,5
6205;16,3
6206;16,7
6207;16,6
6208;15,8
6209;14,5
6210;12,8
6211;11,9
6212;10,9
6213;10
6214;9
6215;8,1
6216;7,6
6217;7
6218;6,8
6219;6,5
6220;6,3
6221;6,3
6222;6,7
6223;7,7
6224;8,9
6225;10,1
6226;11
6227;11,9
6228;12,5
6229;12,8
6230;12,9
6231;12,8
6232;12,4
6233;11,7
6234;10,8
6235;10,3
6236;9,6
6237;8,9
6238;8,2
6239;7,5
6240;7,1
6241;6,6
6242;6,2
6243;5,9
6244;5,7
6245;5,6
6246;5,8
6247;7
6248;8,4
6249;9,9
6250;10,2
6251;11,2
6252;12,2
6253;12,6
6254;12,8
6255;11,7
6256;10,9
6257;10,1
6258;9,4
6259;9,1
6260;8,9
6261;8,7
6262;8,5
6263;8,3
6264;8,1
6265;8
6266;7,8
6267;7,5
6268;7,7
6269;7,7
6270;7,9
6271;8,2
6272;8,4
6273;8,8
6274;10,8
6275;11,9
6276;13,1
6277;14,5
6278;15,2
6279;15,2
6280;14,5
6281;13,6
6282;12,9
6283;12,5
6284;12
6285;11,6
6286;11,1
6287;10,7
6288;10
6289;9,3
6290;8,6
6291;8,2
6292;7,8
6293;7,5
6294;7,9
6295;9,7
6296;11,4
6297;12,8
6298;14,1
6299;15
6300;15,7
6301;16,1
6302;16
6303;15,6
6304;14,9
6305;13,8
6306;12,7
6307;12,3
6308;11,9
6309;11,4
6310;11
6311;10,5
6312;10,4
6313;10,3
6314;10,1
6315;10,1
6316;10,1
6317;10
6318;10,6
6319;13
6320;14,1
6321;16
6322;18,8
6323;19,3
6324;20
6325;19,6
6326;19,1
6327;18,8
6328;17,8
6329;16,8
6330;15,8
6331;15,3
6332;14,7
6333;14,2
6334;13,7
6335;13,1
6336;12,5
6337;11,8
6338;11,2
6339;10,9
6340;10,5
6341;10,3
6342;10,7
6343;12,9
6344;14,5
6345;17,1
6346;18,5
6347;19,3
6348;19,2
6349;18,3
6350;17,9
6351;17,4
6352;16,4
6353;15,4
6354;14,6
6355;13,7
6356;12,9
6357;12
6358;11,2
6359;10,3
6360;9,4
6361;8,3
6362;7,3
6363;6,7
6364;6,2
6365;5,8
6366;6,1
6367;8,7
6368;11,1
6369;13,4
6370;15,4
6371;16,9
6372;18,1
6373;18,7
6374;18,9
6375;18,4
6376;17,3
6377;15,7
6378;13,9
6379;13,8
6380;13,7
6381;13,6
6382;13,5
6383;13,5
6384;13,9
6385;14,4
6386;14,7
6387;15,1
6388;15,4
6389;15,6
6390;15,6
6391;15,6
6392;15,3
6393;16,5
6394;17,1
6395;17,6
6396;17,8
6397;17,9
6398;18
6399;18
6400;17,9
6401;17,7
6402;17,4
6403;17,4
6404;17,3
6405;17,1
6406;17,1
6407;16,8
6408;16,2
6409;15,3
6410;14,3
6411;13,8
6412;13,2
6413;12,9
6414;12,8
6415;12,9
6416;13
6417;13,1
6418;13,2
6419;13,3
6420;13,3
6421;13,3
6422;13,2
6423;13
6424;12,8
6425;12,4
6426;12,3
6427;12,3
6428;12,3
6429;11,6
6430;12,1
6431;12
6432;12,2
6433;12,7
6434;12,8
6435;13,1
6436;12,7
6437;13,6
6438;13,8
6439;14,4
6440;14,9
6441;15,4
6442;15,9
6443;16,3
6444;16,6
6445;16,8
6446;16,9
6447;16,9
6448;16,7
6449;16,4
6450;16,1
6451;16
6452;15,8
6453;15,6
6454;15,3
6455;15,2
6456;14,9
6457;14,5
6458;14,2
6459;14
6460;13,7
6461;13,6
6462;14
6463;14,9
6464;15,8
6465;16,6
6466;17,7
6467;18,8
6468;20,1
6469;20,6
6470;20,6
6471;20,9
6472;20,8
6473;20
6474;19,1
6475;18,7
6476;18,3
6477;17,9
6478;17,5
6479;17,1
6480;16,8
6481;16,6
6482;16,4
6483;16,2
6484;16,1
6485;16,1
6486;16,3
6487;17,2
6488;18,3
6489;19,5
6490;20,7
6491;21,3
6492;22,1
6493;22,5
6494;22,5
6495;22,2
6496;21,6
6497;20,9
6498;19,9
6499;19,3
6500;18,5
6501;17,7
6502;16,9
6503;16,1
6504;15,2
6505;14,2
6506;13,2
6507;12,7
6508;12,1
6509;11,7
6510;11,8
6511;12,4
6512;13,2
6513;14,1
6514;14,9
6515;15,4
6516;15,8
6517;15,9
6518;15,7
6519;15,3
6520;14,7
6521;14
6522;13,7
6523;13,4
6524;13,1
6525;12,7
6526;12,2
6527;12,3
6528;12,3
6529;12,5
6530;12,6
6531;12,8
6532;12,9
6533;13
6534;13,2
6535;14,1
6536;16,1
6537;17,9
6538;19,5
6539;21,6
6540;23,1
6541;23,7
6542;23,9
6543;23,9
6544;23,6
6545;22,4
6546;21,1
6547;19,7
6548;18,4
6549;17,1
6550;15,2
6551;13,2
6552;11,2
6553;9,3
6554;7,3
6555;6
6556;4,7
6557;3,8
6558;3,8
6559;5,7
6560;7,3
6561;9
6562;10,7
6563;12,3
6564;13,5
6565;14,2
6566;14,5
6567;14
6568;12,7
6569;11
6570;9,8
6571;8,5
6572;7,3
6573;6,1
6574;4,9
6575;3,7
6576;3,2
6577;2,8
6578;2,3
6579;2,1
6580;1,8
6581;1,7
6582;1,9
6583;4,5
6584;7,3
6585;10
6586;12,8
6587;14,9
6588;16,1
6589;16,9
6590;17
6591;16,3
6592;14,7
6593;12,7
6594;12
6595;11,2
6596;10,5
6597;9,8
6598;9,1
6599;8,4
6600;7,7
6601;7
6602;6,3
6603;6
6604;5,6
6605;5,3
6606;5,4
6607;5,8
6608;7,3
6609;9,1
6610;11,1
6611;12,6
6612;13,6
6613;14,3
6614;14,6
6615;14,2
6616;13,9
6617;12,6
6618;12,1
6619;11,7
6620;11,2
6621;10,8
6622;10,3
6623;9,9
6624;9,7
6625;9,5
6626;9,3
6627;9,2
6628;9,1
6629;9
6630;9,1
6631;9,6
6632;10
6633;11,2
6634;11,9
6635;12,4
6636;12,8
6637;13
6638;13
6639;12,9
6640;12,5
6641;12
6642;11,5
6643;11,1
6644;10,6
6645;10,3
6646;9,8
6647;9,4
6648;8,9
6649;8,4
6650;7,9
6651;7,6
6652;7,3
6653;7,2
6654;7,2
6655;8,4
6656;10
6657;11,7
6658;13,2
6659;14
6660;14,9
6661;15,2
6662;15,3
6663;14,9
6664;14
6665;12,9
6666;12,5
6667;12
6668;11,6
6669;11,1
6670;10,7
6671;10,2
6672;9,9
6673;9,6
6674;9,3
6675;9,1
6676;9
6677;8,8
6678;8,9
6679;10,6
6680;12,4
6681;14,3
6682;16
6683;17,3
6684;18
6685;18,4
6686;18,3
6687;17,7
6688;16,7
6689;15,5
6690;15
6691;14,5
6692;14
6693;13,5
6694;13
6695;12,5
6696;12
6697;11,6
6698;11,1
6699;10,9
6700;10,6
6701;10,5
6702;10,6
6703;11,7
6704;12,2
6705;14,4
6706;15,2
6707;16,5
6708;16,3
6709;16,7
6710;17,9
6711;18,6
6712;18,6
6713;17,5
6714;16,7
6715;15,9
6716;15,2
6717;14,4
6718;13,6
6719;12,9
6720;12,1
6721;11,4
6722;10,6
6723;10,2
6724;9,8
6725;9,5
6726;9,5
6727;10,9
6728;12,2
6729;13,3
6730;14,4
6731;15,5
6732;16,4
6733;17
6734;17,1
6735;16,6
6736;15,9
6737;14,9
6738;14,2
6739;13,6
6740;12,9
6741;12,3
6742;11,7
6743;11
6744;10,6
6745;10,2
6746;9,8
6747;9,7
6748;9,6
6749;9,5
6750;9,7
6751;11,5
6752;13,8
6753;15,8
6754;17,8
6755;19,4
6756;20,8
6757;20,5
6758;20,5
6759;20,5
6760;20,7
6761;19,3
6762;18,6
6763;17,8
6764;17
6765;16,2
6766;15,5
6767;14,7
6768;13,4
6769;12,1
6770;10,7
6771;10
6772;9,3
6773;8,8
6774;8,8
6775;10,1
6776;12,1
6777;14,6
6778;16,3
6779;17,6
6780;18,6
6781;19,1
6782;19,3
6783;18,8
6784;17,8
6785;16,2
6786;15,4
6787;14,5
6788;13,6
6789;12,8
6790;11,9
6791;11
6792;10,6
6793;10,1
6794;9,6
6795;9,4
6796;9,1
6797;8,9
6798;8,9
6799;9,8
6800;11,1
6801;12,4
6802;13,5
6803;14,5
6804;15,5
6805;16
6806;16,2
6807;16
6808;15,2
6809;14,2
6810;13,9
6811;13,6
6812;13,3
6813;13
6814;12,6
6815;12,4
6816;12,2
6817;12
6818;11,9
6819;11,8
6820;11,7
6821;11,7
6822;11,8
6823;12,1
6824;13
6825;14,8
6826;16
6827;17,2
6828;18,2
6829;18,5
6830;18,6
6831;18,8
6832;18,4
6833;17,5
6834;16,9
6835;16,2
6836;15,5
6837;14,9
6838;14,2
6839;13,5
6840;12,8
6841;12
6842;11,2
6843;10,8
6844;10,4
6845;10,2
6846;10,1
6847;11
6848;12,2
6849;13,4
6850;14,3
6851;15,1
6852;15,7
6853;16
6854;16,1
6855;15,9
6856;15,2
6857;14,4
6858;13,6
6859;12,8
6860;12
6861;11,2
6862;10,3
6863;9,5
6864;8,8
6865;8,1
6866;7,4
6867;7,1
6868;6,7
6869;6,5
6870;6,5
6871;7,7
6872;9,5
6873;11,1
6874;12,4
6875;13,6
6876;14,5
6877;15
6878;15,1
6879;14,5
6880;13,6
6881;12,4
6882;11,6
6883;10,7
6884;9,8
6885;9
6886;8,1
6887;7,2
6888;6,4
6889;5,5
6890;4,7
6891;4,2
6892;3,7
6893;3,4
6894;3,4
6895;5
6896;7,4
6897;9,9
6898;12,1
6899;13,9
6900;15,2
6901;15,9
6902;16
6903;15,2
6904;13,8
6905;12,1
6906;11,6
6907;11
6908;10,5
6909;10
6910;9,5
6911;9
6912;8,7
6913;8,5
6914;8,3
6915;8,2
6916;8,1
6917;8
6918;8
6919;8,4
6920;9
6921;9,6
6922;10,1
6923;10,4
6924;10,9
6925;12,6
6926;13,6
6927;13,8
6928;13,4
6929;12,6
6930;12,4
6931;12,2
6932;11,9
6933;11,7
6934;11,5
6935;11,3
6936;11
6937;10,7
6938;10,4
6939;10,3
6940;10,2
6941;10,2
6942;10,2
6943;10,4
6944;10,6
6945;10,9
6946;11,1
6947;11
6948;11,4
6949;13,1
6950;14,1
6951;14,4
6952;14,3
6953;13,8
6954;13,2
6955;12,7
6956;12,1
6957;11,5
6958;10,9
6959;10,4
6960;9,5
6961;8,6
6962;7,6
6963;7,1
6964;6,6
6965;6,3
6966;6,2
6967;7,4
6968;9,5
6969;11,6
6970;13,3
6971;14,9
6972;16,1
6973;16,6
6974;16,7
6975;16,1
6976;14,8
6977;13,3
6978;12,9
6979;12,5
6980;12,2
6981;11,8
6982;11,4
6983;11
6984;11
6985;10,9
6986;10,9
6987;10,8
6988;10,9
6989;10,8
6990;10,9
6991;11,2
6992;11,7
6993;12,3
6994;12,8
6995;13,3
6996;13,6
6997;13,8
6998;14
6999;13,8
7000;13,6
7001;13,2
7002;12,7
7003;12,6
7004;12,2
7005;11,6
7006;10,9
7007;11,2
7008;10,8
7009;10,6
7010;10,2
7011;10
7012;9,9
7013;9,8
7014;9,8
7015;9,9
7016;10,4
7017;11,4
7018;12,2
7019;13,4
7020;13,8
7021;14,5
7022;15,1
7023;15,3
7024;14,8
7025;14,2
7026;13,4
7027;12,7
7028;12
7029;11,3
7030;10,6
7031;9,8
7032;9
7033;8,1
7034;7,2
7035;6,7
7036;6,2
7037;5,9
7038;5,9
7039;6,3
7040;7,6
7041;9
7042;9,6
7043;10
7044;10
7045;9,8
7046;9,8
7047;9,2
7048;8,8
7049;8,2
7050;7,6
7051;7
7052;6,4
7053;5,8
7054;5,2
7055;4,6
7056;4,2
7057;3,9
7058;3,5
7059;3,3
7060;3,1
7061;3
7062;3
7063;4,2
7064;6,3
7065;8,5
7066;10,6
7067;12,4
7068;13,6
7069;14,3
7070;14,5
7071;13,8
7072;12,6
7073;11,1
7074;10,6
7075;10,1
7076;9,5
7077;9
7078;8,5
7079;8
7080;7,5
7081;6,9
7082;6,4
7083;6,1
7084;5,9
7085;5,7
7086;5,7
7087;5,8
7088;6
7089;6,4
7090;6,5
7091;7,1
7092;7,5
7093;8,9
7094;9,7
7095;9,9
7096;9,6
7097;9,1
7098;8,5
7099;8
7100;7,5
7101;7
7102;6,5
7103;5,9
7104;5,4
7105;4,9
7106;4,4
7107;4,2
7108;3,9
7109;3,7
7110;3,6
7111;4,4
7112;6,8
7113;8,9
7114;10,6
7115;12,2
7116;13,1
7117;13,3
7118;13
7119;12,1
7120;10,8
7121;9,5
7122;9
7123;8,6
7124;8,2
7125;7,8
7126;7,3
7127;6,9
7128;6,6
7129;6,2
7130;5,8
7131;5,6
7132;5,4
7133;5,3
7134;5,2
7135;5,2
7136;5,2
7137;5,7
7138;5,9
7139;6
7140;6,1
7141;7,5
7142;8,3
7143;8,4
7144;8
7145;7,8
7146;7,5
7147;7,3
7148;7,1
7149;6,9
7150;6,7
7151;6,5
7152;6,3
7153;6,2
7154;6
7155;5,9
7156;5,8
7157;5,8
7158;5,7
7159;5,9
7160;6,6
7161;7,1
7162;7,7
7163;8,1
7164;8,3
7165;8,4
7166;8,4
7167;8,2
7168;7,8
7169;7,5
7170;7,3
7171;7
7172;6,7
7173;6,1
7174;6,2
7175;5,8
7176;5,7
7177;5,5
7178;5,2
7179;5,1
7180;5
7181;4,9
7182;4,8
7183;5
7184;5,7
7185;6,3
7186;6,8
7187;7,1
7188;7,4
7189;7,4
7190;7,4
7191;7,2
7192;6,7
7193;6,5
7194;6,2
7195;5,9
7196;5,6
7197;5,3
7198;4,9
7199;4,4
7200;4,5
7201;4,3
7202;4
7203;3,9
7204;3,9
7205;3,8
7206;3,7
7207;4,1
7208;5,1
7209;6,3
7210;7,2
7211;7,9
7212;8,1
7213;7,6
7214;7
7215;6,6
7216;6,1
7217;5,8
7218;5,5
7219;5,1
7220;4,8
7221;4,3
7222;4,2
7223;3,9
7224;3,4
7225;2,9
7226;2,4
7227;2,1
7228;1,9
7229;1,7
7230;1,5
7231;1,9
7232;4,2
7233;4,8
7234;4,9
7235;4,9
7236;5,9
7237;6,3
7238;6,3
7239;5,7
7240;4,9
7241;4,6
7242;4,3
7243;4
7244;3,7
7245;3,4
7246;3,1
7247;2,8
7248;2,6
7249;2,6
7250;2,5
7251;2,5
7252;2,4
7253;2,4
7254;2,5
7255;2,7
7256;4
7257;3,8
7258;4,3
7259;6,4
7260;7,9
7261;8,2
7262;8,4
7263;7,9
7264;7,1
7265;6,6
7266;6,1
7267;5,6
7268;5,1
7269;4,6
7270;4,1
7271;3,6
7272;2,9
7273;2,1
7274;1,4
7275;0,9
7276;0,5
7277;0,3
7278;0
7279;0,2
7280;1,5
7281;2,5
7282;3,7
7283;4,9
7284;5,6
7285;6,4
7286;6,6
7287;6
7288;4,9
7289;4,4
7290;3,8
7291;3,2
7292;2,6
7293;2
7294;1,4
7295;0,9
7296;0,4
7297;0
7298;-0,4
7299;-0,6
7300;-0,8
7301;-1
7302;-1,1
7303;-0,9
7304;0,5
7305;1,7
7306;2,6
7307;3,5
7308;4,1
7309;4,3
7310;4
7311;3,4
7312;2,5
7313;2,2
7314;1,8
7315;1,5
7316;1,1
7317;0,8
7318;0,4
7319;0,1
7320;-0,2
7321;-0,6
7322;-0,9
7323;-1,1
7324;-1,4
7325;-1,6
7326;-1,7
7327;-1,7
7328;-1,5
7329;-1,2
7330;-1
7331;-0,8
7332;-0,7
7333;-0,7
7334;-0,8
7335;-1,1
7336;-1,4
7337;-1,1
7338;-0,6
7339;-0,4
7340;-0,3
7341;0,6
7342;0,9
7343;1,3
7344;1,3
7345;1,9
7346;2,2
7347;2,5
7348;2,7
7349;2,9
7350;3
7351;3,2
7352;4,1
7353;5,2
7354;5,9
7355;6,6
7356;7
7357;7,2
7358;7,2
7359;6,9
7360;6,4
7361;6,1
7362;5,9
7363;5,7
7364;5,5
7365;5,2
7366;5
7367;4,8
7368;3,8
7369;2,7
7370;1,6
7371;1
7372;0,4
7373;-0,1
7374;-0,5
7375;-0,6
7376;-0,4
7377;0
7378;0,3
7379;0,5
7380;0,7
7381;0,7
7382;0,6
7383;0,3
7384;-0,1
7385;-0,5
7386;-0,7
7387;-1,1
7388;-1,4
7389;-1,7
7390;-2
7391;-2,4
7392;-2,3
7393;-2,1
7394;-2
7395;-1,9
7396;-1,9
7397;-1,9
7398;-1,8
7399;-1,8
7400;-1
7401;-0,1
7402;1
7403;1,8
7404;2,3
7405;2,5
7406;2,5
7407;2,1
7408;1,4
7409;1,8
7410;2,2
7411;2,7
7412;3,1
7413;3,5
7414;4
7415;4,4
7416;4,5
7417;4,6
7418;4,8
7419;4,8
7420;4,9
7421;5
7422;5,1
7423;5,2
7424;6,3
7425;7,6
7426;8,6
7427;9,2
7428;9,5
7429;9,9
7430;9,9
7431;9,6
7432;8,9
7433;8,6
7434;8,3
7435;8
7436;7,7
7437;7,4
7438;7,1
7439;6,8
7440;6,4
7441;5,9
7442;5,4
7443;5,1
7444;4,9
7445;4,7
7446;4,5
7447;4,6
7448;5,8
7449;6,6
7450;7,7
7451;8,7
7452;9,6
7453;9,6
7454;9,3
7455;8,4
7456;7,6
7457;7,4
7458;7,3
7459;7,2
7460;7,1
7461;7
7462;6,9
7463;6,8
7464;6,8
7465;6,7
7466;6,8
7467;6,9
7468;6,9
7469;6,9
7470;7
7471;7,1
7472;7,3
7473;7,6
7474;7,9
7475;8
7476;8,2
7477;7,9
7478;7,3
7479;7,9
7480;7,8
7481;8
7482;7,9
7483;7,8
7484;7,7
7485;7,7
7486;7,6
7487;7,6
7488;7,5
7489;7,4
7490;7,3
7491;7,3
7492;7
7493;7,2
7494;7,2
7495;7,3
7496;8
7497;8,6
7498;9,1
7499;9,5
7500;9,7
7501;9,9
7502;9,9
7503;9,7
7504;9,3
7505;9
7506;8,7
7507;8,5
7508;8,2
7509;7,8
7510;7,6
7511;7,4
7512;7,1
7513;6,7
7514;6,4
7515;6,2
7516;6,1
7517;6
7518;5,9
7519;5,9
7520;7,6
7521;7,4
7522;8,1
7523;9,4
7524;12,3
7525;13
7526;13,1
7527;13
7528;11,8
7529;11,5
7530;11,1
7531;10,8
7532;10,4
7533;10,1
7534;9,7
7535;9,4
7536;9,1
7537;8,7
7538;8,4
7539;8,2
7540;8
7541;7,8
7542;7,7
7543;7,7
7544;8,3
7545;8,9
7546;9,4
7547;9,7
7548;9,9
7549;10
7550;10
7551;9,8
7552;9,4
7553;9,1
7554;8,8
7555;8,6
7556;8,3
7557;8
7558;7,8
7559;7,3
7560;7,3
7561;7
7562;6,9
7563;6,9
7564;6,8
7565;6,7
7566;6,7
7567;6,7
7568;7,2
7569;7,8
7570;8,4
7571;8,9
7572;9,2
7573;9,3
7574;9,3
7575;9
7576;8,6
7577;8,5
7578;8,4
7579;8,4
7580;8,3
7581;8,2
7582;8,2
7583;8,1
7584;8,1
7585;8,1
7586;8,2
7587;8,2
7588;8,3
7589;8,3
7590;8,4
7591;8,4
7592;9,3
7593;10,1
7594;10,8
7595;11,4
7596;11,9
7597;12,3
7598;12,4
7599;12,1
7600;11,5
7601;11,2
7602;10,8
7603;10,5
7604;10,1
7605;9,8
7606;9,4
7607;9,1
7608;8,4
7609;7,8
7610;7,3
7611;7,1
7612;6,8
7613;6,7
7614;6,6
7615;6,7
7616;8,3
7617;10,3
7618;12
7619;13,5
7620;14,6
7621;14,3
7622;14,3
7623;14,9
7624;13,7
7625;13,3
7626;12,9
7627;12,4
7628;12
7629;11,6
7630;11,2
7631;10,8
7632;10
7633;9,3
7634;8,7
7635;8,4
7636;8,1
7637;8
7638;7,9
7639;8
7640;9,6
7641;11,5
7642;13,3
7643;14,6
7644;14,3
7645;14,3
7646;14,3
7647;15,2
7648;14,2
7649;13,8
7650;13,3
7651;12,8
7652;12,4
7653;11,9
7654;11,4
7655;10,9
7656;9,9
7657;8,9
7658;7,9
7659;7,4
7660;6,8
7661;6,5
7662;6,2
7663;6,2
7664;7,8
7665;9,7
7666;11,5
7667;13
7668;14
7669;14,4
7670;14,3
7671;13,4
7672;12,1
7673;11,2
7674;10,3
7675;9,3
7676;8,4
7677;7,5
7678;6,6
7679;5,7
7680;4,7
7681;3,7
7682;2,7
7683;2,2
7684;1,7
7685;1,4
7686;1
7687;1
7688;2,9
7689;5,3
7690;7,7
7691;9,7
7692;11,1
7693;11,8
7694;11,8
7695;10,6
7696;8,8
7697;7,9
7698;6,9
7699;6
7700;5,1
7701;4,2
7702;3,2
7703;2,3
7704;1,5
7705;0,7
7706;-0,1
7707;-0,6
7708;-1
7709;-1,2
7710;-1,5
7711;-1,5
7712;0,3
7713;2,7
7714;5,4
7715;7,3
7716;8,7
7717;9,4
7718;9,3
7719;8,1
7720;6,4
7721;5,7
7722;5,1
7723;4,4
7724;3,7
7725;3,1
7726;2,4
7727;1,7
7728;1,1
7729;0,5
7730;-0,2
7731;-0,6
7732;-0,9
7733;-1,2
7734;-1,5
7735;-1,5
7736;0,1
7737;2,3
7738;4,4
7739;6,2
7740;7,4
7741;7,9
7742;7,6
7743;6,4
7744;4,9
7745;4,7
7746;4,5
7747;4,3
7748;4,1
7749;4
7750;3,8
7751;3,6
7752;3,6
7753;3,7
7754;3,8
7755;3,9
7756;3,9
7757;4
7758;4,1
7759;4,1
7760;5,1
7761;6,1
7762;7,4
7763;8
7764;8,7
7765;9
7766;8,8
7767;8,4
7768;7,7
7769;7,4
7770;7,1
7771;6,7
7772;6,4
7773;6,1
7774;5,7
7775;5,4
7776;4,8
7777;4,2
7778;3,6
7779;3,3
7780;2,9
7781;2,7
7782;2,5
7783;2,4
7784;3,2
7785;4,3
7786;5,3
7787;5,9
7788;6,2
7789;6,1
7790;5,4
7791;4,7
7792;4,1
7793;4
7794;4
7795;3,9
7796;3,8
7797;3,8
7798;3,7
7799;3,6
7800;3,8
7801;4
7802;4,1
7803;4,2
7804;4,3
7805;4,4
7806;4,5
7807;4,5
7808;5
7809;5,6
7810;6,2
7811;6,8
7812;7,1
7813;7,3
7814;7,2
7815;6,9
7816;6,6
7817;6,5
7818;6,4
7819;6,3
7820;6,3
7821;5,9
7822;6,1
7823;6,1
7824;5,8
7825;5,6
7826;5,5
7827;5,3
7828;5,3
7829;5,2
7830;5,2
7831;5,2
7832;5,5
7833;6,1
7834;6,4
7835;6,5
7836;6,6
7837;8,2
7838;8,9
7839;8,9
7840;8,3
7841;7,9
7842;7,4
7843;7
7844;6,6
7845;6,1
7846;5,7
7847;5,2
7848;4,5
7849;3,8
7850;3
7851;2,6
7852;2,2
7853;2
7854;1,7
7855;1,6
7856;2,8
7857;5,2
7858;7,1
7859;8,4
7860;9,4
7861;9,6
7862;9,1
7863;8,2
7864;6,9
7865;6,5
7866;6,1
7867;5,7
7868;5,2
7869;4,8
7870;4,4
7871;3,9
7872;3,7
7873;3,4
7874;3,2
7875;3
7876;2,9
7877;2,8
7878;2,8
7879;2,8
7880;3
7881;3,2
7882;3,5
7883;3,9
7884;4,2
7885;6,2
7886;7
7887;7
7888;6,3
7889;6,1
7890;5,8
7891;5,6
7892;5,4
7893;5,1
7894;4,9
7895;4,7
7896;4,4
7897;4,1
7898;3,8
7899;3,7
7900;3,5
7901;3,4
7902;3,3
7903;3,3
7904;3,4
7905;3,8
7906;4
7907;4,3
7908;4,5
7909;4,5
7910;4,5
7911;4,3
7912;4,1
7913;3,9
7914;3,6
7915;3,4
7916;3,1
7917;2,8
7918;2,6
7919;2
7920;2,3
7921;2,1
7922;1,8
7923;1,5
7924;1,8
7925;1,7
7926;1,7
7927;1,6
7928;1,7
7929;2,2
7930;2,6
7931;2,9
7932;3
7933;3,1
7934;3
7935;2,8
7936;2,5
7937;2,4
7938;2,3
7939;2,2
7940;2,1
7941;2
7942;1,9
7943;1,8
7944;1,7
7945;1,7
7946;1,6
7947;1,6
7948;1,6
7949;1,6
7950;1,6
7951;1,6
7952;1,8
7953;2,6
7954;3,2
7955;3,6
7956;3,9
7957;4,1
7958;4
7959;3,7
7960;3,3
7961;3,2
7962;3
7963;2,9
7964;2,7
7965;2,6
7966;2,3
7967;2,3
7968;2,1
7969;1,8
7970;1,5
7971;1,4
7972;1,2
7973;1
7974;0,9
7975;0,8
7976;0,8
7977;1,2
7978;1,6
7979;1,8
7980;1,9
7981;1,9
7982;1,8
7983;1,5
7984;1,2
7985;1,5
7986;1,9
7987;2,2
7988;2,6
7989;2,9
7990;3,1
7991;3,7
7992;3,9
7993;4,1
7994;4,4
7995;4,5
7996;4,7
7997;4,8
7998;4,9
7999;5
8000;5,3
8001;5,8
8002;6,2
8003;6,8
8004;7,1
8005;7,2
8006;7,1
8007;6,7
8008;6,7
8009;6,6
8010;6,5
8011;6,6
8012;6,5
8013;6,5
8014;5,1
8015;4,7
8016;4
8017;3,1
8018;2,3
8019;1,5
8020;0,8
8021;0
8022;-0,6
8023;-1,1
8024;-1,1
8025;-0,5
8026;-0,1
8027;0,1
8028;0,2
8029;-0,1
8030;-0,5
8031;-1
8032;-1,4
8033;-2,1
8034;-2,9
8035;-3,6
8036;-4,3
8037;-5,1
8038;-5,8
8039;-6,5
8040;-6,8
8041;-6,9
8042;-7,1
8043;-7,1
8044;-7,2
8045;-7,2
8046;-7,2
8047;-7,3
8048;-6,6
8049;-3,4
8050;-0,8
8051;1,2
8052;2,6
8053;3,3
8054;3,1
8055;1,8
8056;0,1
8057;-0,4
8058;-0,9
8059;-1,4
8060;-1,9
8061;-2,4
8062;-2,9
8063;-3,4
8064;-4,1
8065;-4,9
8066;-5,7
8067;-6,2
8068;-6,6
8069;-7
8070;-7,4
8071;-7,7
8072;-7,2
8073;-4,5
8074;-2
8075;-0,2
8076;0,8
8077;1
8078;0,4
8079;-1,1
8080;-2,7
8081;-2,7
8082;-2,6
8083;-2,6
8084;-2,6
8085;-2,6
8086;-2,6
8087;-2,6
8088;-2,3
8089;-2
8090;-1,7
8091;-1,5
8092;-1,2
8093;-1
8094;-0,8
8095;-0,7
8096;-0,4
8097;0
8098;0,4
8099;0,7
8100;0,9
8101;3
8102;3,9
8103;3,8
8104;3
8105;3
8106;2,7
8107;2,6
8108;2,3
8109;2,1
8110;1,9
8111;1,7
8112;1,1
8113;0,5
8114;-0,1
8115;-0,5
8116;-0,8
8117;-1,1
8118;-1,4
8119;-1,6
8120;-1,5
8121;-0,6
8122;1,3
8123;2
8124;2,8
8125;3,5
8126;3,5
8127;2,5
8128;1,6
8129;1,3
8130;0,9
8131;0,6
8132;0,2
8133;-0,1
8134;-0,4
8135;-0,8
8136;-0,9
8137;-1,1
8138;-1,3
8139;-1,5
8140;-1,6
8141;-1,7
8142;-1,8
8143;-1,8
8144;-1,8
8145;-1,5
8146;-1,2
8147;-1,1
8148;-0,9
8149;-0,9
8150;-1
8151;-1,2
8152;-1,4
8153;-1,5
8154;-1,7
8155;-1,5
8156;-1,6
8157;-1,6
8158;-1,7
8159;-1,8
8160;-1,7
8161;-1,6
8162;-1,5
8163;-1,4
8164;-1,3
8165;-1,3
8166;-1,2
8167;-1,1
8168;-0,7
8169;0,6
8170;2,6
8171;4
8172;4,7
8173;4,5
8174;3,4
8175;2,6
8176;1,9
8177;2
8178;2,2
8179;2,4
8180;2,5
8181;2,7
8182;2,8
8183;3,1
8184;2,9
8185;2,7
8186;2,5
8187;2,5
8188;2,4
8189;2,3
8190;2,2
8191;2,2
8192;2,2
8193;2,8
8194;3,4
8195;3,9
8196;4,1
8197;4,2
8198;4,1
8199;3,8
8200;3,4
8201;3,3
8202;3,2
8203;3
8204;2,8
8205;2,8
8206;2,7
8207;2,5
8208;2,4
8209;2,3
8210;2,2
8211;2,1
8212;2
8213;2
8214;1,9
8215;1,9
8216;1,9
8217;2,7
8218;3,5
8219;4,8
8220;4,9
8221;5,3
8222;5,4
8223;4,8
8224;4,1
8225;4,3
8226;4,5
8227;4,6
8228;4,8
8229;4,9
8230;5,1
8231;5,2
8232;5,2
8233;5,1
8234;5,4
8235;5,4
8236;5,5
8237;5,5
8238;5,5
8239;5,6
8240;5,7
8241;6,5
8242;7,1
8243;7,7
8244;8,1
8245;8,3
8246;8,2
8247;7,8
8248;7,4
8249;7,4
8250;7,4
8251;7,4
8252;7,4
8253;7,4
8254;7,4
8255;7,4
8256;7,3
8257;7,2
8258;7,2
8259;7,1
8260;7,1
8261;7,1
8262;7,1
8263;7
8264;7,1
8265;7,9
8266;8,4
8267;8,8
8268;9,1
8269;9,2
8270;9
8271;8,7
8272;8,4
8273;8,2
8274;8
8275;7,8
8276;7,6
8277;7,4
8278;7
8279;7
8280;6,5
8281;6
8282;5,4
8283;5
8284;4,9
8285;4,5
8286;4,3
8287;4,1
8288;4,1
8289;4,3
8290;4,4
8291;4,5
8292;4,5
8293;5,3
8294;5,6
8295;5,4
8296;5
8297;4,8
8298;4,5
8299;4,2
8300;3,9
8301;3,7
8302;3,4
8303;3,1
8304;3
8305;3
8306;2,9
8307;2,9
8308;2,9
8309;2,9
8310;2,9
8311;2,9
8312;3
8313;3,3
8314;3,5
8315;3,8
8316;4,3
8317;5,9
8318;6,7
8319;6,6
8320;5,9
8321;5,8
8322;5,6
8323;5,4
8324;5,2
8325;5
8326;4,8
8327;4,6
8328;4,3
8329;4
8330;3,7
8331;3,6
8332;3,4
8333;3,3
8334;3,2
8335;3,2
8336;3,3
8337;4,4
8338;6
8339;7
8340;7,7
8341;8,3
8342;7,3
8343;6,6
8344;5,9
8345;5,6
8346;5,3
8347;5,1
8348;4,8
8349;4,5
8350;4,2
8351;4
8352;3,6
8353;3,2
8354;2,8
8355;2,6
8356;2,4
8357;2,2
8358;2,1
8359;2
8360;2
8361;3,1
8362;4,4
8363;5,1
8364;5,6
8365;5,9
8366;5,4
8367;4,6
8368;4,1
8369;3,7
8370;3,4
8371;3
8372;2,6
8373;2,3
8374;1,9
8375;1,5
8376;1,1
8377;0,7
8378;0,4
8379;0,2
8380;0
8381;-0,2
8382;-0,3
8383;-0,5
8384;-0,2
8385;1,8
8386;3
8387;4,8
8388;6,4
8389;7
8390;7
8391;6
8392;4,7
8393;4,3
8394;3,9
8395;3,5
8396;3,2
8397;2,8
8398;2,4
8399;2,1
8400;1,7
8401;1,2
8402;0,7
8403;0,5
8404;0,2
8405;-0,1
8406;-0,3
8407;-0,5
8408;-0,4
8409;1,2
8410;2,4
8411;3,8
8412;4,6
8413;4,9
8414;4,7
8415;4
8416;2,9
8417;3,1
8418;3,3
8419;3,4
8420;3,6
8421;3,8
8422;4
8423;4,1
8424;4,3
8425;4,6
8426;4,8
8427;4,9
8428;5,1
8429;5,2
8430;5,3
8431;5,4
8432;5,6
8433;6
8434;6,5
8435;6,9
8436;7,1
8437;7,2
8438;7,2
8439;7
8440;6,8
8441;6,3
8442;6,7
8443;6,6
8444;6,5
8445;6,7
8446;6,7
8447;6,6
8448;6,5
8449;6,2
8450;5,9
8451;5,7
8452;5,5
8453;5,4
8454;5,2
8455;5,1
8456;5,1
8457;5,3
8458;5,6
8459;5,7
8460;5,9
8461;5,9
8462;5,9
8463;5,7
8464;5,5
8465;5,5
8466;5,4
8467;5,4
8468;5,2
8469;5,4
8470;5,4
8471;5,3
8472;5,5
8473;5,8
8474;6
8475;6,2
8476;6,3
8477;6,5
8478;6,7
8479;6,8
8480;7,1
8481;8,7
8482;9,8
8483;10,5
8484;11
8485;10,1
8486;10,1
8487;10,1
8488;10,8
8489;10,6
8490;10,3
8491;10
8492;9,8
8493;9,5
8494;9,2
8495;9
8496;7,9
8497;6,7
8498;5,5
8499;4,9
8500;4,2
8501;3,5
8502;3
8503;2,6
8504;2,6
8505;3,9
8506;4,7
8507;5,3
8508;5,8
8509;5,9
8510;5,5
8511;4,9
8512;4,1
8513;3,6
8514;3,2
8515;2,7
8516;2,3
8517;1,8
8518;1,4
8519;1
8520;1
8521;1
8522;1,1
8523;1,2
8524;1,2
8525;1,3
8526;1,3
8527;1,4
8528;1,5
8529;1,9
8530;2,3
8531;2,7
8532;2,9
8533;3
8534;2,9
8535;2,8
8536;2,5
8537;2,5
8538;2,4
8539;2,3
8540;2,2
8541;2,2
8542;2,1
8543;1,8
8544;1,9
8545;1,6
8546;1,6
8547;1,5
8548;1,5
8549;1,4
8550;1,3
8551;1,3
8552;1,3
8553;1,7
8554;1,9
8555;2,2
8556;2,4
8557;2,5
8558;2,4
8559;2,2
8560;2
8561;1,9
8562;1,7
8563;1,5
8564;1,3
8565;1,1
8566;1
8567;0,8
8568;0,3
8569;0
8570;-0,5
8571;-0,7
8572;-1
8573;-1,2
8574;-1,5
8575;-1,6
8576;-1,6
8577;-1,7
8578;-1,8
8579;-1,8
8580;-1,9
8581;-1,9
8582;-1,9
8583;-2
8584;-2
8585;-2,5
8586;-2,5
8587;-2,6
8588;-2,9
8589;-3,1
8590;-3,3
8591;-3,5
8592;-4
8593;-4,7
8594;-5,2
8595;-5,5
8596;-5,8
8597;-6,1
8598;-6,4
8599;-6,6
8600;-6,6
8601;-6
8602;-5,8
8603;-5,9
8604;-5,9
8605;-5,2
8606;-4,8
8607;-4,9
8608;-5,4
8609;-5,6
8610;-5,9
8611;-6,1
8612;-6,3
8613;-6,5
8614;-6,8
8615;-7
8616;-7
8617;-6,9
8618;-6,9
8619;-6,8
8620;-6,7
8621;-6,7
8622;-6,6
8623;-6,5
8624;-6,4
8625;-4,9
8626;-3,2
8627;-2
8628;-0,9
8629;-0,4
8630;-0,5
8631;-1,3
8632;-2,2
8633;-2,5
8634;-2,9
8635;-3,2
8636;-3,6
8637;-3,9
8638;-4,3
8639;-4,7
8640;-5,3
8641;-6
8642;-6,7
8643;-7,1
8644;-7,6
8645;-8
8646;-8,3
8647;-8,6
8648;-8,7
8649;-8,1
8650;-7,6
8651;-7,2
8652;-7
8653;-6,9
8654;-7
8655;-7,5
8656;-8
8657;-7,8
8658;-7,7
8659;-7,6
8660;-7,5
8661;-7,3
8662;-7,2
8663;-7,1
8664;-6,8
8665;-6,4
8666;-6
8667;-5,8
8668;-5,6
8669;-5,3
8670;-5,1
8671;-5
8672;-4,8
8673;-2,9
8674;0,1
8675;0,1
8676;0,1
8677;0,6
8678;1,5
8679;1
8680;0
8681;-0,1
8682;-0,2
8683;-0,3
8684;-0,5
8685;-0,6
8686;-0,7
8687;-0,8
8688;-1,3
8689;-1,7
8690;-2,2
8691;-2,4
8692;-2,6
8693;-2,9
8694;-3
8695;-3,2
8696;-3,1
8697;-1,2
8698;0,8
8699;2,4
8700;3,4
8701;3,9
8702;3,8
8703;2,9
8704;1,7
8705;1,2
8706;0,7
8707;0,3
8708;-0,2
8709;-0,7
8710;-1,1
8711;-1,6
8712;-2,1
8713;-2,5
8714;-3
8715;-3,3
8716;-3,5
8717;-3,8
8718;-3,9
8719;-4,1
8720;-4
8721;-1,9
8722;0,1
8723;1,9
8724;3,2
8725;3,8
8726;3,5
8727;2,4
8728;1
8729;0,8
8730;0,6
8731;0,4
8732;0,2
8733;0
8734;-0,2
8735;-0,4
8736;-0,5
8737;-0,6
8738;-0,7
8739;-0,8
8740;-0,9
8741;-0,9
8742;-1
8743;-1
8744;-0,9
8745;-0,1
8746;0,8
8747;1,3
8748;1,6
8749;1,6
8750;1,3
8751;0,9
8752;0,4
8753;0,4
8754;0,4
8755;0,4
8756;0,4
8757;0,3
8758;0,3
8759;0,1
