id; ta
0;4,3
1;4
2;3,6
3;3,5
4;3,3
5;3,1
6;2,9
7;2,8
8;2,8
9;3,9
10;4,7
11;5,3
12;6
13;6,2
14;6,3
15;5,9
16;5,2
17;5
18;4,9
19;4,7
20;4,6
21;4,4
22;4,2
23;4
24;3,9
25;3,8
26;3,8
27;3,8
28;3,8
29;3,8
30;3,8
31;3,8
32;3,9
33;5,1
34;6,3
35;7,4
36;8,1
37;8,5
38;8,4
39;7,9
40;7,2
41;6,9
42;6,7
43;6,4
44;6,1
45;5,9
46;5,6
47;5,3
48;4,9
49;4,6
50;4,1
51;3,9
52;3,7
53;3,5
54;3,3
55;3,2
56;3,4
57;4,7
58;5,7
59;7,3
60;7,8
61;7,3
62;7
63;6,5
64;5,7
65;5,5
66;5,3
67;5,1
68;4,9
69;4,8
70;4,6
71;4,4
72;4,2
73;4
74;3,8
75;3,6
76;3,7
77;3,6
78;3,5
79;3,4
80;3,5
81;3,9
82;4,4
83;4,8
84;5
85;5
86;5
87;4,8
88;4,5
89;4,3
90;4,1
91;3,9
92;3,7
93;3,5
94;3,2
95;3,1
96;2,8
97;2,8
98;2,6
99;2,5
100;2,4
101;2,4
102;2,3
103;2,3
104;2,4
105;3,3
106;4
107;4,5
108;4,8
109;4,9
110;4,7
111;4,3
112;3,9
113;3,7
114;3,4
115;3,2
116;2,9
117;2,7
118;2,4
119;2,1
120;1,8
121;1,5
122;1,2
123;1,1
124;0,9
125;0,8
126;0,7
127;0,6
128;0,7
129;1,9
130;3,1
131;4,2
132;4,9
133;5,2
134;5
135;4,5
136;3,7
137;3,4
138;3
139;2,7
140;2,4
141;2,1
142;1,7
143;1,4
144;1,1
145;0,7
146;0,4
147;0,2
148;0
149;-0,2
150;-0,3
151;-0,5
152;-0,3
153;0,9
154;2,1
155;3,4
156;4
157;4,3
158;4,2
159;3,6
160;2,7
161;2,5
162;2,3
163;2,1
164;2
165;1,8
166;1,6
167;1,4
168;1,3
169;1,1
170;1,1
171;1,1
172;1,1
173;1,1
174;1,1
175;1,1
176;1,2
177;2,4
178;3,5
179;4,6
180;5,2
181;5,6
182;5,7
183;5,3
184;4,7
185;4,2
186;3,8
187;3,3
188;2,8
189;2,4
190;1,9
191;1,5
192;0,5
193;-0,5
194;-1,6
195;-2,2
196;-2,7
197;-3,3
198;-3,7
199;-4,1
200;-4,1
201;-3,3
202;-2,1
203;-1
204;0
205;0,5
206;0,7
207;0,2
208;-0,9
209;-1,5
210;-2
211;-2,5
212;-3,1
213;-3,6
214;-4,1
215;-4,7
216;-4,9
217;-5
218;-5,1
219;-5,2
220;-5,2
221;-5,3
222;-5,3
223;-5,4
224;-5,2
225;-4,8
226;-4,3
227;-4
228;-3,8
229;-2,3
230;-1,8
231;-1,8
232;-2,4
233;-2,8
234;-3,2
235;-3,6
236;-4,1
237;-4,5
238;-4,9
239;-5,3
240;-5,9
241;-6,5
242;-7,1
243;-7,4
244;-7,7
245;-8,1
246;-8,3
247;-8,5
248;-8,4
249;-7
250;-5,5
251;-4,4
252;-3,7
253;-3,4
254;-3,6
255;-4,3
256;-5,2
257;-5,7
258;-6,1
259;-6,5
260;-7
261;-7,4
262;-7,8
263;-8,3
264;-8,6
265;-8,9
266;-9,2
267;-9,4
268;-9,5
269;-9,7
270;-9,8
271;-9,9
272;-9,9
273;-9,7
274;-9,2
275;-8,4
276;-7,8
277;-7,3
278;-7,1
279;-7,2
280;-7,8
281;-8
282;-8,3
283;-8,6
284;-8,8
285;-9
286;-9,3
287;-9,5
288;-9,7
289;-9,9
290;-10
291;-10,1
292;-10,1
293;-10,2
294;-10,2
295;-10,3
296;-10
297;-8,4
298;-7,3
299;-6,1
300;-5,1
301;-4,4
302;-4,5
303;-5,2
304;-6,1
305;-6,5
306;-7
307;-7,4
308;-7,8
309;-8,2
310;-8,7
311;-9,1
312;-9,7
313;-10,4
314;-11,1
315;-11,5
316;-11,9
317;-12,4
318;-12,7
319;-13
320;-13,1
321;-12,5
322;-12
323;-11,2
324;-10,7
325;-10
326;-9,8
327;-10,1
328;-11
329;-10,5
330;-10
331;-9,5
332;-9
333;-8,4
334;-7,9
335;-7,4
336;-7
337;-6,5
338;-6
339;-5,7
340;-5,5
341;-5,2
342;-5
343;-4,8
344;-4,5
345;-2,3
346;-0,6
347;0,7
348;1,7
349;2,1
350;2,3
351;1,7
352;0,6
353;0,8
354;1
355;1,2
356;1,4
357;1,6
358;1,9
359;2,1
360;1,8
361;1,6
362;1,3
363;1,3
364;1,3
365;1,1
366;1,1
367;1
368;1,1
369;1,6
370;2,1
371;2,4
372;2,7
373;2,9
374;2,9
375;2,7
376;2,4
377;2,1
378;1,9
379;1,6
380;1,3
381;1
382;0,7
383;0,4
384;0,2
385;-0,2
386;-0,6
387;-0,9
388;-0,9
389;-1
390;-1,1
391;-1,2
392;-1,2
393;-0,9
394;-0,6
395;-0,3
396;-0,2
397;-0,2
398;-0,2
399;-0,3
400;-0,6
401;-0,8
402;-1,1
403;-1,3
404;-1,6
405;-1,8
406;-2,1
407;-2,5
408;-2,5
409;-2,6
410;-2,7
411;-2,8
412;-2,9
413;-2,9
414;-3
415;-3
416;-2,8
417;-2,2
418;-1,8
419;-1,4
420;-0,7
421;-0,2
422;0,1
423;0
424;-0,5
425;-0,8
426;-1,2
427;-1,6
428;-2
429;-2,5
430;-2,8
431;-3,1
432;-4,5
433;-6,1
434;-7,7
435;-8,7
436;-9,6
437;-10,5
438;-11,2
439;-11,9
440;-12,1
441;-11,7
442;-11,6
443;-11,4
444;-11
445;-10,7
446;-10,8
447;-11
448;-11,7
449;-11,9
450;-12,1
451;-12,3
452;-12,5
453;-12,7
454;-12,9
455;-13
456;-12,4
457;-11,6
458;-10,8
459;-10,3
460;-9,8
461;-9,4
462;-9
463;-8,7
464;-8,2
465;-7
466;-5,4
467;-5,1
468;-5,1
469;-2,9
470;-1,8
471;-1,5
472;-2,5
473;-2,3
474;-2,1
475;-1,8
476;-1,6
477;-1,4
478;-1,1
479;-0,9
480;-1,3
481;-1,6
482;-2
483;-2,2
484;-2,4
485;-2,6
486;-2,7
487;-2,9
488;-2,6
489;-1,2
490;0
491;1,1
492;1,9
493;2,3
494;2,2
495;1,5
496;0,6
497;0,4
498;0,2
499;0
500;-0,2
501;-0,4
502;-0,6
503;-0,7
504;-0,8
505;-0,9
506;-1
507;-1
508;-1,1
509;-1
510;-1
511;-0,9
512;-0,6
513;0,7
514;1,8
515;3
516;3,6
517;3,9
518;3,7
519;3,1
520;2,4
521;2
522;1,6
523;1,2
524;0,8
525;0,4
526;0
527;-0,4
528;-0,9
529;-1,6
530;-2,3
531;-2,6
532;-3
533;-3,4
534;-3,6
535;-3,9
536;-3,6
537;-1,9
538;-0,8
539;0,1
540;0,8
541;0,9
542;0,7
543;0,1
544;-0,9
545;-1,1
546;-1,2
547;-1,4
548;-1,6
549;-1,8
550;-2
551;-2,1
552;-2
553;-1,9
554;-1,8
555;-1,6
556;-1,5
557;-1,4
558;-1,3
559;-1,2
560;-0,7
561;1
562;2,4
563;3,5
564;4,1
565;4,5
566;4,6
567;4,1
568;3,3
569;3
570;2,7
571;2,4
572;2,2
573;1,9
574;1,6
575;1,3
576;0,8
577;0,3
578;-0,2
579;-0,5
580;-0,7
581;-1
582;-1,2
583;-1,3
584;-1
585;1,3
586;2,5
587;4,1
588;5,4
589;6,4
590;6,8
591;6,5
592;5,2
593;4,5
594;3,7
595;2,9
596;2,2
597;1,4
598;0,6
599;-0,2
600;-1
601;-1,9
602;-2,7
603;-3,2
604;-3,7
605;-4,2
606;-4,6
607;-4,9
608;-4,4
609;-1,9
610;-0,1
611;1,3
612;2,4
613;2,9
614;3
615;2,2
616;0,7
617;0,3
618;0
619;-0,3
620;-0,7
621;-1
622;-1,3
623;-1,6
624;-1,6
625;-1,5
626;-1,5
627;-1,4
628;-1,4
629;-1,3
630;-1,3
631;-1,3
632;-0,9
633;0,2
634;1
635;2
636;2,4
637;2,5
638;2,5
639;2
640;1,4
641;1,4
642;1,4
643;1,2
644;1,3
645;1,3
646;1,2
647;1,2
648;1,1
649;1
650;0,8
651;0,8
652;0,7
653;0,7
654;0,6
655;0,6
656;1
657;2,2
658;4,8
659;5,4
660;6,4
661;6,8
662;6,8
663;6,1
664;5,1
665;5,1
666;5,1
667;5
668;5
669;5
670;4,9
671;5
672;5
673;5
674;5
675;4,9
676;5
677;5
678;5
679;5
680;5,2
681;6,2
682;6,9
683;7,6
684;8,1
685;8,4
686;8,4
687;8,2
688;7,7
689;7,4
690;7,1
691;6,8
692;6,5
693;6,2
694;5,8
695;5,5
696;5,1
697;4,7
698;4,3
699;4,2
700;4,1
701;3,9
702;3,9
703;3,8
704;4,4
705;6,4
706;8,1
707;9,4
708;10,2
709;9,4
710;9,4
711;9,4
712;9,5
713;9,5
714;9,5
715;9,5
716;9,5
717;9,5
718;9,5
719;9,5
720;9,1
721;8,7
722;8,3
723;8,2
724;8
725;7,9
726;7,8
727;7,7
728;8,1
729;8,9
730;9,3
731;9,8
732;9,9
733;9,9
734;10
735;10
736;9,7
737;9,4
738;9
739;8,7
740;8,4
741;8
742;6,6
743;5,2
744;3,7
745;2,2
746;0,7
747;-0,7
748;-2
749;-3
750;-4
751;-4,3
752;-4,7
753;-5,2
754;-5,7
755;-6,2
756;-6,6
757;-7
758;-7,3
759;-6,5
760;-6,7
761;-7,1
762;-7,6
763;-8,2
764;-8,7
765;-9,2
766;-9,8
767;-10,3
768;-9,6
769;-8,7
770;-7,9
771;-7,4
772;-6,9
773;-6,5
774;-6,1
775;-5,9
776;-5,6
777;-5
778;-3,6
779;-2,2
780;0,2
781;0,6
782;2
783;2,5
784;1,6
785;0,7
786;0,7
787;0,8
788;0,8
789;0,8
790;0,9
791;0,9
792;0,3
793;-0,4
794;-1
795;-1,4
796;-1,7
797;-2
798;-2,2
799;-2,2
800;-1,6
801;-1,5
802;-1,5
803;-0,2
804;0,5
805;1,3
806;1,6
807;1,5
808;1
809;0,4
810;0
811;-0,5
812;-0,9
813;-1,3
814;-1,8
815;-2,2
816;-2,5
817;-2,7
818;-3
819;-3,1
820;-3,2
821;-3,5
822;-3,4
823;-3,4
824;-3
825;-2
826;-1,5
827;-0,8
828;-0,1
829;0,2
830;0,2
831;-0,3
832;-0,8
833;-1,2
834;-1,6
835;-2,1
836;-2,5
837;-2,9
838;-3,3
839;-3,8
840;-4,4
841;-5,1
842;-5,8
843;-6,2
844;-6,6
845;-6,8
846;-7,1
847;-7,1
848;-6,1
849;-4,4
850;-2,8
851;-1,3
852;-0,5
853;0,1
854;0,3
855;-0,2
856;-1,3
857;-2,4
858;-2,7
859;-3
860;-3,4
861;-3,7
862;-4
863;-4,4
864;-4,5
865;-4,7
866;-4,8
867;-4,8
868;-4,9
869;-4,9
870;-5
871;-4,9
872;-3,6
873;-1,6
874;0,6
875;2,3
876;3,1
877;3,4
878;3,4
879;2,8
880;1,7
881;0,6
882;0,4
883;0,1
884;-0,2
885;-0,5
886;-0,7
887;-1
888;-1,4
889;-1,7
890;-2,1
891;-2,2
892;-2,4
893;-2,5
894;-2,6
895;-2,6
896;-2,1
897;-0,7
898;0,8
899;1,7
900;2,4
901;2,8
902;3,3
903;2,4
904;1,8
905;1
906;0,7
907;0,3
908;0
909;-0,4
910;-0,7
911;-1,1
912;-1,5
913;-1,9
914;-2,3
915;-2,5
916;-2,7
917;-2,9
918;-3
919;-3
920;-1,8
921;-0,6
922;0,6
923;2,2
924;3,7
925;4,8
926;5,2
927;5
928;4,1
929;2,9
930;2,6
931;2,3
932;2
933;1,7
934;1,4
935;1,1
936;0,8
937;0,5
938;0,2
939;0,1
940;-0,1
941;-0,2
942;-0,3
943;-0,3
944;-0,2
945;0,5
946;2
947;2,7
948;4,5
949;5,4
950;5,6
951;5,6
952;5,2
953;4,3
954;4,2
955;4
956;3,9
957;3,7
958;3,5
959;3,4
960;3,3
961;3,1
962;3
963;3
964;2,9
965;2,9
966;2,8
967;2,7
968;3
969;3,1
970;4
971;4,6
972;4,8
973;5
974;5,1
975;4,9
976;4,8
977;4,5
978;4,2
979;3,9
980;3,6
981;3,3
982;3
983;2,7
984;2,4
985;2,1
986;1,9
987;1,8
988;1,6
989;1,6
990;1,5
991;1,6
992;3
993;4,8
994;6,6
995;7,9
996;8,4
997;8,2
998;7,7
999;6,7
1000;5,9
1001;5,2
1002;4,7
1003;4,1
1004;3,5
1005;2,9
1006;2,3
1007;1,7
1008;0,6
1009;-0,6
1010;-1,8
1011;-2,5
1012;-3,2
1013;-3,7
1014;-4,2
1015;-4,3
1016;-3,5
1017;-2,3
1018;-1,2
1019;-0,2
1020;0,4
1021;0,7
1022;0,7
1023;0,7
1024;0,1
1025;-1
1026;-1,2
1027;-1,5
1028;-1,8
1029;-2
1030;-2,3
1031;-2,5
1032;-2,2
1033;-1,8
1034;-1,4
1035;-1,1
1036;-0,9
1037;-0,7
1038;-0,5
1039;-0,4
1040;0,8
1041;2,3
1042;3,8
1043;5,1
1044;6,1
1045;6,6
1046;6,9
1047;6,6
1048;5,9
1049;5,1
1050;4,9
1051;4,9
1052;4,7
1053;4,6
1054;4,4
1055;4,3
1056;3,9
1057;3,4
1058;2,9
1059;2,7
1060;2,4
1061;2,3
1062;2,1
1063;2,1
1064;3,2
1065;4,4
1066;5,5
1067;6,5
1068;7,4
1069;8
1070;8,2
1071;7,9
1072;7,2
1073;6,3
1074;6
1075;5,8
1076;5,6
1077;5,4
1078;5,1
1079;5
1080;4,8
1081;4,8
1082;4,7
1083;4,6
1084;4,6
1085;4,5
1086;4,5
1087;4,6
1088;5,6
1089;6,8
1090;7,8
1091;8,6
1092;9,2
1093;9,8
1094;10
1095;9,9
1096;9,4
1097;8,6
1098;8,3
1099;8
1100;7,7
1101;7,4
1102;7,1
1103;6,8
1104;6,4
1105;6,1
1106;5,7
1107;5,5
1108;5,3
1109;5,2
1110;5,1
1111;5,1
1112;6,3
1113;7,5
1114;8,9
1115;9,9
1116;10,7
1117;11,3
1118;11,5
1119;11,3
1120;10,5
1121;9,6
1122;9,4
1123;9,1
1124;8,9
1125;8,7
1126;8,4
1127;8,2
1128;8
1129;7,8
1130;7,7
1131;7,6
1132;7,4
1133;7,5
1134;7,6
1135;7,7
1136;8
1137;8,3
1138;8,6
1139;8,8
1140;9
1141;10,8
1142;11,9
1143;12,3
1144;12,3
1145;11,7
1146;11,1
1147;10,5
1148;9,9
1149;9,2
1150;8,6
1151;8
1152;7,2
1153;6,1
1154;5,3
1155;4,9
1156;4,4
1157;4,1
1158;3,7
1159;3,7
1160;3,7
1161;3,9
1162;4,1
1163;4,2
1164;4,2
1165;5,4
1166;6
1167;6,2
1168;6,1
1169;5,6
1170;5
1171;4,5
1172;3,8
1173;3,2
1174;2,6
1175;2
1176;1,6
1177;1,3
1178;1
1179;0,8
1180;0,6
1181;0,5
1182;0,4
1183;0,5
1184;1,6
1185;3
1186;4,1
1187;5
1188;6,1
1189;6,8
1190;7,2
1191;7
1192;6,3
1193;5,4
1194;4,9
1195;4,2
1196;3,6
1197;2,9
1198;2,3
1199;1,6
1200;0,9
1201;0,1
1202;-0,7
1203;-1,1
1204;-1,5
1205;-1,8
1206;-2,1
1207;-2,1
1208;-1,1
1209;0,3
1210;1,4
1211;2,1
1212;2,8
1213;3,3
1214;3,3
1215;2,6
1216;1,7
1217;0,9
1218;0,5
1219;0,2
1220;-0,2
1221;-0,5
1222;-0,9
1223;-1,3
1224;-1,4
1225;-1,5
1226;-1,7
1227;-1,7
1228;-1,8
1229;-1,8
1230;-1,9
1231;-1,6
1232;0,6
1233;2,6
1234;4,5
1235;4,9
1236;5,6
1237;5,5
1238;4,9
1239;4,1
1240;3,2
1241;2,3
1242;2,3
1243;2,3
1244;2,3
1245;2,4
1246;2,4
1247;2,4
1248;2,4
1249;2,4
1250;2,4
1251;2,5
1252;2,5
1253;2,6
1254;2,6
1255;2,8
1256;4,5
1257;6,2
1258;7,7
1259;8,9
1260;9,7
1261;10,3
1262;10,4
1263;9,9
1264;9,1
1265;8,2
1266;7,6
1267;7,1
1268;6,5
1269;5,9
1270;5,4
1271;4,9
1272;3,9
1273;3,1
1274;2,2
1275;1,7
1276;1,3
1277;1
1278;0,6
1279;0,3
1280;1
1281;1,4
1282;1,7
1283;2
1284;2,3
1285;2,4
1286;2,4
1287;2,2
1288;2
1289;1,6
1290;0,9
1291;0,3
1292;-0,4
1293;-1,1
1294;-1,7
1295;-2,4
1296;-3,2
1297;-4,2
1298;-5,2
1299;-5,8
1300;-6,4
1301;-6,8
1302;-7,2
1303;-6,9
1304;-4,6
1305;-2,8
1306;-0,8
1307;0,1
1308;0
1309;0,2
1310;0,7
1311;0,5
1312;-0,4
1313;-1,8
1314;-2
1315;-2,3
1316;-2,5
1317;-2,7
1318;-3
1319;-3,2
1320;-2,9
1321;-2,4
1322;-2
1323;-1,7
1324;-1,4
1325;-1,2
1326;-0,9
1327;-0,7
1328;0,1
1329;0,8
1330;1,7
1331;2,2
1332;2,1
1333;4,5
1334;6
1335;6,8
1336;6,9
1337;6,1
1338;5,5
1339;4,9
1340;4,2
1341;3,4
1342;2,7
1343;2
1344;0,7
1345;-0,7
1346;-2,2
1347;-2,9
1348;-3,7
1349;-4,3
1350;-4,8
1351;-4,9
1352;-5
1353;-5
1354;-5
1355;-5
1356;-5
1357;-4
1358;-3,9
1359;-3,4
1360;-3,6
1361;-4,1
1362;-4,8
1363;-5,5
1364;-6,2
1365;-6,9
1366;-7,7
1367;-8,4
1368;-8,6
1369;-8,8
1370;-9
1371;-9,1
1372;-9,2
1373;-9,3
1374;-9,4
1375;-9,2
1376;-7,9
1377;-6,4
1378;-5
1379;-3,8
1380;-3,2
1381;-3,1
1382;-3,1
1383;-3,5
1384;-4,2
1385;-5
1386;-5,5
1387;-6
1388;-6,4
1389;-6,9
1390;-7,4
1391;-7,8
1392;-8,4
1393;-9,1
1394;-9,8
1395;-10,2
1396;-10,7
1397;-11
1398;-11,4
1399;-11,1
1400;-9,1
1401;-7,5
1402;-6,8
1403;-6,5
1404;-6,6
1405;-7
1406;-8
1407;-9
1408;-10
1409;-10,8
1410;-8,9
1411;-7
1412;-5,2
1413;-3,3
1414;-1,4
1415;0,5
1416;1,1
1417;1,9
1418;2,6
1419;3
1420;3,2
1421;3,7
1422;4,1
1423;4,6
1424;6
1425;7,2
1426;8,5
1427;9,5
1428;10,6
1429;10,9
1430;10,7
1431;10,3
1432;9,8
1433;9,1
1434;9
1435;8,9
1436;8,8
1437;8,7
1438;8,6
1439;8,5
1440;7,9
1441;7,3
1442;6,6
1443;6,3
1444;5,9
1445;5,7
1446;5,4
1447;5,5
1448;6
1449;6,5
1450;6,7
1451;6,7
1452;6,9
1453;6,9
1454;7,1
1455;7,1
1456;6,9
1457;6,5
1458;6
1459;5,6
1460;5,3
1461;4,5
1462;4,6
1463;4,2
1464;4
1465;3,9
1466;3,8
1467;3,7
1468;3,6
1469;3,6
1470;3,6
1471;3,9
1472;4,4
1473;4,7
1474;4,8
1475;6
1476;6,5
1477;7,1
1478;7,8
1479;8,2
1480;8
1481;7,4
1482;7,1
1483;6,7
1484;6,4
1485;6,1
1486;5,8
1487;5,4
1488;5
1489;4,7
1490;4,2
1491;4
1492;3,8
1493;3,6
1494;3,4
1495;4
1496;5,8
1497;7,5
1498;8,9
1499;10
1500;10,8
1501;10,8
1502;10,4
1503;9,6
1504;8,7
1505;7,7
1506;7,5
1507;7,2
1508;6,9
1509;6,6
1510;6,4
1511;6,1
1512;5,7
1513;5,4
1514;5
1515;4,4
1516;5
1517;5
1518;5
1519;5,1
1520;5,5
1521;5,9
1522;6,3
1523;6,6
1524;6,8
1525;6,9
1526;7
1527;6,9
1528;6,8
1529;6,5
1530;6,2
1531;5,9
1532;5,5
1533;5,2
1534;4,9
1535;4,7
1536;3,8
1537;2,8
1538;1,8
1539;1,3
1540;0,8
1541;0,4
1542;0,4
1543;1
1544;2,5
1545;4
1546;5,2
1547;6,4
1548;7,3
1549;7,8
1550;8,1
1551;8,1
1552;7,5
1553;6,4
1554;5,8
1555;5,2
1556;4,7
1557;4
1558;3,4
1559;2,8
1560;2,5
1561;2,2
1562;1,9
1563;1,8
1564;1,7
1565;1,6
1566;1,6
1567;2,7
1568;4,4
1569;6,3
1570;8,2
1571;9,8
1572;11,1
1573;12
1574;12,4
1575;12,4
1576;11,8
1577;10,6
1578;9,5
1579;8,3
1580;7,2
1581;6
1582;4,9
1583;3,7
1584;2,3
1585;0,8
1586;-0,7
1587;-1,5
1588;-2,3
1589;-2,9
1590;-3
1591;-2,2
1592;-0,8
1593;0,6
1594;2
1595;3,2
1596;4,1
1597;4,7
1598;4,9
1599;4,8
1600;4,1
1601;3
1602;1,9
1603;1
1604;0,1
1605;-0,8
1606;-1,7
1607;-2,6
1608;-3,1
1609;-3,5
1610;-4
1611;-4,2
1612;-4,5
1613;-4,6
1614;-4,6
1615;-3,7
1616;-2,2
1617;-0,6
1618;0,4
1619;1,6
1620;2,4
1621;3,6
1622;3,9
1623;3,9
1624;3
1625;2
1626;1
1627;0,5
1628;0
1629;-0,5
1630;-1
1631;-1,4
1632;-1,9
1633;-2,4
1634;-2,9
1635;-3,1
1636;-3,4
1637;-3,6
1638;-3,6
1639;-2,4
1640;-0,6
1641;1,3
1642;3
1643;4,5
1644;5,6
1645;6,4
1646;6,8
1647;6,8
1648;6,1
1649;5
1650;3,8
1651;3,4
1652;3
1653;2,6
1654;2,3
1655;1,9
1656;1,6
1657;1,5
1658;1,3
1659;1,2
1660;1,1
1661;1,1
1662;1,2
1663;1,1
1664;1,6
1665;1,9
1666;2,2
1667;2,5
1668;2,7
1669;4,4
1670;5,4
1671;5,9
1672;6,1
1673;5,8
1674;5,3
1675;4,6
1676;3,9
1677;3,1
1678;2,3
1679;1,6
1680;0,1
1681;-1,6
1682;-3,3
1683;-4,2
1684;-5,1
1685;-5,8
1686;-5,9
1687;-4,9
1688;-3,4
1689;-2
1690;-0,6
1691;0,6
1692;1,4
1693;1,9
1694;2,1
1695;1,9
1696;1,2
1697;0,1
1698;-1,2
1699;-1,5
1700;-1,8
1701;-2,1
1702;-2,4
1703;-2,7
1704;-2,2
1705;-1,8
1706;-1,3
1707;-1
1708;-0,7
1709;-0,5
1710;-0,5
1711;0,9
1712;2,8
1713;4,7
1714;6,4
1715;7,8
1716;8,8
1717;9,5
1718;9,8
1719;9,8
1720;9,2
1721;8,2
1722;7,2
1723;6,8
1724;6,4
1725;5,9
1726;5,5
1727;5,1
1728;4,4
1729;3,7
1730;2,9
1731;2,5
1732;2,1
1733;1,9
1734;1,9
1735;2,6
1736;4,3
1737;5
1738;6,7
1739;7,2
1740;8,3
1741;8,5
1742;8,6
1743;8
1744;7,4
1745;6,7
1746;5,9
1747;5,2
1748;4,5
1749;3,7
1750;2,9
1751;2,1
1752;1,5
1753;0,8
1754;0,1
1755;-0,2
1756;-0,6
1757;-0,8
1758;-0,7
1759;0,5
1760;2,3
1761;3,5
1762;5,3
1763;6
1764;6,7
1765;6,8
1766;5,8
1767;4,9
1768;4
1769;3,3
1770;2,6
1771;2,3
1772;1,9
1773;1,6
1774;1,2
1775;0,8
1776;0,5
1777;0,2
1778;-0,2
1779;-0,3
1780;-0,5
1781;-0,6
1782;-0,6
1783;-0,1
1784;0,4
1785;0,8
1786;1,7
1787;2
1788;2,8
1789;3,2
1790;3,7
1791;3,7
1792;3,4
1793;3
1794;2,5
1795;1,8
1796;1,2
1797;0,2
1798;-0,2
1799;-0,9
1800;-1,5
1801;-2,3
1802;-3,1
1803;-3,5
1804;-4
1805;-4,3
1806;-4,4
1807;-4,1
1808;-3,9
1809;-3,7
1810;-3,2
1811;-2,8
1812;-2,5
1813;-2,4
1814;-2,4
1815;-2,6
1816;-2,9
1817;-3,3
1818;-4,2
1819;-3,6
1820;-3,1
1821;-2,8
1822;-2,5
1823;-2,3
1824;-1,9
1825;-1,4
1826;-1
1827;-0,8
1828;-0,7
1829;-0,4
1830;-0,2
1831;1,1
1832;2,6
1833;4,3
1834;5,5
1835;6,6
1836;7,5
1837;8,2
1838;8,5
1839;8,5
1840;8,1
1841;7,3
1842;6,4
1843;5,7
1844;5
1845;4,1
1846;3,3
1847;2,5
1848;1,3
1849;0,1
1850;-1,1
1851;-1,8
1852;-2,4
1853;-2,9
1854;-2,9
1855;-2,2
1856;-1,1
1857;0
1858;1,1
1859;2
1860;2,8
1861;3,1
1862;3,2
1863;3,1
1864;2,5
1865;1,8
1866;0,9
1867;-0,1
1868;-1
1869;-2
1870;-3
1871;-4
1872;-4,6
1873;-5,5
1874;-6,1
1875;-6,5
1876;-6,9
1877;-7,1
1878;-7,2
1879;-6,8
1880;-6,5
1881;-6,5
1882;-5,8
1883;-4,4
1884;-2,8
1885;-2,4
1886;-1,6
1887;-1,4
1888;-1,5
1889;-2
1890;-2,9
1891;-3,3
1892;-3,7
1893;-4,1
1894;-4,5
1895;-4,8
1896;-4,9
1897;-5
1898;-5
1899;-5
1900;-5
1901;-5
1902;-4,9
1903;-4,2
1904;-3,2
1905;-1,8
1906;-2
1907;-1,7
1908;-0,7
1909;0,6
1910;2
1911;3
1912;3,3
1913;2,8
1914;1,9
1915;1,6
1916;1,4
1917;1,2
1918;1
1919;0,7
1920;0,4
1921;0
1922;-0,3
1923;-0,5
1924;-0,7
1925;-0,9
1926;-0,7
1927;1,2
1928;2,2
1929;3,6
1930;4,1
1931;5
1932;5
1933;5
1934;4,4
1935;4,9
1936;4,6
1937;4
1938;3,2
1939;2,5
1940;1,8
1941;1
1942;0,3
1943;-0,4
1944;-1
1945;-1,6
1946;-2,3
1947;-2,6
1948;-3
1949;-3,2
1950;-3
1951;-0,8
1952;1,5
1953;3,8
1954;5,8
1955;7,4
1956;8,7
1957;9,5
1958;9,8
1959;9,8
1960;9
1961;7,7
1962;6,1
1963;5,3
1964;4,5
1965;3,6
1966;2,7
1967;1,8
1968;1,1
1969;0,4
1970;-0,4
1971;-0,8
1972;-1,2
1973;-1,5
1974;-1,4
1975;-0,9
1976;-0,3
1977;0,4
1978;0,9
1979;1,5
1980;1,8
1981;1,9
1982;2
1983;1,9
1984;1,6
1985;1,1
1986;0,5
1987;0,2
1988;0
1989;-0,6
1990;-0,4
1991;-0,7
1992;-0,7
1993;-0,6
1994;-0,6
1995;-0,6
1996;-0,5
1997;-0,5
1998;-0,2
1999;2,2
2000;3,9
2001;5,7
2002;7,4
2003;8,1
2004;8,9
2005;9,1
2006;9,8
2007;10,5
2008;10,3
2009;9,5
2010;8,2
2011;7,7
2012;7,2
2013;6,6
2014;6,1
2015;5,6
2016;5,1
2017;4,6
2018;4
2019;3,7
2020;3,4
2021;3,2
2022;3,4
2023;5,1
2024;7
2025;7,5
2026;8,6
2027;10,5
2028;11,5
2029;11,6
2030;11,8
2031;11,2
2032;10,9
2033;10,3
2034;9,3
2035;8,6
2036;7,9
2037;7,3
2038;6,6
2039;6
2040;5,5
2041;4,9
2042;4,4
2043;4,1
2044;3,8
2045;3,6
2046;3,9
2047;5,4
2048;7,3
2049;8,8
2050;10,3
2051;11,4
2052;12,4
2053;12,8
2054;13,2
2055;13,4
2056;12,9
2057;12,2
2058;10,9
2059;10,2
2060;9,4
2061;8,6
2062;7,8
2063;7,1
2064;6,5
2065;5,9
2066;5,3
2067;4,9
2068;4,6
2069;4,4
2070;4,7
2071;5,6
2072;6,8
2073;8
2074;9,4
2075;10,6
2076;11,3
2077;11,7
2078;11,8
2079;11,7
2080;11,2
2081;10,4
2082;9,4
2083;8,8
2084;8,2
2085;7,6
2086;7
2087;6,4
2088;5,9
2089;5,5
2090;5,1
2091;4,9
2092;4,6
2093;4,5
2094;4,8
2095;6,3
2096;8,3
2097;10,3
2098;11,5
2099;12,6
2100;13,5
2101;14,1
2102;14
2103;13,6
2104;12,7
2105;11,5
2106;10,4
2107;9,8
2108;9,2
2109;8,7
2110;8,1
2111;7,5
2112;7
2113;6,4
2114;5,9
2115;5,6
2116;5,3
2117;5,1
2118;5,5
2119;6,6
2120;7,7
2121;8,8
2122;9,9
2123;11,4
2124;12,7
2125;13,8
2126;14,8
2127;15,1
2128;15,1
2129;14,1
2130;12,7
2131;12,1
2132;11,5
2133;10,9
2134;10,3
2135;9,7
2136;9,3
2137;8,9
2138;8,4
2139;8,2
2140;8
2141;7,9
2142;8,1
2143;9,5
2144;11
2145;12,4
2146;12,9
2147;13
2148;13,5
2149;13,9
2150;13,6
2151;13,4
2152;12,8
2153;12,4
2154;11,7
2155;11
2156;10,3
2157;9,5
2158;8,8
2159;8,1
2160;7,3
2161;6,5
2162;6,1
2163;5,5
2164;5,4
2165;5,4
2166;5,7
2167;6,4
2168;7,4
2169;8,3
2170;9,2
2171;9,8
2172;10,2
2173;10,5
2174;10,6
2175;10,5
2176;10,1
2177;9,5
2178;8,9
2179;8
2180;7,1
2181;6,2
2182;5,3
2183;4,5
2184;3,7
2185;3
2186;2,6
2187;2,2
2188;2
2189;2
2190;2,5
2191;3,5
2192;4,4
2193;5,2
2194;6,1
2195;6,9
2196;7,6
2197;8,1
2198;8,4
2199;8,2
2200;7,9
2201;7,3
2202;6,6
2203;5,5
2204;4,4
2205;3,2
2206;2
2207;0,8
2208;-0,4
2209;-1,6
2210;-2,3
2211;-2,9
2212;-3,4
2213;-3,5
2214;-2,5
2215;-0,6
2216;1,6
2217;3,8
2218;5,7
2219;7,3
2220;8,6
2221;9,4
2222;9,8
2223;9,8
2224;9,1
2225;7,9
2226;6,3
2227;5
2228;3,7
2229;2,3
2230;0,9
2231;-0,5
2232;-1,3
2233;-2,3
2234;-2,8
2235;-3,3
2236;-3,6
2237;-3,7
2238;-2,6
2239;-0,5
2240;1,8
2241;4,1
2242;6,1
2243;7,8
2244;9,2
2245;10,1
2246;10,5
2247;10,5
2248;9,9
2249;8,7
2250;7
2251;6
2252;5,1
2253;4,2
2254;3,2
2255;2,3
2256;1,7
2257;1,2
2258;0,9
2259;0,6
2260;0,4
2261;0,2
2262;0,7
2263;0,8
2264;1,3
2265;1,6
2266;2,1
2267;3,1
2268;3,7
2269;4,3
2270;4,5
2271;4,5
2272;4,2
2273;4,6
2274;4,1
2275;3,1
2276;2,3
2277;1,3
2278;0,4
2279;-0,5
2280;-1,4
2281;-2,3
2282;-2,8
2283;-3,4
2284;-3,7
2285;-3,8
2286;-3
2287;-1,7
2288;-0,1
2289;1,8
2290;3
2291;4,3
2292;5
2293;5,4
2294;5,7
2295;5,8
2296;5,3
2297;4,4
2298;3,1
2299;2,7
2300;2,2
2301;1,7
2302;1,3
2303;0,8
2304;0,8
2305;0,9
2306;1
2307;1
2308;1,1
2309;1,2
2310;2
2311;2,9
2312;4,1
2313;3,9
2314;3,9
2315;5,4
2316;7,1
2317;8,3
2318;9
2319;9,5
2320;9,8
2321;9,3
2322;8,4
2323;7,8
2324;7,3
2325;6,7
2326;6,1
2327;5,6
2328;4,8
2329;3,9
2330;3,5
2331;3
2332;2,7
2333;2,6
2334;3
2335;3,6
2336;4,1
2337;4,8
2338;5,6
2339;6
2340;6,1
2341;5,8
2342;5,5
2343;5,3
2344;5
2345;4,8
2346;4,4
2347;4
2348;3,8
2349;3,4
2350;2,8
2351;2,7
2352;3
2353;3
2354;3
2355;3,1
2356;3,1
2357;3,1
2358;3,7
2359;4,5
2360;5,3
2361;6,3
2362;7,1
2363;8
2364;8,9
2365;9,4
2366;9,6
2367;9,4
2368;9
2369;8,2
2370;7,7
2371;7,7
2372;7,7
2373;7,7
2374;7,7
2375;7,7
2376;7,7
2377;7,8
2378;7,8
2379;7,9
2380;7,9
2381;8
2382;8,1
2383;8,4
2384;9,5
2385;10
2386;10,6
2387;11,9
2388;13,5
2389;14,5
2390;14,8
2391;14,2
2392;14,1
2393;13,5
2394;12,8
2395;12,5
2396;11,9
2397;11,4
2398;11
2399;10,2
2400;9,7
2401;8,9
2402;8,3
2403;8,1
2404;7,9
2405;7,9
2406;8,8
2407;9,3
2408;9,3
2409;9,2
2410;9,5
2411;10
2412;11
2413;12,4
2414;12,9
2415;12,7
2416;12,4
2417;12
2418;11,4
2419;10,7
2420;9,9
2421;9,2
2422;8,5
2423;7,7
2424;7,1
2425;6,4
2426;6
2427;5,7
2428;5,4
2429;5,4
2430;6,3
2431;7,7
2432;9,4
2433;10,9
2434;12,1
2435;13
2436;14
2437;14,8
2438;15,4
2439;15,7
2440;15,3
2441;14,5
2442;13,1
2443;12,3
2444;11,4
2445;10,5
2446;9,5
2447;8,6
2448;8
2449;7,3
2450;6,9
2451;6,6
2452;6,3
2453;6,3
2454;7,7
2455;9,6
2456;11,4
2457;13
2458;14,8
2459;16,5
2460;17,9
2461;18,8
2462;19,1
2463;19
2464;18,4
2465;17,2
2466;15,8
2467;14,2
2468;13
2469;12
2470;10,8
2471;9,7
2472;8,9
2473;8
2474;7,6
2475;7,2
2476;6,9
2477;6,9
2478;8,3
2479;10,1
2480;12,1
2481;14
2482;15,7
2483;16,5
2484;17,1
2485;16,8
2486;15,9
2487;14,9
2488;13,5
2489;12,5
2490;11,5
2491;10,7
2492;10,3
2493;10
2494;9,7
2495;9,3
2496;9,1
2497;9
2498;8,9
2499;8,8
2500;8,8
2501;8,8
2502;9,9
2503;11,3
2504;12,8
2505;14,3
2506;16
2507;17,8
2508;19,1
2509;20
2510;20,6
2511;20,7
2512;20,4
2513;19,6
2514;18,3
2515;17
2516;15,9
2517;14,7
2518;13,6
2519;12,7
2520;11,7
2521;10,7
2522;10,1
2523;9,6
2524;9,2
2525;9,1
2526;9,4
2527;9,4
2528;9,9
2529;10,8
2530;12,2
2531;12,9
2532;13,8
2533;14,5
2534;15
2535;15,1
2536;14,7
2537;14,1
2538;13,3
2539;12,7
2540;12,3
2541;11,9
2542;11,4
2543;11
2544;11
2545;10,9
2546;10,9
2547;10,9
2548;10,8
2549;10,9
2550;11,1
2551;12,9
2552;14,9
2553;16,4
2554;18,2
2555;18
2556;18,8
2557;19,8
2558;20,6
2559;20,9
2560;20,6
2561;19,7
2562;18,7
2563;17,7
2564;16,5
2565;15,4
2566;14,3
2567;13,2
2568;12,3
2569;11,2
2570;10,7
2571;10,2
2572;9,9
2573;10,1
2574;11,6
2575;13,3
2576;15,5
2577;17,5
2578;19,4
2579;20,9
2580;22,1
2581;22,9
2582;23,4
2583;23,4
2584;22,9
2585;22
2586;20,6
2587;19,3
2588;17,8
2589;16,2
2590;14,7
2591;13,1
2592;11,7
2593;10,2
2594;9,3
2595;8,4
2596;7,8
2597;7,9
2598;9,2
2599;10,7
2600;12,5
2601;14,2
2602;15,9
2603;17,4
2604;18,6
2605;19,1
2606;19,2
2607;19
2608;18
2609;16,7
2610;15,2
2611;13,8
2612;12,5
2613;11,2
2614;9,8
2615;8,5
2616;7,8
2617;7,1
2618;6,7
2619;6,4
2620;6,1
2621;6,3
2622;8,2
2623;10,4
2624;12,7
2625;15,1
2626;17,3
2627;19,3
2628;20,8
2629;21,8
2630;22,3
2631;22,3
2632;21,6
2633;20,3
2634;18,6
2635;16,7
2636;14,6
2637;12,6
2638;10,8
2639;8,9
2640;7,3
2641;5,5
2642;4,6
2643;3,6
2644;2,8
2645;2,9
2646;4,5
2647;6,3
2648;8,2
2649;10,1
2650;11,7
2651;13
2652;14,3
2653;15
2654;15,4
2655;15,3
2656;14,5
2657;13,2
2658;11,9
2659;10,3
2660;8,8
2661;7,4
2662;5,9
2663;4,4
2664;3,6
2665;2,8
2666;2,4
2667;1,9
2668;1,6
2669;1,8
2670;3,5
2671;5,4
2672;7,2
2673;9,2
2674;11,2
2675;12,8
2676;14
2677;14,9
2678;15,3
2679;15,3
2680;14,6
2681;13,3
2682;12
2683;10,5
2684;9,4
2685;8,2
2686;7
2687;5,9
2688;5,1
2689;4,2
2690;3,8
2691;3,3
2692;2,9
2693;3,2
2694;5
2695;6,8
2696;8,7
2697;10,6
2698;12,3
2699;13,7
2700;15
2701;15,8
2702;16,2
2703;16,2
2704;15,5
2705;14,3
2706;12,9
2707;11,4
2708;10
2709;8,5
2710;7,1
2711;5,6
2712;4,6
2713;3,4
2714;2,7
2715;2
2716;1,5
2717;1,7
2718;3,6
2719;5,5
2720;7,5
2721;9,3
2722;11
2723;12,3
2724;13,2
2725;14
2726;14,3
2727;14,2
2728;13,5
2729;12,4
2730;11
2731;9,5
2732;8,4
2733;7,3
2734;6,3
2735;5,2
2736;4,8
2737;4,2
2738;3,9
2739;3,6
2740;3,3
2741;3,5
2742;5
2743;6,1
2744;6,7
2745;8,4
2746;9,3
2747;9
2748;9,4
2749;9,5
2750;9,8
2751;10,2
2752;10,4
2753;10,4
2754;9,8
2755;8,9
2756;8,2
2757;7,5
2758;6,8
2759;6,2
2760;5,9
2761;5,6
2762;5,5
2763;5,4
2764;5,4
2765;5,5
2766;5,7
2767;6,5
2768;6,7
2769;7,3
2770;8,6
2771;9,8
2772;10,9
2773;12,3
2774;13
2775;13,3
2776;12,8
2777;12,6
2778;12
2779;11,2
2780;10,4
2781;9,5
2782;8,7
2783;7,8
2784;6,7
2785;5,6
2786;5
2787;4,4
2788;4
2789;4,1
2790;4,7
2791;5,3
2792;6,1
2793;6,8
2794;7,1
2795;7,1
2796;7,1
2797;7,1
2798;7,1
2799;7,3
2800;6,9
2801;6,8
2802;6,4
2803;5,8
2804;4,9
2805;3,9
2806;2,9
2807;1,9
2808;1,4
2809;0,8
2810;0,5
2811;0,1
2812;-0,1
2813;0,4
2814;2
2815;4,4
2816;6
2817;7,4
2818;8,1
2819;8,8
2820;9,7
2821;10,2
2822;11
2823;11,6
2824;11,1
2825;10
2826;8,9
2827;7,6
2828;7
2829;6,3
2830;5,7
2831;5,1
2832;4,8
2833;4,2
2834;4,2
2835;4,1
2836;3,9
2837;4,1
2838;4,9
2839;5,6
2840;6,5
2841;7,3
2842;7,9
2843;8,5
2844;9
2845;9,3
2846;9,5
2847;9,4
2848;9,2
2849;8,7
2850;8,1
2851;7,5
2852;7,2
2853;6,9
2854;6,6
2855;6,5
2856;5,6
2857;6
2858;6,3
2859;6,3
2860;6,3
2861;6,6
2862;7
2863;7,5
2864;8
2865;8,7
2866;9,3
2867;9,8
2868;10,1
2869;10,3
2870;10,4
2871;10,5
2872;10,1
2873;9,9
2874;9,6
2875;9,2
2876;8,8
2877;8,6
2878;8,3
2879;7,8
2880;7,8
2881;7,5
2882;7,3
2883;7,2
2884;7,2
2885;7,8
2886;9,1
2887;10,7
2888;12,5
2889;14,4
2890;16,4
2891;18
2892;19,4
2893;20,4
2894;20,9
2895;21
2896;20,6
2897;19,7
2898;18,4
2899;16,9
2900;15,7
2901;14,5
2902;13,4
2903;12,4
2904;11,7
2905;10,8
2906;10,4
2907;10
2908;10
2909;10,6
2910;11,9
2911;13,5
2912;15,5
2913;17,6
2914;19,4
2915;20,9
2916;22,2
2917;23
2918;23,5
2919;23,7
2920;23,2
2921;22,3
2922;21
2923;19,4
2924;18,2
2925;16,9
2926;15,6
2927;14,3
2928;13,5
2929;12,9
2930;12,5
2931;12,3
2932;12,2
2933;12,9
2934;14,6
2935;16,6
2936;17,6
2937;19
2938;20,4
2939;21,3
2940;20,8
2941;20,7
2942;20
2943;19
2944;18,3
2945;17,9
2946;17,2
2947;16,4
2948;15,6
2949;14,8
2950;13,9
2951;13,1
2952;12,5
2953;11,6
2954;11,7
2955;11,5
2956;11,6
2957;11,6
2958;11,8
2959;12,5
2960;13,2
2961;14,5
2962;15,2
2963;16,1
2964;17,3
2965;18,3
2966;18,9
2967;18,9
2968;18,4
2969;17,8
2970;17,2
2971;16,5
2972;15,2
2973;13,9
2974;12,8
2975;11,7
2976;10,5
2977;9,2
2978;8,5
2979;8,1
2980;8
2981;8,9
2982;10,4
2983;11,8
2984;12,9
2985;14,1
2986;14,3
2987;14,7
2988;14,4
2989;14,4
2990;14,4
2991;14,8
2992;14,4
2993;14
2994;13,2
2995;12,5
2996;10,9
2997;9,3
2998;7,7
2999;6,1
3000;5,1
3001;4
3002;3,4
3003;3
3004;2,9
3005;3,4
3006;4,6
3007;5,7
3008;5,9
3009;7,7
3010;9,8
3011;11,4
3012;11,6
3013;10,9
3014;10,5
3015;10
3016;9,6
3017;9
3018;8
3019;7,2
3020;7,7
3021;8,3
3022;8,8
3023;9,4
3024;9,9
3025;10,4
3026;10,7
3027;10,8
3028;10,9
3029;11,8
3030;13,2
3031;15,2
3032;17,4
3033;19,5
3034;21,5
3035;23,2
3036;24,6
3037;25,7
3038;26,3
3039;26,5
3040;26,2
3041;25,3
3042;24
3043;22,5
3044;21,1
3045;19,7
3046;18,3
3047;16,9
3048;15,5
3049;13,9
3050;13,1
3051;12,8
3052;12,7
3053;13
3054;14,1
3055;15,2
3056;16,4
3057;17,8
3058;19,3
3059;20,6
3060;21,9
3061;22,8
3062;23,4
3063;23,7
3064;23,8
3065;23,3
3066;22,3
3067;21,1
3068;19,4
3069;17,7
3070;16
3071;14,4
3072;13,2
3073;12,2
3074;11,6
3075;11,1
3076;11
3077;11,6
3078;12,6
3079;13,7
3080;15,2
3081;16,4
3082;17,5
3083;18,5
3084;19,3
3085;19,8
3086;20,1
3087;20,1
3088;19,8
3089;19,2
3090;18,2
3091;17,1
3092;16,3
3093;15,5
3094;14,6
3095;13,8
3096;13,7
3097;13,5
3098;13,3
3099;12,9
3100;13,4
3101;14,1
3102;15
3103;16
3104;17,2
3105;18,2
3106;19,2
3107;20,1
3108;20,8
3109;21,3
3110;21,5
3111;21,6
3112;21,3
3113;20,8
3114;20,1
3115;19,4
3116;17,9
3117;16,4
3118;14,9
3119;13,4
3120;12,1
3121;10,6
3122;9,5
3123;9,3
3124;9,3
3125;9,5
3126;10,1
3127;10,8
3128;11,6
3129;12,4
3130;13,1
3131;13,8
3132;14,4
3133;14,7
3134;14,8
3135;14,9
3136;14,7
3137;14,3
3138;13,6
3139;12,9
3140;11,7
3141;10,3
3142;8,9
3143;7,5
3144;6,6
3145;5,6
3146;5
3147;4,7
3148;4,6
3149;5,5
3150;6,9
3151;8,5
3152;10,3
3153;12,1
3154;13,6
3155;15,1
3156;16,3
3157;17
3158;17,6
3159;17,7
3160;17,3
3161;16,4
3162;15,1
3163;13,5
3164;12,4
3165;11,2
3166;10
3167;8,8
3168;8,2
3169;7,6
3170;7,2
3171;7
3172;6,9
3173;8
3174;9,7
3175;11,6
3176;13,2
3177;15,5
3178;17,8
3179;18,5
3180;18,4
3181;18,2
3182;17,6
3183;16,9
3184;16,1
3185;15,1
3186;13,9
3187;12,9
3188;12,2
3189;11,5
3190;10,8
3191;10,1
3192;9,7
3193;9,3
3194;9,3
3195;9
3196;9,2
3197;9,3
3198;9,4
3199;9,6
3200;9,8
3201;10
3202;10,2
3203;10,4
3204;10,5
3205;10,5
3206;9,7
3207;10,1
3208;10,2
3209;10,2
3210;10
3211;9,8
3212;10,5
3213;11,2
3214;11,9
3215;12,6
3216;12,7
3217;13,2
3218;13,4
3219;13,5
3220;13,6
3221;14
3222;14,5
3223;15,1
3224;15,9
3225;16,5
3226;17,1
3227;17,5
3228;17,8
3229;18
3230;18,3
3231;18,3
3232;18,2
3233;17,3
3234;17,5
3235;17
3236;16,5
3237;16
3238;15,4
3239;14,7
3240;13,4
3241;13,1
3242;12,8
3243;12,7
3244;12,5
3245;12,7
3246;12,8
3247;11,6
3248;13,1
3249;13,3
3250;13,4
3251;13,6
3252;13,7
3253;13,8
3254;13,5
3255;13,4
3256;13,5
3257;13,5
3258;13,4
3259;13,3
3260;12,9
3261;12,4
3262;11,9
3263;11,4
3264;10,2
3265;8,8
3266;8,1
3267;7,6
3268;7,6
3269;8,4
3270;9,9
3271;11,1
3272;11,9
3273;12,7
3274;13,1
3275;13,9
3276;14
3277;14,2
3278;14,5
3279;14
3280;12,9
3281;12,2
3282;11,5
3283;10,8
3284;9,8
3285;8,8
3286;7,7
3287;6,9
3288;6,3
3289;5,8
3290;5,5
3291;5,3
3292;5,3
3293;6
3294;7,1
3295;8
3296;9,1
3297;10,3
3298;11,2
3299;12,1
3300;12,5
3301;12,4
3302;12,3
3303;11,9
3304;11,2
3305;10,5
3306;9,8
3307;9,1
3308;8,5
3309;7,9
3310;7,2
3311;6,4
3312;6,3
3313;5,8
3314;5,6
3315;5,5
3316;5,6
3317;6,4
3318;7,2
3319;7,5
3320;8,1
3321;9,4
3322;11,7
3323;14
3324;15,3
3325;14,8
3326;15,5
3327;16
3328;15,9
3329;15,8
3330;14,8
3331;13,6
3332;12,1
3333;10,4
3334;8,8
3335;7,2
3336;5,7
3337;4
3338;3,1
3339;2,4
3340;2,3
3341;3,7
3342;5,4
3343;7,2
3344;9
3345;10,7
3346;12,2
3347;13,4
3348;14,6
3349;15,4
3350;15,8
3351;15,8
3352;15,4
3353;14,4
3354;13
3355;11,6
3356;10,1
3357;8,5
3358;7
3359;5,5
3360;4,9
3361;4,2
3362;3,8
3363;3,5
3364;3,6
3365;4,4
3366;5,4
3367;6,9
3368;7,9
3369;8,6
3370;9,2
3371;9
3372;9,2
3373;8,7
3374;8,8
3375;8,5
3376;7,8
3377;7,3
3378;6,8
3379;6,3
3380;5,7
3381;5,1
3382;4,5
3383;3,9
3384;3,6
3385;3,4
3386;3,2
3387;3,1
3388;3,2
3389;4,8
3390;6,5
3391;8,5
3392;10,6
3393;12,4
3394;13,8
3395;12,8
3396;12,5
3397;11,8
3398;11,3
3399;11
3400;10,6
3401;10,2
3402;9,6
3403;8,9
3404;8,2
3405;7,3
3406;6,5
3407;5,6
3408;4,8
3409;3,8
3410;3,2
3411;2,8
3412;2,8
3413;4,1
3414;5,8
3415;7,7
3416;9,5
3417;11,2
3418;12,8
3419;14,1
3420;15,3
3421;16,2
3422;16,6
3423;16,5
3424;15,8
3425;14,8
3426;13,3
3427;12
3428;10,7
3429;9,4
3430;8,2
3431;6,9
3432;6,2
3433;5,5
3434;5,1
3435;4,8
3436;4,9
3437;6,5
3438;8,5
3439;10,7
3440;12,8
3441;15,2
3442;17,4
3443;19,2
3444;20,7
3445;21,7
3446;22,2
3447;22,4
3448;21,9
3449;20,8
3450;19,2
3451;17,3
3452;15,4
3453;13,5
3454;11,9
3455;10,2
3456;9,2
3457;8,1
3458;7,5
3459;7,1
3460;7,2
3461;8,6
3462;10,3
3463;12,1
3464;13,9
3465;15,9
3466;17,6
3467;19,1
3468;20,3
3469;21
3470;21,5
3471;21,6
3472;21,1
3473;20,1
3474;18,7
3475;17,2
3476;15,6
3477;13,4
3478;11,6
3479;9,8
3480;8,6
3481;7,3
3482;6,6
3483;6,1
3484;6,1
3485;7,2
3486;8,7
3487;10,2
3488;11
3489;12,1
3490;13,4
3491;15
3492;16,5
3493;17,5
3494;18,2
3495;18,4
3496;18,1
3497;17,2
3498;16,1
3499;14,7
3500;13,3
3501;12,5
3502;11,6
3503;10,7
3504;10,5
3505;10,3
3506;10,2
3507;10,1
3508;10,2
3509;10,9
3510;12,1
3511;13,1
3512;14,1
3513;16,4
3514;17,2
3515;17,8
3516;18,9
3517;20
3518;20,5
3519;20,3
3520;20
3521;19,9
3522;19,3
3523;18,4
3524;17,3
3525;15,8
3526;14,2
3527;12,8
3528;11,7
3529;10,5
3530;9,9
3531;9,4
3532;9,4
3533;9,8
3534;10,9
3535;11,9
3536;13,2
3537;14,7
3538;15,3
3539;15,7
3540;15,5
3541;15,6
3542;15,6
3543;15,7
3544;15,7
3545;15,3
3546;14,9
3547;14,1
3548;13,2
3549;12,2
3550;11,1
3551;10
3552;9,7
3553;9,3
3554;9,1
3555;8,9
3556;9
3557;10,2
3558;11,8
3559;13,3
3560;15,5
3561;17,4
3562;18,8
3563;20,1
3564;21,2
3565;21,5
3566;21
3567;20,1
3568;19
3569;17,9
3570;16,6
3571;15,4
3572;14,4
3573;14,3
3574;14,2
3575;14,1
3576;14,2
3577;14,4
3578;14,5
3579;14,5
3580;14,6
3581;16,4
3582;17,5
3583;18,6
3584;20,6
3585;22,2
3586;24,1
3587;26,1
3588;26
3589;26,6
3590;27,6
3591;26,4
3592;25,4
3593;25,6
3594;24,8
3595;23,8
3596;22,7
3597;21,5
3598;20,4
3599;19,3
3600;18,3
3601;17,3
3602;16,8
3603;16,4
3604;16,6
3605;17
3606;17,6
3607;17,6
3608;17,7
3609;19
3610;19,6
3611;20,8
3612;21,7
3613;22,9
3614;23,5
3615;23,9
3616;24
3617;23,7
3618;22,9
3619;22,1
3620;21,4
3621;20,2
3622;19
3623;17,8
3624;16,9
3625;15,8
3626;15,2
3627;14,8
3628;14,9
3629;16,3
3630;18
3631;19,8
3632;21,7
3633;23,5
3634;25,1
3635;26,5
3636;27,6
3637;28,4
3638;28,8
3639;28,9
3640;28,5
3641;27,7
3642;26,5
3643;25,1
3644;23,7
3645;21,5
3646;19,4
3647;17,2
3648;15,7
3649;14,1
3650;13,2
3651;12,7
3652;12,8
3653;14,2
3654;16,1
3655;18,1
3656;20,1
3657;22,1
3658;23,8
3659;25,3
3660;26,4
3661;27,2
3662;27,6
3663;27,6
3664;27,2
3665;26,3
3666;24,9
3667;23,4
3668;21,8
3669;19,1
3670;16,4
3671;13,7
3672;12,2
3673;10,4
3674;9,4
3675;8,7
3676;8,8
3677;10,1
3678;11,7
3679;13,3
3680;15,2
3681;17,1
3682;18,7
3683;20,1
3684;21,2
3685;21,9
3686;22,3
3687;22,3
3688;21,8
3689;20,9
3690;19,5
3691;17,9
3692;16,3
3693;15
3694;13,7
3695;12,6
3696;12,5
3697;12,4
3698;12,4
3699;12,4
3700;12,6
3701;13,7
3702;14,6
3703;16,7
3704;18,6
3705;20,2
3706;21,1
3707;21,7
3708;21,9
3709;20,6
3710;19,6
3711;18,7
3712;18
3713;17,3
3714;16,6
3715;16,2
3716;15,7
3717;14,9
3718;14,2
3719;13,5
3720;12,6
3721;11,5
3722;10,8
3723;10,4
3724;10,5
3725;11,7
3726;12,9
3727;14,2
3728;15,6
3729;17,1
3730;18,4
3731;19,5
3732;20,4
3733;21
3734;21,2
3735;21,2
3736;20,9
3737;20,1
3738;19
3739;17,8
3740;16,5
3741;15,9
3742;15,3
3743;14,7
3744;15
3745;15,3
3746;15,4
3747;15,5
3748;15,6
3749;16,1
3750;17,3
3751;17,9
3752;19,1
3753;20,7
3754;22
3755;22,9
3756;23,4
3757;23,7
3758;23,9
3759;23,5
3760;22,6
3761;22,1
3762;21,5
3763;20,9
3764;20,2
3765;19,6
3766;18,8
3767;18,6
3768;18
3769;17,3
3770;16,9
3771;16,6
3772;16,7
3773;17,5
3774;18,6
3775;19,8
3776;21,3
3777;22,5
3778;23,6
3779;24,5
3780;25,3
3781;25,8
3782;26,1
3783;26
3784;25,8
3785;25,3
3786;24,5
3787;23,5
3788;22,6
3789;21,1
3790;19,7
3791;18,2
3792;17,2
3793;16,2
3794;15,7
3795;15,3
3796;15,6
3797;17,3
3798;19,3
3799;21,3
3800;23,3
3801;25,3
3802;27
3803;28,5
3804;29,7
3805;30,5
3806;31
3807;31,2
3808;30,9
3809;30,2
3810;29,1
3811;27,7
3812;26,3
3813;24,7
3814;23,1
3815;21,5
3816;19,9
3817;18,2
3818;17,2
3819;16,6
3820;16,7
3821;18
3822;19,5
3823;21,3
3824;22,9
3825;24,4
3826;25,9
3827;27,2
3828;28,1
3829;28,8
3830;29,1
3831;29
3832;28,6
3833;27,8
3834;26,7
3835;25,3
3836;24
3837;22
3838;20,1
3839;18,2
3840;17,1
3841;16,2
3842;15,7
3843;15,4
3844;15,6
3845;15,8
3846;16,2
3847;18
3848;18,4
3849;20,9
3850;22,7
3851;23,2
3852;22,1
3853;21,2
3854;20,6
3855;20
3856;19,4
3857;19,2
3858;18,7
3859;18,5
3860;18,1
3861;17
3862;16
3863;15
3864;13,4
3865;11,9
3866;11,1
3867;10,5
3868;10,7
3869;11,7
3870;12,9
3871;14,3
3872;15,9
3873;17,3
3874;18,6
3875;19,7
3876;20,6
3877;21,1
3878;21,3
3879;21,2
3880;20,8
3881;20
3882;18,9
3883;17,7
3884;16,5
3885;14,7
3886;12,9
3887;11,5
3888;10,7
3889;9,8
3890;9,3
3891;9
3892;9,1
3893;10,5
3894;12
3895;13,6
3896;15,6
3897;17,5
3898;19,2
3899;19,4
3900;19,5
3901;19,5
3902;19,3
3903;18,9
3904;18,2
3905;17,3
3906;16,2
3907;15
3908;13,9
3909;12,9
3910;12,3
3911;11,4
3912;11,3
3913;11,3
3914;11,3
3915;11,3
3916;11,6
3917;12,9
3918;14,4
3919;15,2
3920;16,7
3921;17,9
3922;18,6
3923;20,5
3924;19,6
3925;19,2
3926;18,2
3927;17,4
3928;16,6
3929;16
3930;15,3
3931;14,8
3932;14,3
3933;14
3934;14,1
3935;14
3936;13,5
3937;12,9
3938;12,8
3939;12,6
3940;12,8
3941;13,5
3942;14,3
3943;15,3
3944;16,3
3945;17,3
3946;18,3
3947;18,9
3948;19,4
3949;19,8
3950;20,1
3951;20,1
3952;19,9
3953;19,4
3954;18,8
3955;17,8
3956;17,2
3957;16,1
3958;15
3959;13,9
3960;13,2
3961;12,3
3962;12,1
3963;11,9
3964;11,9
3965;12,2
3966;12,8
3967;13,3
3968;13,6
3969;13,9
3970;14,2
3971;14,6
3972;15
3973;15,2
3974;15,4
3975;15,4
3976;15,4
3977;15,1
3978;14,7
3979;14,2
3980;13,3
3981;12,9
3982;11,8
3983;10,8
3984;10
3985;9,2
3986;8,7
3987;8,3
3988;8,5
3989;9,8
3990;11
3991;11,8
3992;12,8
3993;13,8
3994;14,8
3995;16
3996;16,1
3997;14,9
3998;14,3
3999;14,7
4000;15,1
4001;15,3
4002;14,8
4003;14
4004;12,9
4005;12,3
4006;11,4
4007;10,6
4008;10,5
4009;10,4
4010;10,4
4011;10,3
4012;10,5
4013;11,3
4014;12,1
4015;12,9
4016;13,6
4017;15,1
4018;15,9
4019;16,6
4020;17,2
4021;17,6
4022;17,9
4023;17,9
4024;17,7
4025;17,2
4026;16,6
4027;15,9
4028;15,2
4029;13,3
4030;11,7
4031;10,1
4032;8,5
4033;6,8
4034;5,9
4035;5,3
4036;5,4
4037;6,6
4038;8
4039;9,5
4040;11
4041;12,5
4042;13,9
4043;15,2
4044;16,3
4045;17
4046;17,5
4047;17,5
4048;17,3
4049;16,5
4050;15,3
4051;13,8
4052;12,5
4053;10,8
4054;9
4055;7,2
4056;6,3
4057;5,2
4058;4,7
4059;4,3
4060;4,4
4061;5,5
4062;6,8
4063;8,4
4064;9,9
4065;11,3
4066;12,6
4067;13,7
4068;14,7
4069;15,4
4070;15,7
4071;15,8
4072;15,4
4073;14,6
4074;13,4
4075;12,3
4076;11,1
4077;9,5
4078;7,9
4079;6,4
4080;5,7
4081;4,9
4082;4,3
4083;3,9
4084;4
4085;5
4086;6,2
4087;7,5
4088;8,9
4089;10,2
4090;11,4
4091;12,5
4092;13,2
4093;13,7
4094;14
4095;14
4096;13,7
4097;12,9
4098;12
4099;10,8
4100;9,6
4101;9
4102;8,4
4103;7,8
4104;8,4
4105;8,9
4106;9,2
4107;9,4
4108;9,5
4109;9,8
4110;10,2
4111;10,5
4112;10,9
4113;11,2
4114;11,4
4115;11,7
4116;12
4117;12,2
4118;12,2
4119;12,1
4120;11,9
4121;12,1
4122;11,9
4123;11,3
4124;11,5
4125;11,2
4126;10,6
4127;9,2
4128;9,8
4129;9,1
4130;8,7
4131;8,3
4132;8,5
4133;9,1
4134;9,9
4135;10,7
4136;11,5
4137;12,4
4138;13
4139;13,6
4140;14,4
4141;14,8
4142;15,1
4143;15,2
4144;15,1
4145;14,6
4146;13,9
4147;13,1
4148;12,5
4149;12
4150;11,5
4151;11
4152;10,5
4153;10,8
4154;10,7
4155;10
4156;10,7
4157;11,3
4158;12
4159;12,6
4160;12,8
4161;13,4
4162;13,9
4163;14,3
4164;14,7
4165;14,8
4166;14,9
4167;14,7
4168;14,4
4169;14,3
4170;14,1
4171;13,7
4172;13,2
4173;12,4
4174;11,4
4175;10,5
4176;9,6
4177;8,7
4178;8,2
4179;7,8
4180;7,9
4181;8,9
4182;10,3
4183;11,7
4184;12,9
4185;14,5
4186;15,9
4187;17
4188;17,8
4189;18,2
4190;18,4
4191;18,3
4192;17,9
4193;17,2
4194;16,1
4195;14,9
4196;13,6
4197;12,8
4198;12
4199;11,2
4200;11
4201;10,8
4202;10,7
4203;10,7
4204;10,9
4205;11,6
4206;12,1
4207;12,8
4208;14
4209;15
4210;16,1
4211;16,7
4212;16,8
4213;17,8
4214;18,9
4215;19,6
4216;19,9
4217;20
4218;19,7
4219;19
4220;18
4221;16,6
4222;15,2
4223;13,8
4224;12,7
4225;11,4
4226;10,7
4227;10,3
4228;10,3
4229;11,1
4230;12,1
4231;12,9
4232;14,3
4233;15,7
4234;16,8
4235;17,9
4236;18,4
4237;18,8
4238;19
4239;19
4240;18,9
4241;18,3
4242;17,4
4243;16,4
4244;15,3
4245;14,5
4246;13,7
4247;12,9
4248;12,9
4249;13,1
4250;13,1
4251;13
4252;13,4
4253;13,9
4254;14,4
4255;15,8
4256;16,6
4257;17,5
4258;18,1
4259;19,9
4260;22
4261;22,9
4262;22,8
4263;21,9
4264;21,3
4265;21
4266;20,4
4267;19,7
4268;19
4269;18,4
4270;17,7
4271;17,1
4272;16,2
4273;15,2
4274;14,7
4275;14,1
4276;14,3
4277;14,9
4278;15,6
4279;16,4
4280;17,1
4281;17,7
4282;18,3
4283;18,8
4284;19,2
4285;19,4
4286;19,5
4287;19,5
4288;19,4
4289;19,1
4290;18,6
4291;17,4
4292;17,4
4293;16,8
4294;16,2
4295;15,6
4296;15,6
4297;15,5
4298;15,5
4299;15,5
4300;15,6
4301;16,1
4302;17
4303;17,9
4304;18,7
4305;19,6
4306;20,4
4307;21,1
4308;21,7
4309;22,1
4310;22,2
4311;22,3
4312;22,3
4313;21,9
4314;21,1
4315;20,9
4316;20,3
4317;19
4318;17,8
4319;16,6
4320;15,4
4321;14,2
4322;13,5
4323;13
4324;13,2
4325;14,7
4326;16,5
4327;18,4
4328;20,4
4329;22,3
4330;24
4331;25,5
4332;26,6
4333;27,5
4334;27,9
4335;28
4336;27,7
4337;26,8
4338;25,6
4339;24,1
4340;22,6
4341;20,5
4342;19
4343;17,5
4344;16
4345;14,5
4346;13
4347;12,7
4348;12,8
4349;14,1
4350;15,9
4351;17,9
4352;19,9
4353;21,9
4354;23,6
4355;25,1
4356;26,3
4357;27,1
4358;27,5
4359;27,6
4360;27,3
4361;26,4
4362;25,1
4363;23,6
4364;22
4365;20,5
4366;19
4367;17,5
4368;16,9
4369;16,4
4370;16,1
4371;15,8
4372;16
4373;17,2
4374;18
4375;18,6
4376;19,1
4377;20,1
4378;21,3
4379;22,1
4380;22,9
4381;23,4
4382;24,5
4383;25,5
4384;25,9
4385;26,1
4386;25,7
4387;24,9
4388;23,9
4389;22,4
4390;20,9
4391;19,5
4392;18,2
4393;16,9
4394;16,2
4395;15,8
4396;15,9
4397;16,7
4398;16,5
4399;16,5
4400;16,6
4401;16,4
4402;17,7
4403;18,4
4404;19,2
4405;19,9
4406;21,4
4407;22,6
4408;23,2
4409;23,2
4410;22,9
4411;22,3
4412;21,6
4413;20,5
4414;19,5
4415;18,4
4416;17,5
4417;16,5
4418;16
4419;15,6
4420;15,7
4421;16,9
4422;18,5
4423;20,1
4424;21,7
4425;23,4
4426;25,1
4427;26,6
4428;27,8
4429;28,7
4430;29,3
4431;29,4
4432;29,2
4433;28,5
4434;27,4
4435;26
4436;24,6
4437;23
4438;21,3
4439;19,7
4440;18,6
4441;17,4
4442;16,7
4443;16,1
4444;16,2
4445;17,6
4446;19,2
4447;21,2
4448;23,3
4449;25,1
4450;26,7
4451;28,2
4452;29,4
4453;30,3
4454;30,6
4455;30,6
4456;30,2
4457;29,3
4458;27,9
4459;26,3
4460;24,7
4461;22,5
4462;20,3
4463;18,2
4464;17,3
4465;16,4
4466;15,8
4467;15,4
4468;15,5
4469;16,8
4470;18,3
4471;19,8
4472;21,5
4473;23,2
4474;24,7
4475;25,9
4476;26,9
4477;27,4
4478;27,7
4479;27,7
4480;27,1
4481;26,3
4482;25,2
4483;24
4484;22,7
4485;22,4
4486;22,1
4487;21,8
4488;22,3
4489;22,8
4490;23,1
4491;23,3
4492;23,4
4493;23,9
4494;24,5
4495;25,4
4496;26,4
4497;27,4
4498;28,4
4499;29,2
4500;29,9
4501;30,4
4502;30,7
4503;30,8
4504;30,7
4505;30,6
4506;30,1
4507;29,6
4508;28,9
4509;27,6
4510;26
4511;25,2
4512;24,2
4513;22,9
4514;22,1
4515;21,6
4516;21,6
4517;22
4518;22,6
4519;23,3
4520;24
4521;24,7
4522;25,2
4523;25,9
4524;26,2
4525;26,2
4526;26,7
4527;26,7
4528;26,4
4529;26
4530;25,6
4531;25
4532;24,4
4533;23,5
4534;22,6
4535;21,8
4536;21,5
4537;21,1
4538;21
4539;20,9
4540;20,9
4541;22
4542;23
4543;24,4
4544;25,6
4545;26,6
4546;27,5
4547;28,5
4548;29,4
4549;30,1
4550;30,4
4551;30,4
4552;30,1
4553;29,4
4554;28,6
4555;27,8
4556;26,9
4557;25,2
4558;23,5
4559;21,8
4560;20,3
4561;18,6
4562;17,8
4563;17,2
4564;17,2
4565;18,6
4566;20,4
4567;22,5
4568;24,2
4569;25,7
4570;26,8
4571;25,8
4572;25
4573;24,7
4574;24,8
4575;24,7
4576;24,6
4577;24
4578;23
4579;22,1
4580;21,2
4581;19,5
4582;17,7
4583;16
4584;14,9
4585;13,7
4586;13,1
4587;12,8
4588;12,8
4589;14
4590;15,8
4591;17,6
4592;19,5
4593;21,4
4594;22,9
4595;24,1
4596;25,2
4597;26
4598;26,4
4599;26,4
4600;26
4601;25,2
4602;24
4603;22,6
4604;21,2
4605;19,1
4606;17,1
4607;15
4608;13,6
4609;12,3
4610;11,6
4611;11,1
4612;11,1
4613;12,3
4614;13,9
4615;15,9
4616;18
4617;19,9
4618;21,6
4619;23,1
4620;24,3
4621;25,1
4622;25,5
4623;25,5
4624;25,2
4625;24,2
4626;22,9
4627;21,3
4628;19,7
4629;18,7
4630;17,7
4631;16,7
4632;16,7
4633;16,6
4634;16,6
4635;16,6
4636;16,6
4637;17,2
4638;17,9
4639;18,9
4640;19,8
4641;20,8
4642;21,7
4643;22,3
4644;22,9
4645;23,4
4646;23,5
4647;23,3
4648;23,3
4649;23
4650;22
4651;22
4652;21,4
4653;20,2
4654;19
4655;17,8
4656;16,7
4657;15,5
4658;14,9
4659;14,4
4660;14,4
4661;15,7
4662;17,3
4663;19,4
4664;21,2
4665;23
4666;24,7
4667;24,7
4668;24,5
4669;24,4
4670;23,8
4671;23
4672;22,4
4673;21,7
4674;21
4675;20,1
4676;19,2
4677;17,1
4678;15,1
4679;13
4680;11,8
4681;10,4
4682;9,6
4683;9
4684;9
4685;10,1
4686;11,4
4687;12,8
4688;14,7
4689;16,4
4690;17,9
4691;19,2
4692;20,3
4693;21
4694;21,4
4695;21,5
4696;21,2
4697;20,5
4698;19,3
4699;17,9
4700;16,5
4701;14,5
4702;12,7
4703;11
4704;10,1
4705;9
4706;8,5
4707;8,1
4708;8,1
4709;9,1
4710;10,4
4711;11,9
4712;13,3
4713;15
4714;16,5
4715;17,8
4716;18,9
4717;19,6
4718;20
4719;20,1
4720;19,8
4721;19,1
4722;18
4723;16,7
4724;15,3
4725;13,7
4726;12,4
4727;11
4728;10,3
4729;9,5
4730;9,1
4731;8,7
4732;8,8
4733;10
4734;11,2
4735;12
4736;13
4737;13,9
4738;15
4739;15,4
4740;16,2
4741;16,6
4742;16,5
4743;16,1
4744;15,4
4745;14,8
4746;14
4747;13,2
4748;12,6
4749;11,5
4750;10,4
4751;9,3
4752;8,7
4753;7,8
4754;7,3
4755;7
4756;6,9
4757;7,7
4758;8,8
4759;10,1
4760;11,5
4761;12,9
4762;14,1
4763;15,4
4764;16,3
4765;17
4766;17,3
4767;17,4
4768;17
4769;16,3
4770;15,1
4771;13,8
4772;12,6
4773;11,2
4774;9,9
4775;8,6
4776;8,4
4777;8,1
4778;8
4779;7,9
4780;7,9
4781;8,7
4782;9,9
4783;11,2
4784;12,7
4785;14,2
4786;15,7
4787;17
4788;18,1
4789;18,8
4790;19,2
4791;19,3
4792;19
4793;18,4
4794;17,4
4795;16,2
4796;15
4797;14,2
4798;13,5
4799;12,8
4800;12,5
4801;12,2
4802;12
4803;11,7
4804;11,8
4805;11,9
4806;12,2
4807;12,5
4808;12,7
4809;12,8
4810;13
4811;13,4
4812;13,7
4813;14
4814;14,3
4815;13,9
4816;14,4
4817;14,1
4818;13,9
4819;13,3
4820;13,1
4821;11,8
4822;13,4
4823;12,8
4824;13,8
4825;13,8
4826;13,1
4827;13,7
4828;14,2
4829;14,5
4830;15
4831;15,6
4832;16,2
4833;16,7
4834;17,1
4835;17,5
4836;17,8
4837;18,1
4838;18,3
4839;18,4
4840;18,3
4841;18,2
4842;17,8
4843;17,2
4844;17
4845;16,5
4846;15,7
4847;15,1
4848;14,4
4849;13,5
4850;13,2
4851;12,7
4852;12,6
4853;13,2
4854;13,4
4855;13,8
4856;13,4
4857;14,5
4858;15,1
4859;15,4
4860;15,6
4861;15,7
4862;15,8
4863;15,8
4864;15,7
4865;15,6
4866;15,3
4867;15
4868;14,6
4869;14
4870;13,4
4871;12,8
4872;12,7
4873;12,6
4874;12,5
4875;12,5
4876;12,6
4877;12,9
4878;14,3
4879;15,2
4880;17
4881;18,5
4882;20,4
4883;22,2
4884;22,5
4885;21,2
4886;20
4887;19,3
4888;18,5
4889;17,8
4890;17,3
4891;16,7
4892;16,2
4893;16,1
4894;16,1
4895;16
4896;15,4
4897;14,9
4898;14,6
4899;14,5
4900;14,6
4901;15,2
4902;16,9
4903;18,2
4904;19,4
4905;20,6
4906;21,7
4907;22,4
4908;21,9
4909;21,2
4910;20,6
4911;19,8
4912;19,1
4913;18,6
4914;17,7
4915;17,6
4916;17,2
4917;16,3
4918;15,4
4919;14,5
4920;13,1
4921;11,9
4922;11,2
4923;10,7
4924;10,6
4925;11,3
4926;12,5
4927;13,7
4928;15,6
4929;16,8
4930;18,2
4931;19,2
4932;19,8
4933;19,9
4934;20,3
4935;20,4
4936;20,1
4937;19,4
4938;18,5
4939;17,5
4940;16,3
4941;14,9
4942;13,4
4943;12,2
4944;11,6
4945;11
4946;10,7
4947;10,4
4948;10,4
4949;11,2
4950;12,6
4951;14,2
4952;16,2
4953;18,1
4954;20
4955;21,6
4956;22,9
4957;23,8
4958;24,4
4959;24,6
4960;24,3
4961;23,5
4962;22,3
4963;20,9
4964;19,4
4965;18
4966;16,6
4967;15,2
4968;14,3
4969;13,3
4970;12,8
4971;12,7
4972;12,6
4973;12,9
4974;13,8
4975;14,8
4976;15,8
4977;16,6
4978;17,6
4979;18,4
4980;18,9
4981;19,4
4982;19,6
4983;19,7
4984;19,3
4985;18,6
4986;17,9
4987;17,1
4988;16,4
4989;15
4990;13,7
4991;12,5
4992;11,5
4993;10,5
4994;10
4995;9,6
4996;9,5
4997;10,2
4998;11,2
4999;12,4
5000;13,6
5001;15,2
5002;16,5
5003;17,7
5004;18,7
5005;19,5
5006;20
5007;20,2
5008;20
5009;19,4
5010;18,4
5011;17,2
5012;16,1
5013;15,1
5014;14,2
5015;13,3
5016;13,1
5017;12,9
5018;12,7
5019;12,6
5020;12,5
5021;13,5
5022;15,5
5023;16,8
5024;19
5025;19,8
5026;19,2
5027;19,1
5028;18,8
5029;19,1
5030;19,1
5031;20,1
5032;20,8
5033;20,9
5034;20,2
5035;19,2
5036;18,3
5037;17,3
5038;16,3
5039;15,3
5040;14,8
5041;14,2
5042;13,8
5043;13,6
5044;13,6
5045;14
5046;15,3
5047;17,1
5048;18,3
5049;20,6
5050;22,1
5051;22,8
5052;23
5053;23
5054;22,5
5055;22,1
5056;21,3
5057;20,4
5058;19,4
5059;18,6
5060;17,8
5061;17,3
5062;16,8
5063;16,4
5064;16,1
5065;15,8
5066;15,7
5067;15,6
5068;15,6
5069;16,6
5070;18,3
5071;20,2
5072;22,4
5073;24,5
5074;26,6
5075;26,9
5076;27,1
5077;27,1
5078;26,9
5079;26,6
5080;25,9
5081;25,1
5082;24,1
5083;23,1
5084;21
5085;19
5086;17
5087;15
5088;12,9
5089;11,3
5090;9,5
5091;8,7
5092;8,6
5093;9,5
5094;11
5095;12,8
5096;15
5097;17,3
5098;19,4
5099;21,3
5100;22,7
5101;23,8
5102;24,4
5103;24,5
5104;24,2
5105;23,2
5106;21,7
5107;19,8
5108;17,8
5109;15,9
5110;14
5111;12,4
5112;11,7
5113;11,1
5114;10,7
5115;10,5
5116;10,4
5117;10,9
5118;11,8
5119;12,8
5120;13,9
5121;15
5122;16,3
5123;17
5124;17,5
5125;18,3
5126;18,8
5127;18,9
5128;18,6
5129;18,1
5130;17,3
5131;16,4
5132;14,8
5133;13,3
5134;12
5135;10,7
5136;9,5
5137;8,2
5138;7,5
5139;7
5140;6,9
5141;7,9
5142;9,7
5143;11,7
5144;13,7
5145;16,1
5146;18,3
5147;17,9
5148;17,8
5149;17,8
5150;17,4
5151;17
5152;16,5
5153;15,5
5154;14,3
5155;13
5156;12
5157;10,8
5158;9,6
5159;8,5
5160;8,2
5161;7,8
5162;7,5
5163;7,3
5164;7,3
5165;8,3
5166;10,1
5167;12,3
5168;14,9
5169;17,6
5170;20,1
5171;22,2
5172;24
5173;25,2
5174;26
5175;26,3
5176;26
5177;24,9
5178;23,3
5179;21,2
5180;19,6
5181;18
5182;16,4
5183;14,8
5184;13,7
5185;12,7
5186;12,1
5187;11,7
5188;11,6
5189;12,4
5190;13,8
5191;15,7
5192;18
5193;20,1
5194;22,1
5195;23,8
5196;25,3
5197;26,5
5198;27,2
5199;27,5
5200;27,2
5201;26,3
5202;24,9
5203;23,2
5204;21,7
5205;20,3
5206;18,8
5207;17,4
5208;16,5
5209;15,7
5210;15,3
5211;15
5212;14,9
5213;15
5214;15,1
5215;15,5
5216;15,7
5217;16
5218;16,3
5219;16,6
5220;16,8
5221;16,8
5222;16,8
5223;16,9
5224;16,8
5225;15,6
5226;16
5227;15,9
5228;15,3
5229;14,6
5230;14
5231;13,3
5232;12,9
5233;12,3
5234;12,1
5235;11,9
5236;11,8
5237;12,4
5238;13,3
5239;15,1
5240;17,3
5241;19,6
5242;21,5
5243;22,8
5244;24,1
5245;25,2
5246;25,7
5247;25,7
5248;25,8
5249;24,8
5250;23,5
5251;22,1
5252;20,2
5253;18,3
5254;16,4
5255;14,5
5256;12,9
5257;11,5
5258;10,7
5259;10,1
5260;10,1
5261;10,7
5262;11,3
5263;12,7
5264;14
5265;16
5266;18,2
5267;19,6
5268;20,8
5269;21,4
5270;20,8
5271;20,1
5272;19,3
5273;18,6
5274;17,9
5275;16,7
5276;15,5
5277;14,4
5278;13,2
5279;12,3
5280;11,8
5281;11,3
5282;11
5283;10,8
5284;10,8
5285;11,4
5286;12,6
5287;13,6
5288;15,3
5289;16,3
5290;17,3
5291;16,9
5292;16,7
5293;17,3
5294;17,2
5295;16,6
5296;16,1
5297;15,4
5298;14,8
5299;14,2
5300;13,2
5301;12,4
5302;11,5
5303;10,6
5304;10
5305;9,4
5306;9,1
5307;8,7
5308;8,5
5309;8,9
5310;9,3
5311;12,1
5312;13,3
5313;15
5314;17,2
5315;17
5316;17,5
5317;18,4
5318;18,6
5319;17,5
5320;16,1
5321;15,3
5322;14,6
5323;13,6
5324;13
5325;12,7
5326;12,2
5327;11,8
5328;11,5
5329;11,3
5330;11,1
5331;11
5332;10,9
5333;11,1
5334;11,7
5335;12,9
5336;14,5
5337;16,3
5338;17,9
5339;18,9
5340;19,5
5341;20,1
5342;20,3
5343;20
5344;19,5
5345;18,5
5346;17,3
5347;16,3
5348;16,3
5349;16,3
5350;16,3
5351;16,2
5352;16,4
5353;16,6
5354;16,8
5355;16,9
5356;17
5357;17,5
5358;17,9
5359;19,4
5360;22
5361;23,3
5362;22,7
5363;22,6
5364;22,8
5365;22,9
5366;24
5367;25,3
5368;26,3
5369;26,6
5370;26,2
5371;25,3
5372;24,2
5373;23
5374;21,9
5375;20,8
5376;19,4
5377;18
5378;17,3
5379;16,5
5380;16
5381;16,4
5382;18,4
5383;17,8
5384;18,2
5385;19,3
5386;20,6
5387;21,9
5388;23,4
5389;24,8
5390;26,1
5391;26,6
5392;26,5
5393;25,7
5394;24,6
5395;23,4
5396;22,3
5397;21,3
5398;20,3
5399;19,2
5400;18,6
5401;18
5402;17,7
5403;17,3
5404;16,7
5405;17,1
5406;18,1
5407;19,1
5408;20,1
5409;20,9
5410;21,7
5411;22,4
5412;23
5413;23,5
5414;23,8
5415;23,8
5416;23,5
5417;22,9
5418;22,3
5419;21,5
5420;20,4
5421;19,3
5422;18,1
5423;17
5424;16
5425;15
5426;14,4
5427;13,8
5428;13,4
5429;13,7
5430;15,3
5431;18,3
5432;19
5433;19
5434;19,2
5435;20,1
5436;20,4
5437;20,9
5438;20,9
5439;20,5
5440;20,6
5441;20,4
5442;19,7
5443;18,7
5444;17,1
5445;15,6
5446;14
5447;12,6
5448;11,8
5449;10,9
5450;10,4
5451;9,9
5452;9,5
5453;9,8
5454;11,7
5455;13,8
5456;16,3
5457;18,7
5458;20,8
5459;22,7
5460;24,1
5461;25
5462;25,5
5463;25,6
5464;24,9
5465;23,6
5466;21,9
5467;19,9
5468;19,2
5469;18,5
5470;17,8
5471;17,1
5472;17,1
5473;17,1
5474;17,1
5475;17,1
5476;17,1
5477;17,3
5478;18,3
5479;19,2
5480;20,2
5481;20,7
5482;21,4
5483;21,7
5484;22,1
5485;22,3
5486;22,5
5487;22,2
5488;22,5
5489;22,4
5490;22,1
5491;21,3
5492;20,4
5493;19
5494;18,7
5495;17,9
5496;17,1
5497;16,2
5498;15,8
5499;15,3
5500;14,9
5501;15
5502;16
5503;16,9
5504;17,7
5505;18,6
5506;19,4
5507;20,1
5508;20,6
5509;21
5510;21,1
5511;21
5512;20,6
5513;20
5514;19,2
5515;18,3
5516;17,8
5517;17,2
5518;16,5
5519;15,8
5520;15,5
5521;15,3
5522;15,1
5523;15
5524;14,9
5525;15,1
5526;16,2
5527;17,5
5528;19,7
5529;21,9
5530;23,1
5531;23,6
5532;23,4
5533;22,5
5534;21,4
5535;20,4
5536;19,6
5537;18,8
5538;18,1
5539;17,5
5540;18,6
5541;19,6
5542;20,5
5543;21,7
5544;21,1
5545;21,7
5546;21,5
5547;21,8
5548;21,7
5549;21,9
5550;22,8
5551;23,1
5552;24,3
5553;25,5
5554;26,9
5555;28,3
5556;28,7
5557;28,8
5558;28,5
5559;28,2
5560;27,5
5561;26,9
5562;26,4
5563;25,8
5564;25
5565;24,2
5566;23,4
5567;22,6
5568;20,3
5569;17,9
5570;16,5
5571;15,2
5572;14,2
5573;14,3
5574;15,7
5575;17,4
5576;19
5577;20,6
5578;22,1
5579;23,2
5580;24
5581;24,5
5582;24,6
5583;24,5
5584;24
5585;23
5586;21,7
5587;20,3
5588;18,4
5589;16,5
5590;14,7
5591;12,8
5592;12,3
5593;11,5
5594;11,1
5595;10,7
5596;10,4
5597;10,5
5598;11,8
5599;13,4
5600;15,3
5601;17,2
5602;18,8
5603;20,2
5604;21,3
5605;22
5606;22,3
5607;22,1
5608;21,5
5609;20,5
5610;19,2
5611;17,8
5612;16,8
5613;15,8
5614;14,9
5615;13,9
5616;13,4
5617;12,8
5618;12,7
5619;12,4
5620;12,2
5621;12,3
5622;13,6
5623;15,3
5624;17,2
5625;19
5626;20,7
5627;22,1
5628;23,2
5629;23,9
5630;24,3
5631;24,3
5632;23,9
5633;22,9
5634;21,6
5635;20,2
5636;19,4
5637;18,7
5638;17,9
5639;17,2
5640;16,8
5641;16,3
5642;16
5643;15,8
5644;15,6
5645;15,6
5646;16,6
5647;18
5648;19,7
5649;21,4
5650;22,2
5651;22,8
5652;23,6
5653;24,5
5654;25,1
5655;25,2
5656;24,9
5657;24,2
5658;23,2
5659;22,1
5660;21,9
5661;21,6
5662;21,4
5663;21,2
5664;21,3
5665;21,4
5666;21,4
5667;21,4
5668;21,4
5669;21,4
5670;22,4
5671;24,4
5672;26,1
5673;27,6
5674;28,8
5675;29,7
5676;30,7
5677;31,1
5678;31,4
5679;31,5
5680;31,5
5681;30,8
5682;29,8
5683;28,7
5684;27,1
5685;25,5
5686;24
5687;22,4
5688;21,1
5689;19,7
5690;18,9
5691;18,1
5692;17,6
5693;17,6
5694;19
5695;20,6
5696;22,5
5697;24,1
5698;25,6
5699;27,1
5700;27,6
5701;28,3
5702;28,6
5703;28,5
5704;27,9
5705;26,9
5706;25,7
5707;24,4
5708;22,8
5709;21,1
5710;19,5
5711;17,9
5712;16,9
5713;15,8
5714;15,2
5715;14,5
5716;14,1
5717;14,1
5718;15,8
5719;17,9
5720;20,2
5721;22,4
5722;24,3
5723;26
5724;27,2
5725;28
5726;28,4
5727;28,3
5728;27,6
5729;26,4
5730;24,8
5731;23,2
5732;22
5733;20,9
5734;19,8
5735;18,7
5736;18,1
5737;17,5
5738;17,1
5739;16,8
5740;16,5
5741;16,7
5742;18
5743;20,1
5744;21,9
5745;23,3
5746;24,4
5747;26,2
5748;27,4
5749;27,5
5750;27,5
5751;27,6
5752;27,1
5753;26,1
5754;24,8
5755;23,6
5756;22,9
5757;22,1
5758;21,4
5759;20,7
5760;20,4
5761;20,1
5762;20
5763;19,9
5764;19,9
5765;20
5766;20,2
5767;20,4
5768;20,7
5769;21
5770;21,3
5771;21,8
5772;25,3
5773;26,5
5774;28,2
5775;29
5776;29,2
5777;28,9
5778;28,1
5779;27,3
5780;26
5781;24,6
5782;23,3
5783;21,9
5784;20,2
5785;18,3
5786;17,3
5787;16,4
5788;15,7
5789;15,6
5790;15,6
5791;15,9
5792;15,9
5793;16,3
5794;17,2
5795;17,9
5796;18,2
5797;18,9
5798;19,3
5799;19,4
5800;19
5801;18,4
5802;18
5803;17,4
5804;16,4
5805;15,4
5806;14,4
5807;13,3
5808;12,9
5809;12,6
5810;12,4
5811;12,3
5812;12,1
5813;12,1
5814;12,7
5815;13,4
5816;14,4
5817;15,4
5818;16,4
5819;17,2
5820;17,8
5821;18,1
5822;18,2
5823;18,1
5824;17,8
5825;17,2
5826;16,5
5827;15,9
5828;14,4
5829;13,5
5830;12,4
5831;11,2
5832;10
5833;8,9
5834;7,7
5835;6,9
5836;6,4
5837;6,4
5838;7,9
5839;9,1
5840;10,8
5841;12,8
5842;13,9
5843;13,9
5844;14,8
5845;16,1
5846;17,2
5847;17,4
5848;16,9
5849;15,7
5850;14,2
5851;12,7
5852;11,2
5853;9,8
5854;8,3
5855;6,9
5856;5,9
5857;4,9
5858;4,3
5859;3,7
5860;3,3
5861;3,3
5862;4,8
5863;6,7
5864;8,9
5865;11,3
5866;13,2
5867;15,2
5868;16,8
5869;17,8
5870;18,4
5871;18,5
5872;18
5873;16,7
5874;14,6
5875;13,4
5876;12,4
5877;11,3
5878;10,2
5879;9,2
5880;8,5
5881;7,8
5882;7,5
5883;7,1
5884;6,8
5885;6,8
5886;7,8
5887;9,7
5888;11,8
5889;14,3
5890;16,1
5891;17,9
5892;19,1
5893;20
5894;20,1
5895;20
5896;19,3
5897;18,2
5898;16,5
5899;15,2
5900;14
5901;12,9
5902;11,8
5903;10,8
5904;10
5905;9,2
5906;8,8
5907;8,3
5908;8
5909;8
5910;8,6
5911;9,3
5912;10,5
5913;11,6
5914;12,5
5915;13,3
5916;14
5917;14,5
5918;14,6
5919;14,4
5920;13,9
5921;13,1
5922;12,4
5923;11,7
5924;11
5925;10,3
5926;9,5
5927;8,9
5928;8,5
5929;8
5930;7,7
5931;7,5
5932;7,3
5933;7,3
5934;8,1
5935;9,5
5936;11,1
5937;12,6
5938;13,8
5939;15
5940;16,1
5941;16,7
5942;17,1
5943;16,9
5944;16,3
5945;15,3
5946;14
5947;13,3
5948;12,7
5949;12
5950;11,4
5951;10,7
5952;10,3
5953;9,8
5954;9,6
5955;9,5
5956;9,3
5957;9,4
5958;9,8
5959;11,8
5960;13,9
5961;15,7
5962;16,9
5963;17,7
5964;16,4
5965;15,2
5966;14,6
5967;13,8
5968;13,4
5969;12,8
5970;12,3
5971;12,2
5972;12,1
5973;12
5974;11,9
5975;11,8
5976;11,1
5977;11,1
5978;11,1
5979;11
5980;10,9
5981;11
5982;11,2
5983;11,4
5984;11,7
5985;12
5986;12,2
5987;12,5
5988;12,7
5989;14,7
5990;16,1
5991;17
5992;17,3
5993;17,2
5994;16,6
5995;15,4
5996;14,3
5997;13,2
5998;12,3
5999;11,3
6000;9,8
6001;8,1
6002;7,2
6003;6,4
6004;5,7
6005;5,6
6006;6,6
6007;8
6008;9,7
6009;11,3
6010;12,8
6011;14,1
6012;15,2
6013;15,8
6014;16,1
6015;16
6016;15,2
6017;14
6018;12,6
6019;11,4
6020;10,1
6021;8,9
6022;7,6
6023;6,3
6024;5,7
6025;5
6026;4,7
6027;4,4
6028;4,1
6029;4
6030;5,4
6031;7,6
6032;10
6033;12,4
6034;14,7
6035;16,9
6036;18,6
6037;19,7
6038;20,3
6039;20,2
6040;19,3
6041;17,6
6042;15,6
6043;14,2
6044;12,8
6045;11,8
6046;10,6
6047;9,4
6048;8,5
6049;7,5
6050;6,9
6051;6,3
6052;6
6053;5,9
6054;7,3
6055;9,5
6056;12
6057;14,6
6058;17,1
6059;19,3
6060;20,9
6061;21,9
6062;22,3
6063;22,2
6064;21,1
6065;19,4
6066;17,2
6067;16,1
6068;14,9
6069;13,8
6070;12,8
6071;11,9
6072;11,4
6073;10,8
6074;10,5
6075;10,2
6076;10
6077;10
6078;11,2
6079;13,3
6080;16
6081;18,8
6082;21,4
6083;23,5
6084;25,2
6085;26,3
6086;26,8
6087;26,8
6088;25,9
6089;24,3
6090;22,3
6091;21,5
6092;20,7
6093;20
6094;19,2
6095;18,4
6096;18
6097;17,5
6098;17,2
6099;16,9
6100;16,7
6101;16,7
6102;17
6103;17,4
6104;18,2
6105;18,9
6106;19,8
6107;20,6
6108;21
6109;21
6110;21,1
6111;21,2
6112;21
6113;20,6
6114;19,9
6115;19,6
6116;18,6
6117;18,6
6118;18,3
6119;18
6120;17,9
6121;17,7
6122;17,6
6123;17,6
6124;17,5
6125;17,5
6126;17,8
6127;18,3
6128;18,9
6129;19,8
6130;20
6131;21,5
6132;22
6133;22,4
6134;22,5
6135;22,4
6136;22,2
6137;21,9
6138;21
6139;20,7
6140;19,8
6141;19,4
6142;18,8
6143;18,2
6144;17,1
6145;16,7
6146;16,4
6147;16,1
6148;15,9
6149;15,9
6150;16,3
6151;16,9
6152;17,9
6153;18,3
6154;18,7
6155;19,2
6156;19,4
6157;19,8
6158;20,2
6159;20,4
6160;20,2
6161;19,8
6162;19,2
6163;18,3
6164;17,3
6165;16,3
6166;15,4
6167;14,4
6168;13,2
6169;12,2
6170;11,7
6171;11,1
6172;10,7
6173;10,7
6174;11,6
6175;13
6176;15,1
6177;17
6178;19,2
6179;21,1
6180;22,4
6181;23,4
6182;23,9
6183;23,8
6184;23
6185;21,6
6186;20
6187;18,4
6188;16,8
6189;15,2
6190;13,5
6191;12,2
6192;11
6193;9,8
6194;9,1
6195;8,5
6196;8
6197;7,9
6198;8,9
6199;10,9
6200;13
6201;15,7
6202;18,1
6203;20
6204;21,6
6205;22,5
6206;23
6207;22,8
6208;21,9
6209;20,3
6210;18,3
6211;16,8
6212;15,4
6213;13,9
6214;12,6
6215;11,4
6216;10,5
6217;9,6
6218;9,2
6219;8,7
6220;8,4
6221;8,3
6222;9,2
6223;11
6224;12,9
6225;15,1
6226;17,1
6227;18,8
6228;20,1
6229;21
6230;21,3
6231;21
6232;20,1
6233;18,7
6234;17,1
6235;15,9
6236;14,7
6237;13,5
6238;12,5
6239;11,5
6240;10,7
6241;9,9
6242;9,5
6243;9
6244;8,7
6245;8,6
6246;9,5
6247;11,3
6248;13,4
6249;15,9
6250;18,2
6251;20,1
6252;21,6
6253;22,6
6254;23
6255;22,9
6256;22
6257;20,4
6258;18,6
6259;17,6
6260;16,7
6261;15,8
6262;14,8
6263;13,9
6264;13,4
6265;13
6266;12,8
6267;12,7
6268;12,5
6269;12,5
6270;13
6271;16,2
6272;19
6273;21,7
6274;24
6275;25,9
6276;27,3
6277;28,2
6278;28,6
6279;28,4
6280;27,4
6281;25,9
6282;24,1
6283;23,4
6284;22,6
6285;21,9
6286;21,2
6287;20,5
6288;19,4
6289;18,3
6290;17,1
6291;16,5
6292;15,9
6293;15,5
6294;15,8
6295;16,2
6296;17
6297;17,4
6298;18,5
6299;19,3
6300;19,5
6301;19,3
6302;19,4
6303;19,3
6304;19
6305;18,4
6306;17,6
6307;16,7
6308;15,7
6309;14,7
6310;13,6
6311;12,8
6312;12,1
6313;11,4
6314;10,8
6315;10,4
6316;10
6317;9,7
6318;10
6319;11,3
6320;12,6
6321;13,3
6322;13,8
6323;14,2
6324;14,9
6325;14,9
6326;15,4
6327;15,2
6328;14,1
6329;13,2
6330;12,6
6331;12,5
6332;12,4
6333;12,3
6334;12,2
6335;12,1
6336;12,2
6337;12,5
6338;12,7
6339;12,8
6340;12,8
6341;12,9
6342;13,3
6343;14
6344;15,1
6345;15,8
6346;17,1
6347;17,8
6348;18,6
6349;19
6350;19,4
6351;19,4
6352;19
6353;18,8
6354;18
6355;17,5
6356;16,9
6357;16,4
6358;15,8
6359;15,2
6360;14,5
6361;13,7
6362;12,9
6363;12,7
6364;12,3
6365;12,1
6366;12,2
6367;12,9
6368;13,3
6369;13,7
6370;14
6371;14,4
6372;14,9
6373;15,1
6374;15,2
6375;15,1
6376;14,9
6377;14,5
6378;13,4
6379;13
6380;12,6
6381;11,9
6382;11,2
6383;10,6
6384;10,1
6385;9,6
6386;9,1
6387;8,8
6388;8,5
6389;8,4
6390;9
6391;10,6
6392;11
6393;12,2
6394;12,2
6395;13,5
6396;15,1
6397;17,2
6398;18,3
6399;18,6
6400;18,2
6401;17,1
6402;15,8
6403;15
6404;14,2
6405;13,4
6406;12,7
6407;12
6408;11,4
6409;10,6
6410;9,9
6411;9,5
6412;9,1
6413;8,9
6414;9,2
6415;11,2
6416;13,5
6417;14,6
6418;15,9
6419;15,7
6420;16,1
6421;16,2
6422;16,1
6423;15
6424;14,2
6425;13,2
6426;12,4
6427;11,8
6428;11,2
6429;10,5
6430;9,9
6431;9,3
6432;8,7
6433;8,4
6434;8
6435;7,8
6436;7,6
6437;7,5
6438;7,6
6439;8,1
6440;8,5
6441;8,9
6442;9,2
6443;9,4
6444;9,4
6445;11
6446;12
6447;12,5
6448;12,5
6449;12
6450;11,3
6451;11
6452;10,7
6453;10,3
6454;10
6455;9,7
6456;9,4
6457;9
6458;8,7
6459;7,9
6460;7,9
6461;8,2
6462;8,2
6463;8,7
6464;9,1
6465;9,5
6466;9,8
6467;10,2
6468;10,4
6469;10,5
6470;9,2
6471;10,3
6472;10,1
6473;10
6474;9,4
6475;9,2
6476;8,6
6477;8,4
6478;8
6479;7,4
6480;7,1
6481;6,8
6482;6,4
6483;6,2
6484;6
6485;5,9
6486;6,1
6487;7,5
6488;8
6489;8,3
6490;9,7
6491;11,9
6492;12,6
6493;12,5
6494;11,6
6495;10,7
6496;10
6497;9,4
6498;9,1
6499;8,9
6500;8,7
6501;8,4
6502;8,2
6503;8
6504;7,6
6505;7,2
6506;6,6
6507;6,6
6508;6,4
6509;6,3
6510;6,3
6511;6,9
6512;8
6513;8,4
6514;8,7
6515;9,7
6516;10,2
6517;10,2
6518;10,1
6519;9,9
6520;9,4
6521;8,8
6522;8,6
6523;8,3
6524;8
6525;7,7
6526;7,4
6527;7,1
6528;7
6529;6,8
6530;6,7
6531;6,7
6532;6,7
6533;6,7
6534;6,8
6535;7,2
6536;8,4
6537;8,4
6538;9,3
6539;11,8
6540;13,2
6541;14,5
6542;15,4
6543;15,5
6544;15,1
6545;14
6546;12,8
6547;11,9
6548;10,8
6549;9,8
6550;8,4
6551;7,1
6552;5,7
6553;4,4
6554;3
6555;2,1
6556;1,3
6557;0,7
6558;0,7
6559;1,6
6560;2,8
6561;4
6562;5,8
6563;6,7
6564;5,9
6565;5,2
6566;4,8
6567;5,1
6568;4,6
6569;3,8
6570;3,1
6571;2,3
6572;1,5
6573;0,6
6574;-0,1
6575;-0,8
6576;-1,2
6577;-1,7
6578;-2,1
6579;-2,3
6580;-2,6
6581;-2,8
6582;-2,8
6583;-2,2
6584;-0,4
6585;1,9
6586;4,7
6587;5,5
6588;6,1
6589;6,4
6590;7,1
6591;7,5
6592;7,1
6593;5,7
6594;4,9
6595;4,1
6596;3,2
6597;2,3
6598;1,4
6599;0,5
6600;0
6601;-0,6
6602;-1,1
6603;-1,4
6604;-1,6
6605;-1,8
6606;-1,5
6607;0,5
6608;2
6609;5
6610;8
6611;10,6
6612;12,1
6613;12,2
6614;11,1
6615;9,6
6616;8,1
6617;6,6
6618;6,3
6619;6
6620;5,7
6621;5,4
6622;5,1
6623;4,8
6624;4,3
6625;3,9
6626;3,3
6627;3,2
6628;2,7
6629;2,9
6630;2,9
6631;3,2
6632;3,5
6633;3,7
6634;4
6635;4,2
6636;4,3
6637;6,4
6638;7,6
6639;8,2
6640;8,1
6641;7,4
6642;7,4
6643;7,3
6644;7,2
6645;7,2
6646;7,1
6647;7
6648;7
6649;7
6650;7,1
6651;7,1
6652;7,2
6653;7,2
6654;7,3
6655;8,5
6656;8,6
6657;9,3
6658;10,3
6659;10,4
6660;10,6
6661;13,1
6662;14,9
6663;15,7
6664;15,8
6665;14,7
6666;14,2
6667;13,7
6668;13,1
6669;12,8
6670;12,4
6671;11,9
6672;11,2
6673;10,5
6674;9,8
6675;9,4
6676;9,1
6677;8,8
6678;8,9
6679;9,4
6680;9,6
6681;9,8
6682;9,9
6683;10,3
6684;10,9
6685;13,5
6686;15,6
6687;16,3
6688;16,2
6689;15,1
6690;14,8
6691;14,5
6692;14,3
6693;14
6694;13,7
6695;13,4
6696;13,2
6697;13,1
6698;12,9
6699;12,8
6700;12,9
6701;12,8
6702;12,9
6703;13,2
6704;13,6
6705;15
6706;15,7
6707;16,4
6708;16,8
6709;17
6710;17
6711;16,9
6712;16,5
6713;15,9
6714;15,3
6715;14,8
6716;14,1
6717;13,7
6718;13,2
6719;12,8
6720;12,1
6721;11,4
6722;10,7
6723;10,3
6724;9,9
6725;9,7
6726;9,6
6727;10,6
6728;11,7
6729;12,8
6730;14
6731;15,1
6732;15,7
6733;16
6734;16
6735;15,5
6736;14,7
6737;13,7
6738;13,2
6739;12,9
6740;12,5
6741;12,1
6742;11,7
6743;11,2
6744;11
6745;10,9
6746;10,7
6747;10,6
6748;10,5
6749;10,4
6750;10,4
6751;11,3
6752;12,1
6753;13,2
6754;14,3
6755;15,1
6756;15,8
6757;16,2
6758;16,3
6759;16
6760;15,4
6761;14,6
6762;14,1
6763;13,6
6764;13,1
6765;12,7
6766;12,3
6767;11,8
6768;11,3
6769;10,9
6770;10,5
6771;10,3
6772;10,2
6773;10,1
6774;10,2
6775;11,5
6776;13
6777;16,5
6778;18,6
6779;19,9
6780;20,3
6781;18,8
6782;17,6
6783;16,5
6784;15,4
6785;14,4
6786;14
6787;13,6
6788;13,2
6789;12,8
6790;12,6
6791;12,3
6792;11,6
6793;11
6794;10,4
6795;10,1
6796;9,9
6797;9,7
6798;9,8
6799;11,3
6800;13,1
6801;15,3
6802;17,7
6803;19,9
6804;21,2
6805;22
6806;22,3
6807;21,7
6808;20,5
6809;19
6810;18,2
6811;17,3
6812;16,5
6813;15,6
6814;14,7
6815;13,9
6816;12,8
6817;11,7
6818;10,6
6819;10
6820;9,5
6821;9,1
6822;9,1
6823;10,3
6824;12
6825;13,7
6826;15,8
6827;17,1
6828;18,5
6829;19,2
6830;19,3
6831;19,1
6832;18,1
6833;16,5
6834;15,2
6835;13,9
6836;12,8
6837;11,7
6838;10,6
6839;9,5
6840;8,5
6841;7,6
6842;6,7
6843;6,2
6844;5,7
6845;5,4
6846;5,4
6847;7
6848;9,2
6849;11,6
6850;13,9
6851;16,2
6852;17,8
6853;18,8
6854;19
6855;18,3
6856;16,7
6857;14,7
6858;13,7
6859;12,8
6860;11,9
6861;11
6862;10,1
6863;9,2
6864;8,5
6865;7,7
6866;6,9
6867;6,5
6868;6,1
6869;5,8
6870;5,8
6871;7,4
6872;9,3
6873;11,3
6874;12,9
6875;14,4
6876;15,4
6877;15,9
6878;16
6879;15,4
6880;14,1
6881;12,7
6882;12
6883;11,4
6884;10,8
6885;10,1
6886;9,5
6887;8,8
6888;8,4
6889;8
6890;7,5
6891;7,3
6892;7,1
6893;6,9
6894;6,9
6895;8,2
6896;10,3
6897;12,4
6898;14,2
6899;15,8
6900;16,9
6901;17,4
6902;17,5
6903;16,8
6904;15,6
6905;14,1
6906;13,4
6907;12,9
6908;12,3
6909;11,7
6910;11,1
6911;10,5
6912;9,9
6913;9,4
6914;8,8
6915;8,5
6916;8,2
6917;8
6918;8
6919;9,3
6920;11,1
6921;12,8
6922;14,5
6923;15,8
6924;16,7
6925;17,3
6926;17,5
6927;16,9
6928;15,7
6929;14,3
6930;13,7
6931;13,1
6932;12,6
6933;12,1
6934;11,5
6935;11
6936;10,5
6937;10,1
6938;9,7
6939;9,6
6940;9,4
6941;9,3
6942;9,3
6943;9,7
6944;10,2
6945;10,7
6946;10,9
6947;11
6948;10,9
6949;12,9
6950;14
6951;14,5
6952;14,2
6953;13,5
6954;12,8
6955;12,1
6956;11,4
6957;10,6
6958;9,9
6959;9,2
6960;7,6
6961;5,8
6962;4,1
6963;3,1
6964;2,1
6965;1,4
6966;1,3
6967;2,5
6968;3,5
6969;4,9
6970;5,6
6971;6,1
6972;6,7
6973;6,8
6974;6,6
6975;6,2
6976;5,3
6977;4,4
6978;3,9
6979;3,4
6980;2,9
6981;2,4
6982;1,9
6983;1,4
6984;1,6
6985;2
6986;2,3
6987;2,5
6988;2,7
6989;2,9
6990;3
6991;4,6
6992;6,3
6993;9,4
6994;11,2
6995;12,2
6996;12,2
6997;11,2
6998;10,7
6999;10,1
7000;9,1
7001;8,3
7002;8,1
7003;7,9
7004;7,7
7005;7,4
7006;7,2
7007;7
7008;6,4
7009;5,7
7010;4,9
7011;4,8
7012;4,4
7013;4,1
7014;4,1
7015;4,6
7016;5,2
7017;6,4
7018;7,2
7019;8
7020;8,2
7021;7,8
7022;7,8
7023;7,1
7024;6,5
7025;6
7026;5,9
7027;5,8
7028;5,6
7029;5,5
7030;5,3
7031;5,2
7032;5,2
7033;5,3
7034;5,4
7035;5,5
7036;5,5
7037;5,6
7038;5,7
7039;6,7
7040;8,2
7041;10,9
7042;12,1
7043;14,2
7044;15,9
7045;16,2
7046;15,5
7047;15,1
7048;13,8
7049;12,6
7050;12,2
7051;11,8
7052;11,4
7053;11
7054;10,6
7055;10,2
7056;9,5
7057;8,8
7058;8,1
7059;7,7
7060;7,4
7061;7,1
7062;7
7063;7,7
7064;8,4
7065;9
7066;9,7
7067;9,8
7068;10,4
7069;10,7
7070;10,5
7071;10,2
7072;9,7
7073;9,2
7074;8,7
7075;8,2
7076;7,7
7077;7,2
7078;6,7
7079;6,2
7080;5,8
7081;5,4
7082;5,1
7083;4,9
7084;4,8
7085;4,7
7086;4,7
7087;5,3
7088;6,3
7089;7,6
7090;9
7091;9,9
7092;10,7
7093;11,1
7094;10,8
7095;10,2
7096;9,3
7097;8,6
7098;8,2
7099;7,9
7100;7,6
7101;7,2
7102;6,9
7103;6,5
7104;6,1
7105;5,7
7106;5,3
7107;5,1
7108;4,9
7109;4,9
7110;4,9
7111;5,2
7112;5,8
7113;6,4
7114;7,8
7115;9,1
7116;10,1
7117;11,2
7118;12
7119;12,2
7120;11,5
7121;10,5
7122;10,3
7123;10
7124;9,7
7125;9,5
7126;9,2
7127;9
7128;8,8
7129;8,5
7130;8,3
7131;8,2
7132;8,1
7133;8
7134;7,9
7135;8,1
7136;8,8
7137;9,5
7138;10,2
7139;10,7
7140;11
7141;11,1
7142;11,1
7143;11
7144;10,5
7145;10,2
7146;9,8
7147;9,3
7148;9
7149;8,5
7150;8,3
7151;7,6
7152;7,7
7153;7,2
7154;7
7155;6,9
7156;6,7
7157;6,6
7158;6,5
7159;6,7
7160;6,6
7161;7,2
7162;7,4
7163;7,5
7164;7,6
7165;9,1
7166;9,9
7167;10,1
7168;9,6
7169;9,2
7170;8,9
7171;8,5
7172;8,1
7173;7,7
7174;7,4
7175;7
7176;6,6
7177;6,2
7178;5,8
7179;5,6
7180;5,3
7181;5,2
7182;5,1
7183;5,1
7184;5,3
7185;5,6
7186;5,6
7187;5,9
7188;6,2
7189;7,4
7190;8,1
7191;8,2
7192;7,7
7193;7,5
7194;7,2
7195;6,9
7196;6,6
7197;6,3
7198;6
7199;5,7
7200;5,5
7201;5,2
7202;5
7203;4,9
7204;4,8
7205;4,7
7206;4,7
7207;5,3
7208;7,9
7209;10,4
7210;12,3
7211;13,9
7212;15,1
7213;15,7
7214;15,5
7215;14,5
7216;12,8
7217;12,3
7218;11,8
7219;11,3
7220;10,7
7221;10,2
7222;9,7
7223;9,2
7224;8,7
7225;8,1
7226;7,6
7227;7,3
7228;7
7229;6,9
7230;6,7
7231;7
7232;8,5
7233;10
7234;11,3
7235;12,8
7236;13,6
7237;14,4
7238;14,6
7239;14,1
7240;12,9
7241;12,1
7242;11,3
7243;10,5
7244;9,8
7245;9
7246;8,2
7247;7,4
7248;6,7
7249;5,8
7250;5
7251;4,6
7252;4,2
7253;3,8
7254;3,5
7255;3,7
7256;5,6
7257;7,6
7258;8,9
7259;9,9
7260;10,5
7261;10,6
7262;9,9
7263;8,9
7264;7,8
7265;7,4
7266;7
7267;6,6
7268;6,3
7269;5,9
7270;5,5
7271;5,1
7272;5
7273;4,9
7274;4,8
7275;4,7
7276;4,7
7277;4,7
7278;4,7
7279;5,1
7280;7,4
7281;9,8
7282;11,5
7283;12,9
7284;14
7285;14,5
7286;13,6
7287;12,4
7288;11,1
7289;10,8
7290;10,5
7291;10,1
7292;9,8
7293;9,5
7294;9,2
7295;8,9
7296;8,2
7297;7,8
7298;7,3
7299;7
7300;6,8
7301;6,6
7302;6,4
7303;6,5
7304;7,4
7305;8,3
7306;8,9
7307;9,5
7308;10,3
7309;10,4
7310;10,1
7311;9,6
7312;8,9
7313;8,6
7314;8,3
7315;7,9
7316;7,6
7317;7,3
7318;7
7319;6,6
7320;6,4
7321;6,2
7322;6,1
7323;6
7324;6
7325;6
7326;6
7327;6,3
7328;7,3
7329;9,4
7330;10,8
7331;12,7
7332;13,7
7333;14,1
7334;14,9
7335;14
7336;12,9
7337;12,7
7338;12,6
7339;12,4
7340;12,3
7341;12,2
7342;12
7343;11,9
7344;11,5
7345;11
7346;10,6
7347;10,4
7348;10,2
7349;10
7350;9,9
7351;10
7352;10,7
7353;11,4
7354;12,1
7355;12,8
7356;13,1
7357;13,2
7358;12,9
7359;12,7
7360;12,2
7361;11,7
7362;11,2
7363;10,7
7364;10,3
7365;9,6
7366;9,3
7367;8,8
7368;8,1
7369;7,3
7370;6,4
7371;6
7372;5,6
7373;5,3
7374;4,9
7375;5
7376;5,1
7377;5,4
7378;5,6
7379;5,7
7380;5,8
7381;5,5
7382;5,8
7383;5,6
7384;5,3
7385;4,9
7386;4,4
7387;3,9
7388;3,4
7389;3
7390;2,5
7391;2
7392;0,9
7393;-0,2
7394;-1,3
7395;-1,9
7396;-2,5
7397;-2,9
7398;-3,4
7399;-3,2
7400;-0,8
7401;0,9
7402;2,7
7403;4,5
7404;5,7
7405;6,5
7406;6,8
7407;6,1
7408;4,4
7409;3,7
7410;2,9
7411;2,2
7412;1,5
7413;0,8
7414;0
7415;-0,7
7416;-1
7417;-1,3
7418;-1,6
7419;-1,8
7420;-1,9
7421;-2
7422;-2,1
7423;-1,8
7424;0,5
7425;2,7
7426;5
7427;6,4
7428;7,7
7429;8,2
7430;7,6
7431;6,5
7432;5
7433;4,7
7434;4,2
7435;3,8
7436;3,4
7437;3
7438;2,6
7439;2,2
7440;1,6
7441;1,1
7442;0,5
7443;0,3
7444;0
7445;-0,3
7446;-0,5
7447;-0,3
7448;0,9
7449;2,3
7450;4
7451;5,1
7452;5,1
7453;5,2
7454;4,1
7455;3,4
7456;2,5
7457;2,5
7458;2,4
7459;2,4
7460;2,4
7461;2,4
7462;2,3
7463;2,3
7464;1,9
7465;2,5
7466;2,7
7467;2,8
7468;2,8
7469;2,9
7470;3
7471;3,1
7472;3,5
7473;4,1
7474;4,6
7475;4,9
7476;5,2
7477;5,4
7478;5,3
7479;5,1
7480;4,9
7481;4,8
7482;4,6
7483;4,7
7484;4,8
7485;4,7
7486;4,7
7487;4,7
7488;4,6
7489;4,5
7490;4,4
7491;4,4
7492;4,3
7493;4,3
7494;4,3
7495;4,4
7496;5
7497;5,4
7498;5,8
7499;6
7500;6,7
7501;6,8
7502;6,8
7503;6,5
7504;6,2
7505;5,9
7506;5,6
7507;5,3
7508;5,1
7509;4,9
7510;4,6
7511;4,3
7512;3,8
7513;3,3
7514;2,9
7515;2,6
7516;2,3
7517;2,2
7518;2
7519;2,1
7520;4,2
7521;6
7522;7,8
7523;9,1
7524;9,8
7525;10,2
7526;10,1
7527;9,1
7528;7,8
7529;7,4
7530;7,1
7531;6,7
7532;6,3
7533;6
7534;5,6
7535;5,3
7536;5
7537;4,8
7538;4,5
7539;4,4
7540;4,3
7541;4,2
7542;4,2
7543;4,3
7544;5,7
7545;7,2
7546;8,5
7547;9,4
7548;9,8
7549;10,1
7550;9,9
7551;9,3
7552;8,4
7553;7,9
7554;7,3
7555;6,8
7556;6,2
7557;5,7
7558;5,1
7559;4,6
7560;3,9
7561;3,1
7562;2,2
7563;1,7
7564;1,2
7565;0,9
7566;0,5
7567;0,4
7568;0,9
7569;1,3
7570;1,8
7571;2
7572;2
7573;1,9
7574;1,8
7575;1,5
7576;0,9
7577;1,3
7578;1,6
7579;1,9
7580;2,1
7581;2,6
7582;2,9
7583;3,2
7584;2,7
7585;4,2
7586;4,3
7587;5
7588;5,3
7589;5,5
7590;5,5
7591;5,8
7592;6,3
7593;6,9
7594;7,4
7595;7,9
7596;8,1
7597;8,4
7598;8,4
7599;8,3
7600;8
7601;8
7602;7,7
7603;7,8
7604;8
7605;7,8
7606;7,6
7607;7,8
7608;7,6
7609;7,4
7610;7,1
7611;7
7612;6,9
7613;6,8
7614;6,7
7615;6,8
7616;7,5
7617;8,2
7618;8,8
7619;9,5
7620;9,8
7621;11,6
7622;12,4
7623;12,3
7624;11,4
7625;10,9
7626;10,4
7627;9,9
7628;9,4
7629;8,9
7630;8,4
7631;7,8
7632;7,2
7633;6,5
7634;5,9
7635;5,5
7636;5,2
7637;5
7638;4,8
7639;4,8
7640;6,1
7641;7,6
7642;9
7643;10,1
7644;10,8
7645;11
7646;10,9
7647;10,1
7648;9,1
7649;8,5
7650;7,9
7651;7,2
7652;6,6
7653;6
7654;5,3
7655;4,7
7656;4,2
7657;3,5
7658;2,9
7659;2,6
7660;2,2
7661;2
7662;1,8
7663;1,8
7664;3,1
7665;4,5
7666;5,7
7667;6,8
7668;7,5
7669;7,7
7670;7,5
7671;6,8
7672;5,8
7673;5,5
7674;5,2
7675;4,9
7676;4,6
7677;4,2
7678;3,9
7679;3,6
7680;3,4
7681;3,2
7682;3,1
7683;3
7684;2,9
7685;2,9
7686;2,8
7687;2,9
7688;3,4
7689;5
7690;6,7
7691;7,4
7692;7
7693;6,7
7694;5,9
7695;5,3
7696;4,8
7697;5
7698;5,3
7699;5,5
7700;5,8
7701;6
7702;6,3
7703;6,5
7704;6,2
7705;6,4
7706;6,4
7707;6,5
7708;6,5
7709;6,5
7710;6,5
7711;6,5
7712;7
7713;7,7
7714;8,4
7715;8,9
7716;9,1
7717;9,2
7718;9,1
7719;8,8
7720;8,5
7721;8,3
7722;8,2
7723;8,1
7724;8
7725;7,8
7726;7,7
7727;7,6
7728;7,4
7729;7,3
7730;7
7731;7,1
7732;7
7733;7
7734;6,9
7735;7
7736;7,9
7737;8,5
7738;9,2
7739;10,1
7740;10,6
7741;10,8
7742;10,6
7743;10,1
7744;9,6
7745;9,3
7746;9
7747;8,7
7748;8,5
7749;8,2
7750;7,9
7751;7,6
7752;7,3
7753;6,9
7754;6,6
7755;6,4
7756;6,3
7757;6,2
7758;6,1
7759;6,1
7760;7,4
7761;9,1
7762;10,7
7763;12
7764;13
7765;13,6
7766;13,6
7767;12,8
7768;11,7
7769;11,2
7770;10,7
7771;10,2
7772;9,7
7773;9,2
7774;8,7
7775;8,2
7776;7,7
7777;7,1
7778;6,5
7779;6,2
7780;5,9
7781;5,6
7782;5,4
7783;5,4
7784;5,5
7785;5,6
7786;5,7
7787;5,8
7788;5,9
7789;5,7
7790;5,4
7791;5,6
7792;5,5
7793;5,2
7794;5
7795;4,7
7796;4,3
7797;4
7798;3,7
7799;3,3
7800;2,8
7801;2,2
7802;1,6
7803;1,3
7804;1
7805;0,7
7806;0,5
7807;0,5
7808;1,7
7809;3,6
7810;5,2
7811;5,8
7812;6,2
7813;6
7814;5,3
7815;4,4
7816;3,5
7817;3,3
7818;3,1
7819;2,8
7820;2,6
7821;2,4
7822;2,1
7823;1,9
7824;1,8
7825;1,7
7826;1,6
7827;1,5
7828;1,5
7829;1,5
7830;1,5
7831;1,5
7832;2,3
7833;3,5
7834;4,6
7835;4,9
7836;5,4
7837;5,9
7838;6,1
7839;5,9
7840;5,2
7841;4,8
7842;4,3
7843;3,8
7844;3,3
7845;2,8
7846;2,3
7847;1,7
7848;1
7849;0,3
7850;-0,5
7851;-0,9
7852;-1,4
7853;-1,7
7854;-2
7855;-2,1
7856;-1,9
7857;-1,7
7858;-1,5
7859;-1,3
7860;-1,2
7861;-1,2
7862;-1,3
7863;-1,6
7864;-1,8
7865;-2,1
7866;-2,2
7867;-2,4
7868;-2,6
7869;-2,9
7870;-3,1
7871;-3,5
7872;-3,1
7873;-3
7874;-2,8
7875;-2,6
7876;-2,5
7877;-2,4
7878;-2,3
7879;-2,2
7880;-1,8
7881;-1,3
7882;-0,9
7883;-0,7
7884;-0,4
7885;1,9
7886;3
7887;3,1
7888;2,3
7889;2,2
7890;2
7891;1,9
7892;1,7
7893;1,6
7894;1,4
7895;1,3
7896;0,9
7897;0,4
7898;0
7899;-0,3
7900;-0,5
7901;-0,7
7902;-0,9
7903;-0,9
7904;-0,9
7905;-0,8
7906;-0,8
7907;-0,7
7908;-0,6
7909;-0,7
7910;-0,8
7911;-1
7912;-1
7913;-1,2
7914;-1,4
7915;-1,6
7916;-1,8
7917;-2,1
7918;-2,7
7919;-2,7
7920;-2,8
7921;-3,1
7922;-3,4
7923;-3,6
7924;-3,8
7925;-3,9
7926;-4
7927;-4
7928;-2,5
7929;-0,1
7930;2,4
7931;4,4
7932;5,7
7933;6,3
7934;6,1
7935;5
7936;3,3
7937;3,2
7938;3
7939;2,8
7940;2,6
7941;2,4
7942;2,3
7943;2,1
7944;1,9
7945;1,8
7946;1,7
7947;1,7
7948;1,7
7949;1,6
7950;1,6
7951;1,7
7952;3,2
7953;5,5
7954;7,9
7955;9,9
7956;11,2
7957;11,9
7958;11,7
7959;10,6
7960;9,1
7961;8,7
7962;8,3
7963;7,9
7964;7,5
7965;7,1
7966;6,7
7967;6,3
7968;5,7
7969;5,1
7970;4,6
7971;4,3
7972;3,9
7973;3,6
7974;3,4
7975;3,1
7976;3,3
7977;4
7978;4,3
7979;4,8
7980;5
7981;5
7982;4,9
7983;4,6
7984;4,2
7985;3,7
7986;3,3
7987;2,7
7988;2,3
7989;1,9
7990;1,4
7991;0,9
7992;0,6
7993;0,3
7994;0
7995;-0,1
7996;-0,3
7997;-0,4
7998;-0,6
7999;-0,7
8000;-0,4
8001;0,2
8002;0,9
8003;1,4
8004;1,8
8005;2
8006;1,9
8007;1,5
8008;1,1
8009;0,8
8010;0,5
8011;0,2
8012;0
8013;-0,4
8014;-0,6
8015;-0,9
8016;-1,1
8017;-1,3
8018;-1,5
8019;-1,6
8020;-1,7
8021;-1,8
8022;-1,9
8023;-2
8024;-1,1
8025;1,8
8026;3,3
8027;3,7
8028;3,9
8029;4,2
8030;4,4
8031;4
8032;2,8
8033;2,3
8034;1,8
8035;1,3
8036;0,8
8037;0,3
8038;-0,2
8039;-0,7
8040;-1,2
8041;-1,8
8042;-2,4
8043;-2,8
8044;-3,1
8045;-3,5
8046;-3,7
8047;-3,9
8048;-3,6
8049;-1,7
8050;-1,2
8051;-0,7
8052;-0,7
8053;-0,2
8054;0
8055;-0,7
8056;-1,5
8057;-1,7
8058;-1,9
8059;-2,1
8060;-2,3
8061;-2,5
8062;-2,6
8063;-2,8
8064;-2,8
8065;-2,7
8066;-2,6
8067;-2,6
8068;-2,3
8069;-2,2
8070;-2,1
8071;-2
8072;-1,7
8073;-1,2
8074;-0,7
8075;-0,4
8076;-0,3
8077;1,8
8078;2,7
8079;2,7
8080;2
8081;1,6
8082;1,3
8083;0,9
8084;0,5
8085;0,1
8086;-0,3
8087;-0,6
8088;-1,5
8089;-2,6
8090;-3,6
8091;-4,1
8092;-4,7
8093;-5,2
8094;-5,7
8095;-6,1
8096;-5,7
8097;-4,1
8098;-3
8099;-1,7
8100;-1,3
8101;-1,4
8102;-2,4
8103;-3,5
8104;-4,4
8105;-4,5
8106;-4,7
8107;-4,8
8108;-5
8109;-5,2
8110;-5,3
8111;-5,5
8112;-5,3
8113;-4,9
8114;-4,6
8115;-4,3
8116;-4,1
8117;-3,8
8118;-3,6
8119;-3,4
8120;-2,5
8121;0
8122;2,3
8123;4,3
8124;5,4
8125;5,5
8126;4,3
8127;2,9
8128;1,8
8129;1,7
8130;1,5
8131;1,3
8132;1,2
8133;1
8134;0,8
8135;0,7
8136;0
8137;-0,8
8138;-1,5
8139;-1,9
8140;-2,3
8141;-2,7
8142;-3
8143;-3,3
8144;-3,2
8145;-2,7
8146;-2,6
8147;-2,3
8148;-2,4
8149;-1
8150;-0,5
8151;-0,8
8152;-1,4
8153;-2
8154;-2,6
8155;-3,1
8156;-3,7
8157;-4,3
8158;-4,9
8159;-5,5
8160;-5,9
8161;-6,4
8162;-6,9
8163;-7,1
8164;-7,4
8165;-7,6
8166;-7,8
8167;-8
8168;-7,5
8169;-4,4
8170;-2
8171;0,1
8172;1,4
8173;1,7
8174;0,8
8175;-0,7
8176;-2,4
8177;-2,1
8178;-1,8
8179;-1,5
8180;-1,2
8181;-0,9
8182;-0,6
8183;-0,3
8184;-0,1
8185;0,1
8186;0,2
8187;0,3
8188;0,5
8189;0,6
8190;0,7
8191;0,8
8192;1
8193;2,3
8194;3,4
8195;4,2
8196;4,5
8197;4,8
8198;4,5
8199;4
8200;3,5
8201;3,5
8202;3,5
8203;3,5
8204;3,3
8205;3,5
8206;3,5
8207;3,5
8208;3,3
8209;3,2
8210;3
8211;2,9
8212;2,8
8213;2,7
8214;2,6
8215;2,4
8216;2,7
8217;3,4
8218;4
8219;4,4
8220;4,6
8221;4,7
8222;4,7
8223;4,4
8224;4
8225;3,9
8226;3,7
8227;3,6
8228;3,4
8229;3,3
8230;3,2
8231;3
8232;2,9
8233;2,9
8234;3
8235;3,1
8236;3,2
8237;3,3
8238;3,4
8239;3,5
8240;4
8241;6,2
8242;7,8
8243;9,1
8244;9,3
8245;9,3
8246;9,3
8247;9,3
8248;9,5
8249;9,3
8250;9
8251;8,7
8252;8,4
8253;8,2
8254;7,9
8255;7,6
8256;6,7
8257;5,8
8258;4,9
8259;4,3
8260;3,7
8261;3,2
8262;2,8
8263;2,4
8264;2,6
8265;4,7
8266;6,3
8267;6,7
8268;7,2
8269;7,7
8270;7,6
8271;6,7
8272;5,6
8273;5,2
8274;4,7
8275;4,2
8276;3,7
8277;3,2
8278;2,7
8279;2,2
8280;2,1
8281;1,9
8282;1,7
8283;1,6
8284;1,4
8285;1,3
8286;1,2
8287;1,1
8288;1,2
8289;1,4
8290;1,6
8291;1,9
8292;1,9
8293;3,3
8294;3,9
8295;3,7
8296;3,1
8297;3,5
8298;4
8299;4,4
8300;4,9
8301;5,3
8302;5,7
8303;6,1
8304;6,2
8305;6,4
8306;6,6
8307;6,5
8308;6,8
8309;6,9
8310;7
8311;7,1
8312;7,3
8313;7,9
8314;8,5
8315;8,9
8316;9,2
8317;9,4
8318;9,3
8319;9,1
8320;8,8
8321;8,7
8322;8,6
8323;8,5
8324;8,4
8325;8,4
8326;8,2
8327;8,1
8328;7,5
8329;6,7
8330;6
8331;5,6
8332;5,2
8333;4,8
8334;4,5
8335;4,2
8336;4,3
8337;5,5
8338;7,7
8339;8,1
8340;8,3
8341;8,6
8342;8,1
8343;7,2
8344;6,4
8345;6
8346;5,7
8347;5,3
8348;5
8349;4,6
8350;4,2
8351;3,8
8352;3,6
8353;3,4
8354;3,3
8355;3,2
8356;3,1
8357;3
8358;3
8359;2,8
8360;3
8361;3,6
8362;4
8363;4,2
8364;4,2
8365;5,6
8366;6,2
8367;6,1
8368;5,5
8369;5,3
8370;5
8371;4,8
8372;4,5
8373;4,2
8374;4
8375;3,7
8376;3,3
8377;3
8378;2,6
8379;2,4
8380;2,2
8381;2
8382;1,8
8383;1,6
8384;1,7
8385;2,1
8386;2,4
8387;2,7
8388;2,8
8389;2,9
8390;2,8
8391;2,6
8392;2,1
8393;2,1
8394;1,9
8395;1,8
8396;1,7
8397;1,5
8398;1,3
8399;1,2
8400;1,2
8401;1,1
8402;1,2
8403;1,3
8404;1,3
8405;1,3
8406;1,4
8407;1,4
8408;1,5
8409;2,6
8410;4,2
8411;4,8
8412;5,2
8413;5,6
8414;5,4
8415;5
8416;4,3
8417;4,2
8418;4,1
8419;3,9
8420;3,8
8421;3,7
8422;3,5
8423;3,4
8424;3,1
8425;2,9
8426;2,6
8427;2,5
8428;2,4
8429;2,3
8430;2,2
8431;2,1
8432;2,3
8433;4,4
8434;5,3
8435;6,1
8436;6,7
8437;6,7
8438;6,3
8439;5,7
8440;5,1
8441;4,6
8442;4,2
8443;3,7
8444;3,2
8445;2,7
8446;2,2
8447;1,8
8448;1,2
8449;0,5
8450;-0,1
8451;-0,6
8452;-0,8
8453;-1,2
8454;-1,4
8455;-1,6
8456;-1,6
8457;-1,3
8458;-0,7
8459;-0,4
8460;-0,2
8461;-0,1
8462;-0,3
8463;-0,6
8464;-0,9
8465;-1,4
8466;-1,8
8467;-2,3
8468;-2,7
8469;-3,2
8470;-3,6
8471;-4,1
8472;-4,4
8473;-4,7
8474;-5,1
8475;-5,1
8476;-5,2
8477;-5,4
8478;-5,5
8479;-5,6
8480;-5,5
8481;-5
8482;-4,4
8483;-3,9
8484;-3,5
8485;-3,4
8486;-3,6
8487;-3,9
8488;-4,3
8489;-4,5
8490;-4,8
8491;-5,1
8492;-5,4
8493;-5,6
8494;-5,9
8495;-6,2
8496;-6,4
8497;-6,7
8498;-7
8499;-7,2
8500;-7,4
8501;-7,6
8502;-7,7
8503;-7,8
8504;-7,8
8505;-7,6
8506;-7,4
8507;-7,3
8508;-7,4
8509;-7,2
8510;-7,3
8511;-7,4
8512;-7,6
8513;-7,6
8514;-7,5
8515;-7,4
8516;-7,3
8517;-7,3
8518;-7,2
8519;-7,1
8520;-7,1
8521;-6,9
8522;-7,1
8523;-6,7
8524;-6,5
8525;-6,4
8526;-6,2
8527;-6,2
8528;-6
8529;-5,7
8530;-5,3
8531;-5
8532;-4,8
8533;-4,7
8534;-4,7
8535;-4,9
8536;-5
8537;-5,1
8538;-5,2
8539;-5,2
8540;-5,2
8541;-5,2
8542;-5,2
8543;-5,5
8544;-6
8545;-6,9
8546;-7,8
8547;-8,3
8548;-8,9
8549;-9,3
8550;-9,7
8551;-10,1
8552;-10,1
8553;-10,1
8554;-9,9
8555;-9,9
8556;-10
8557;-9
8558;-8,7
8559;-8,9
8560;-9,4
8561;-9,4
8562;-9,3
8563;-9,2
8564;-9,1
8565;-9,1
8566;-9
8567;-8,9
8568;-8,6
8569;-8,2
8570;-7,8
8571;-7,5
8572;-7,2
8573;-7
8574;-6,8
8575;-6,6
8576;-6,3
8577;-4
8578;-2
8579;-0,4
8580;1
8581;1,7
8582;2
8583;1,3
8584;0
8585;-0,1
8586;-0,3
8587;-0,4
8588;-0,6
8589;-0,7
8590;-0,9
8591;-1
8592;-1,6
8593;-2,2
8594;-2,8
8595;-3,1
8596;-3,4
8597;-3,7
8598;-4
8599;-4,2
8600;-4,2
8601;-3
8602;-1,8
8603;-0,4
8604;0,6
8605;1,2
8606;1,3
8607;0,6
8608;-0,5
8609;-0,6
8610;-0,8
8611;-0,9
8612;-1,1
8613;-1,3
8614;-1,4
8615;-1,6
8616;-1,5
8617;-1,4
8618;-1,3
8619;-1,2
8620;-1,2
8621;-1,1
8622;-1,1
8623;-1
8624;-0,8
8625;0,2
8626;2
8627;2,9
8628;4
8629;4,9
8630;5,2
8631;4,9
8632;3,8
8633;3,8
8634;3,8
8635;3,8
8636;3,7
8637;3,7
8638;3,7
8639;3,7
8640;3,5
8641;3,4
8642;3,4
8643;3,4
8644;3,4
8645;3,4
8646;3,5
8647;3,5
8648;3,9
8649;5,9
8650;7,7
8651;9,4
8652;8,9
8653;7,9
8654;7,1
8655;6,4
8656;5,8
8657;5,7
8658;5,5
8659;5,4
8660;5,2
8661;5
8662;4,9
8663;4,8
8664;4
8665;3,1
8666;2,2
8667;1,7
8668;1,2
8669;0,7
8670;0,3
8671;0
8672;-0,1
8673;0,7
8674;0,5
8675;0,7
8676;2
8677;2,7
8678;2,5
8679;2,1
8680;1,4
8681;1,2
8682;1
8683;0,7
8684;0,5
8685;0,3
8686;0
8687;-0,2
8688;-0,1
8689;0
8690;0,3
8691;0,4
8692;0,3
8693;0,6
8694;0,8
8695;0,8
8696;1
8697;1,3
8698;1,7
8699;2,1
8700;2,4
8701;2,5
8702;2,5
8703;2,3
8704;2,1
8705;2,1
8706;2,1
8707;2
8708;1,9
8709;2
8710;1,9
8711;1,7
8712;1,4
8713;0,8
8714;0,4
8715;0,1
8716;-0,2
8717;-0,5
8718;-0,7
8719;-0,9
8720;-0,8
8721;0,1
8722;0,9
8723;1,8
8724;2,1
8725;2,2
8726;2
8727;1,5
8728;0,9
8729;0,6
8730;0,4
8731;0,1
8732;-0,1
8733;-0,4
8734;-0,6
8735;-0,9
8736;-1,1
8737;-1
8738;-1,2
8739;-1,2
8740;-1,2
8741;-1,3
8742;-1,4
8743;-1,4
8744;-1,3
8745;-1
8746;-0,7
8747;-0,5
8748;-0,3
8749;-0,2
8750;-0,3
8751;-0,4
8752;-0,7
8753;-0,9
8754;-0,7
8755;-0,6
8756;-0,7
8757;-0,6
8758;-0,6
8759;-0,7
