index;Hydro_power
0;0,8
1;0,8
2;0,8
3;0,8
4;0,8
5;0,8
6;0,8
7;0,8
8;0,8
9;0,8
10;0,8
11;0,8
12;0,8
13;0,8
14;0,8
15;0,8
16;0,8
17;0,8
18;0,8
19;0,8
20;0,8
21;0,8
22;0,8
23;0,8
24;0,8
25;0,8
26;0,8
27;0,8
28;0,8
29;0,8
30;0,8
31;0,8
32;0,8
33;0,8
34;0,8
35;0,8
36;0,8
37;0,8
38;0,8
39;0,8
40;0,8
41;0,8
42;0,8
43;0,8
44;0,8
45;0,8
46;0,8
47;0,8
48;0,8
49;0,8
50;0,8
51;0,8
52;0,8
53;0,8
54;0,8
55;0,8
56;0,8
57;0,8
58;0,8
59;0,8
60;0,8
61;0,8
62;0,8
63;0,8
64;0,8
65;0,8
66;0,8
67;0,8
68;0,8
69;0,8
70;0,8
71;0,8
72;0,8
73;0,8
74;0,8
75;0,8
76;0,8
77;0,8
78;0,8
79;0,8
80;0,8
81;0,8
82;0,8
83;0,8
84;0,8
85;0,8
86;0,8
87;0,8
88;0,8
89;0,8
90;0,8
91;0,8
92;0,8
93;0,8
94;0,8
95;0,8
96;0,8
97;0,8
98;0,8
99;0,8
100;0,8
101;0,8
102;0,8
103;0,8
104;0,8
105;0,8
106;0,8
107;0,8
108;0,8
109;0,8
110;0,8
111;0,8
112;0,8
113;0,8
114;0,8
115;0,8
116;0,8
117;0,8
118;0,8
119;0,8
120;0,8
121;0,8
122;0,8
123;0,8
124;0,8
125;0,8
126;0,8
127;0,8
128;0,8
129;0,8
130;0,8
131;0,8
132;0,8
133;0,8
134;0,8
135;0,8
136;0,8
137;0,8
138;0,8
139;0,8
140;0,8
141;0,8
142;0,8
143;0,8
144;0,8
145;0,8
146;0,8
147;0,8
148;0,8
149;0,8
150;0,8
151;0,8
152;0,8
153;0,8
154;0,8
155;0,8
156;0,8
157;0,8
158;0,8
159;0,8
160;0,8
161;0,8
162;0,8
163;0,8
164;0,8
165;0,8
166;0,8
167;0,8
168;0,8
169;0,8
170;0,8
171;0,8
172;0,8
173;0,8
174;0,8
175;0,8
176;0,8
177;0,8
178;0,8
179;0,8
180;0,8
181;0,8
182;0,8
183;0,8
184;0,8
185;0,8
186;0,8
187;0,8
188;0,8
189;0,8
190;0,8
191;0,8
192;0,8
193;0,8
194;0,8
195;0,8
196;0,8
197;0,8
198;0,8
199;0,8
200;0,8
201;0,8
202;0,8
203;0,8
204;0,8
205;0,8
206;0,8
207;0,8
208;0,8
209;0,8
210;0,8
211;0,8
212;0,8
213;0,8
214;0,8
215;0,8
216;0,8
217;0,8
218;0,8
219;0,8
220;0,8
221;0,8
222;0,8
223;0,8
224;0,8
225;0,8
226;0,8
227;0,8
228;0,8
229;0,8
230;0,8
231;0,8
232;0,8
233;0,8
234;0,8
235;0,8
236;0,8
237;0,8
238;0,8
239;0,8
240;0,8
241;0,8
242;0,8
243;0,8
244;0,8
245;0,8
246;0,8
247;0,8
248;0,8
249;0,8
250;0,8
251;0,8
252;0,8
253;0,8
254;0,8
255;0,8
256;0,8
257;0,8
258;0,8
259;0,8
260;0,8
261;0,8
262;0,8
263;0,8
264;0,8
265;0,8
266;0,8
267;0,8
268;0,8
269;0,8
270;0,8
271;0,8
272;0,8
273;0,8
274;0,8
275;0,8
276;0,8
277;0,8
278;0,8
279;0,8
280;0,8
281;0,8
282;0,8
283;0,8
284;0,8
285;0,8
286;0,8
287;0,8
288;0,8
289;0,8
290;0,8
291;0,8
292;0,8
293;0,8
294;0,8
295;0,8
296;0,8
297;0,8
298;0,8
299;0,8
300;0,8
301;0,8
302;0,8
303;0,8
304;0,8
305;0,8
306;0,8
307;0,8
308;0,8
309;0,8
310;0,8
311;0,8
312;0,8
313;0,8
314;0,8
315;0,8
316;0,8
317;0,8
318;0,8
319;0,8
320;0,8
321;0,8
322;0,8
323;0,8
324;0,8
325;0,8
326;0,8
327;0,8
328;0,8
329;0,8
330;0,8
331;0,8
332;0,8
333;0,8
334;0,8
335;0,8
336;0,8
337;0,8
338;0,8
339;0,8
340;0,8
341;0,8
342;0,8
343;0,8
344;0,8
345;0,8
346;0,8
347;0,8
348;0,8
349;0,8
350;0,8
351;0,8
352;0,8
353;0,8
354;0,8
355;0,8
356;0,8
357;0,8
358;0,8
359;0,8
360;0,8
361;0,8
362;0,8
363;0,8
364;0,8
365;0,8
366;0,8
367;0,8
368;0,8
369;0,8
370;0,8
371;0,8
372;0,8
373;0,8
374;0,8
375;0,8
376;0,8
377;0,8
378;0,8
379;0,8
380;0,8
381;0,8
382;0,8
383;0,8
384;0,8
385;0,8
386;0,8
387;0,8
388;0,8
389;0,8
390;0,8
391;0,8
392;0,8
393;0,8
394;0,8
395;0,8
396;0,8
397;0,8
398;0,8
399;0,8
400;0,8
401;0,8
402;0,8
403;0,8
404;0,8
405;0,8
406;0,8
407;0,8
408;0,8
409;0,8
410;0,8
411;0,8
412;0,8
413;0,8
414;0,8
415;0,8
416;0,8
417;0,8
418;0,8
419;0,8
420;0,8
421;0,8
422;0,8
423;0,8
424;0,8
425;0,8
426;0,8
427;0,8
428;0,8
429;0,8
430;0,8
431;0,8
432;0,8
433;0,8
434;0,8
435;0,8
436;0,8
437;0,8
438;0,8
439;0,8
440;0,8
441;0,8
442;0,8
443;0,8
444;0,8
445;0,8
446;0,8
447;0,8
448;0,8
449;0,8
450;0,8
451;0,8
452;0,8
453;0,8
454;0,8
455;0,8
456;0,8
457;0,8
458;0,8
459;0,8
460;0,8
461;0,8
462;0,8
463;0,8
464;0,8
465;0,8
466;0,8
467;0,8
468;0,8
469;0,8
470;0,8
471;0,8
472;0,8
473;0,8
474;0,8
475;0,8
476;0,8
477;0,8
478;0,8
479;0,8
480;0,8
481;0,8
482;0,8
483;0,8
484;0,8
485;0,8
486;0,8
487;0,8
488;0,8
489;0,8
490;0,8
491;0,8
492;0,8
493;0,8
494;0,8
495;0,8
496;0,8
497;0,8
498;0,8
499;0,8
500;0,8
501;0,8
502;0,8
503;0,8
504;0,8
505;0,8
506;0,8
507;0,8
508;0,8
509;0,8
510;0,8
511;0,8
512;0,8
513;0,8
514;0,8
515;0,8
516;0,8
517;0,8
518;0,8
519;0,8
520;0,8
521;0,8
522;0,8
523;0,8
524;0,8
525;0,8
526;0,8
527;0,8
528;0,8
529;0,8
530;0,8
531;0,8
532;0,8
533;0,8
534;0,8
535;0,8
536;0,8
537;0,8
538;0,8
539;0,8
540;0,8
541;0,8
542;0,8
543;0,8
544;0,8
545;0,8
546;0,8
547;0,8
548;0,8
549;0,8
550;0,8
551;0,8
552;0,8
553;0,8
554;0,8
555;0,8
556;0,8
557;0,8
558;0,8
559;0,8
560;0,8
561;0,8
562;0,8
563;0,8
564;0,8
565;0,8
566;0,8
567;0,8
568;0,8
569;0,8
570;0,8
571;0,8
572;0,8
573;0,8
574;0,8
575;0,8
576;0,8
577;0,8
578;0,8
579;0,8
580;0,8
581;0,8
582;0,8
583;0,8
584;0,8
585;0,8
586;0,8
587;0,8
588;0,8
589;0,8
590;0,8
591;0,8
592;0,8
593;0,8
594;0,8
595;0,8
596;0,8
597;0,8
598;0,8
599;0,8
600;0,8
601;0,8
602;0,8
603;0,8
604;0,8
605;0,8
606;0,8
607;0,8
608;0,8
609;0,8
610;0,8
611;0,8
612;0,8
613;0,8
614;0,8
615;0,8
616;0,8
617;0,8
618;0,8
619;0,8
620;0,8
621;0,8
622;0,8
623;0,8
624;0,8
625;0,8
626;0,8
627;0,8
628;0,8
629;0,8
630;0,8
631;0,8
632;0,8
633;0,8
634;0,8
635;0,8
636;0,8
637;0,8
638;0,8
639;0,8
640;0,8
641;0,8
642;0,8
643;0,8
644;0,8
645;0,8
646;0,8
647;0,8
648;0,8
649;0,8
650;0,8
651;0,8
652;0,8
653;0,8
654;0,8
655;0,8
656;0,8
657;0,8
658;0,8
659;0,8
660;0,8
661;0,8
662;0,8
663;0,8
664;0,8
665;0,8
666;0,8
667;0,8
668;0,8
669;0,8
670;0,8
671;0,8
672;0,8
673;0,8
674;0,8
675;0,8
676;0,8
677;0,8
678;0,8
679;0,8
680;0,8
681;0,8
682;0,8
683;0,8
684;0,8
685;0,8
686;0,8
687;0,8
688;0,8
689;0,8
690;0,8
691;0,8
692;0,8
693;0,8
694;0,8
695;0,8
696;0,8
697;0,8
698;0,8
699;0,8
700;0,8
701;0,8
702;0,8
703;0,8
704;0,8
705;0,8
706;0,8
707;0,8
708;0,8
709;0,8
710;0,8
711;0,8
712;0,8
713;0,8
714;0,8
715;0,8
716;0,8
717;0,8
718;0,8
719;0,8
720;0,8
721;0,8
722;0,8
723;0,8
724;0,8
725;0,8
726;0,8
727;0,8
728;0,8
729;0,8
730;0,8
731;0,8
732;0,8
733;0,8
734;0,8
735;0,8
736;0,8
737;0,8
738;0,8
739;0,8
740;0,8
741;0,8
742;0,8
743;0,8
744;0,94
745;0,94
746;0,94
747;0,94
748;0,94
749;0,94
750;0,94
751;0,94
752;0,94
753;0,94
754;0,94
755;0,94
756;0,94
757;0,94
758;0,94
759;0,94
760;0,94
761;0,94
762;0,94
763;0,94
764;0,94
765;0,94
766;0,94
767;0,94
768;0,94
769;0,94
770;0,94
771;0,94
772;0,94
773;0,94
774;0,94
775;0,94
776;0,94
777;0,94
778;0,94
779;0,94
780;0,94
781;0,94
782;0,94
783;0,94
784;0,94
785;0,94
786;0,94
787;0,94
788;0,94
789;0,94
790;0,94
791;0,94
792;0,94
793;0,94
794;0,94
795;0,94
796;0,94
797;0,94
798;0,94
799;0,94
800;0,94
801;0,94
802;0,94
803;0,94
804;0,94
805;0,94
806;0,94
807;0,94
808;0,94
809;0,94
810;0,94
811;0,94
812;0,94
813;0,94
814;0,94
815;0,94
816;0,94
817;0,94
818;0,94
819;0,94
820;0,94
821;0,94
822;0,94
823;0,94
824;0,94
825;0,94
826;0,94
827;0,94
828;0,94
829;0,94
830;0,94
831;0,94
832;0,94
833;0,94
834;0,94
835;0,94
836;0,94
837;0,94
838;0,94
839;0,94
840;0,94
841;0,94
842;0,94
843;0,94
844;0,94
845;0,94
846;0,94
847;0,94
848;0,94
849;0,94
850;0,94
851;0,94
852;0,94
853;0,94
854;0,94
855;0,94
856;0,94
857;0,94
858;0,94
859;0,94
860;0,94
861;0,94
862;0,94
863;0,94
864;0,94
865;0,94
866;0,94
867;0,94
868;0,94
869;0,94
870;0,94
871;0,94
872;0,94
873;0,94
874;0,94
875;0,94
876;0,94
877;0,94
878;0,94
879;0,94
880;0,94
881;0,94
882;0,94
883;0,94
884;0,94
885;0,94
886;0,94
887;0,94
888;0,94
889;0,94
890;0,94
891;0,94
892;0,94
893;0,94
894;0,94
895;0,94
896;0,94
897;0,94
898;0,94
899;0,94
900;0,94
901;0,94
902;0,94
903;0,94
904;0,94
905;0,94
906;0,94
907;0,94
908;0,94
909;0,94
910;0,94
911;0,94
912;0,94
913;0,94
914;0,94
915;0,94
916;0,94
917;0,94
918;0,94
919;0,94
920;0,94
921;0,94
922;0,94
923;0,94
924;0,94
925;0,94
926;0,94
927;0,94
928;0,94
929;0,94
930;0,94
931;0,94
932;0,94
933;0,94
934;0,94
935;0,94
936;0,94
937;0,94
938;0,94
939;0,94
940;0,94
941;0,94
942;0,94
943;0,94
944;0,94
945;0,94
946;0,94
947;0,94
948;0,94
949;0,94
950;0,94
951;0,94
952;0,94
953;0,94
954;0,94
955;0,94
956;0,94
957;0,94
958;0,94
959;0,94
960;0,94
961;0,94
962;0,94
963;0,94
964;0,94
965;0,94
966;0,94
967;0,94
968;0,94
969;0,94
970;0,94
971;0,94
972;0,94
973;0,94
974;0,94
975;0,94
976;0,94
977;0,94
978;0,94
979;0,94
980;0,94
981;0,94
982;0,94
983;0,94
984;0,94
985;0,94
986;0,94
987;0,94
988;0,94
989;0,94
990;0,94
991;0,94
992;0,94
993;0,94
994;0,94
995;0,94
996;0,94
997;0,94
998;0,94
999;0,94
1000;0,94
1001;0,94
1002;0,94
1003;0,94
1004;0,94
1005;0,94
1006;0,94
1007;0,94
1008;0,94
1009;0,94
1010;0,94
1011;0,94
1012;0,94
1013;0,94
1014;0,94
1015;0,94
1016;0,94
1017;0,94
1018;0,94
1019;0,94
1020;0,94
1021;0,94
1022;0,94
1023;0,94
1024;0,94
1025;0,94
1026;0,94
1027;0,94
1028;0,94
1029;0,94
1030;0,94
1031;0,94
1032;0,94
1033;0,94
1034;0,94
1035;0,94
1036;0,94
1037;0,94
1038;0,94
1039;0,94
1040;0,94
1041;0,94
1042;0,94
1043;0,94
1044;0,94
1045;0,94
1046;0,94
1047;0,94
1048;0,94
1049;0,94
1050;0,94
1051;0,94
1052;0,94
1053;0,94
1054;0,94
1055;0,94
1056;0,94
1057;0,94
1058;0,94
1059;0,94
1060;0,94
1061;0,94
1062;0,94
1063;0,94
1064;0,94
1065;0,94
1066;0,94
1067;0,94
1068;0,94
1069;0,94
1070;0,94
1071;0,94
1072;0,94
1073;0,94
1074;0,94
1075;0,94
1076;0,94
1077;0,94
1078;0,94
1079;0,94
1080;0,94
1081;0,94
1082;0,94
1083;0,94
1084;0,94
1085;0,94
1086;0,94
1087;0,94
1088;0,94
1089;0,94
1090;0,94
1091;0,94
1092;0,94
1093;0,94
1094;0,94
1095;0,94
1096;0,94
1097;0,94
1098;0,94
1099;0,94
1100;0,94
1101;0,94
1102;0,94
1103;0,94
1104;0,94
1105;0,94
1106;0,94
1107;0,94
1108;0,94
1109;0,94
1110;0,94
1111;0,94
1112;0,94
1113;0,94
1114;0,94
1115;0,94
1116;0,94
1117;0,94
1118;0,94
1119;0,94
1120;0,94
1121;0,94
1122;0,94
1123;0,94
1124;0,94
1125;0,94
1126;0,94
1127;0,94
1128;0,94
1129;0,94
1130;0,94
1131;0,94
1132;0,94
1133;0,94
1134;0,94
1135;0,94
1136;0,94
1137;0,94
1138;0,94
1139;0,94
1140;0,94
1141;0,94
1142;0,94
1143;0,94
1144;0,94
1145;0,94
1146;0,94
1147;0,94
1148;0,94
1149;0,94
1150;0,94
1151;0,94
1152;0,94
1153;0,94
1154;0,94
1155;0,94
1156;0,94
1157;0,94
1158;0,94
1159;0,94
1160;0,94
1161;0,94
1162;0,94
1163;0,94
1164;0,94
1165;0,94
1166;0,94
1167;0,94
1168;0,94
1169;0,94
1170;0,94
1171;0,94
1172;0,94
1173;0,94
1174;0,94
1175;0,94
1176;0,94
1177;0,94
1178;0,94
1179;0,94
1180;0,94
1181;0,94
1182;0,94
1183;0,94
1184;0,94
1185;0,94
1186;0,94
1187;0,94
1188;0,94
1189;0,94
1190;0,94
1191;0,94
1192;0,94
1193;0,94
1194;0,94
1195;0,94
1196;0,94
1197;0,94
1198;0,94
1199;0,94
1200;0,94
1201;0,94
1202;0,94
1203;0,94
1204;0,94
1205;0,94
1206;0,94
1207;0,94
1208;0,94
1209;0,94
1210;0,94
1211;0,94
1212;0,94
1213;0,94
1214;0,94
1215;0,94
1216;0,94
1217;0,94
1218;0,94
1219;0,94
1220;0,94
1221;0,94
1222;0,94
1223;0,94
1224;0,94
1225;0,94
1226;0,94
1227;0,94
1228;0,94
1229;0,94
1230;0,94
1231;0,94
1232;0,94
1233;0,94
1234;0,94
1235;0,94
1236;0,94
1237;0,94
1238;0,94
1239;0,94
1240;0,94
1241;0,94
1242;0,94
1243;0,94
1244;0,94
1245;0,94
1246;0,94
1247;0,94
1248;0,94
1249;0,94
1250;0,94
1251;0,94
1252;0,94
1253;0,94
1254;0,94
1255;0,94
1256;0,94
1257;0,94
1258;0,94
1259;0,94
1260;0,94
1261;0,94
1262;0,94
1263;0,94
1264;0,94
1265;0,94
1266;0,94
1267;0,94
1268;0,94
1269;0,94
1270;0,94
1271;0,94
1272;0,94
1273;0,94
1274;0,94
1275;0,94
1276;0,94
1277;0,94
1278;0,94
1279;0,94
1280;0,94
1281;0,94
1282;0,94
1283;0,94
1284;0,94
1285;0,94
1286;0,94
1287;0,94
1288;0,94
1289;0,94
1290;0,94
1291;0,94
1292;0,94
1293;0,94
1294;0,94
1295;0,94
1296;0,94
1297;0,94
1298;0,94
1299;0,94
1300;0,94
1301;0,94
1302;0,94
1303;0,94
1304;0,94
1305;0,94
1306;0,94
1307;0,94
1308;0,94
1309;0,94
1310;0,94
1311;0,94
1312;0,94
1313;0,94
1314;0,94
1315;0,94
1316;0,94
1317;0,94
1318;0,94
1319;0,94
1320;0,94
1321;0,94
1322;0,94
1323;0,94
1324;0,94
1325;0,94
1326;0,94
1327;0,94
1328;0,94
1329;0,94
1330;0,94
1331;0,94
1332;0,94
1333;0,94
1334;0,94
1335;0,94
1336;0,94
1337;0,94
1338;0,94
1339;0,94
1340;0,94
1341;0,94
1342;0,94
1343;0,94
1344;0,94
1345;0,94
1346;0,94
1347;0,94
1348;0,94
1349;0,94
1350;0,94
1351;0,94
1352;0,94
1353;0,94
1354;0,94
1355;0,94
1356;0,94
1357;0,94
1358;0,94
1359;0,94
1360;0,94
1361;0,94
1362;0,94
1363;0,94
1364;0,94
1365;0,94
1366;0,94
1367;0,94
1368;0,94
1369;0,94
1370;0,94
1371;0,94
1372;0,94
1373;0,94
1374;0,94
1375;0,94
1376;0,94
1377;0,94
1378;0,94
1379;0,94
1380;0,94
1381;0,94
1382;0,94
1383;0,94
1384;0,94
1385;0,94
1386;0,94
1387;0,94
1388;0,94
1389;0,94
1390;0,94
1391;0,94
1392;0,94
1393;0,94
1394;0,94
1395;0,94
1396;0,94
1397;0,94
1398;0,94
1399;0,94
1400;0,94
1401;0,94
1402;0,94
1403;0,94
1404;0,94
1405;0,94
1406;0,94
1407;0,94
1408;0,94
1409;0,94
1410;0,94
1411;0,94
1412;0,94
1413;0,94
1414;0,94
1415;0,94
1416;0,92
1417;0,92
1418;0,92
1419;0,92
1420;0,92
1421;0,92
1422;0,92
1423;0,92
1424;0,92
1425;0,92
1426;0,92
1427;0,92
1428;0,92
1429;0,92
1430;0,92
1431;0,92
1432;0,92
1433;0,92
1434;0,92
1435;0,92
1436;0,92
1437;0,92
1438;0,92
1439;0,92
1440;0,92
1441;0,92
1442;0,92
1443;0,92
1444;0,92
1445;0,92
1446;0,92
1447;0,92
1448;0,92
1449;0,92
1450;0,92
1451;0,92
1452;0,92
1453;0,92
1454;0,92
1455;0,92
1456;0,92
1457;0,92
1458;0,92
1459;0,92
1460;0,92
1461;0,92
1462;0,92
1463;0,92
1464;0,92
1465;0,92
1466;0,92
1467;0,92
1468;0,92
1469;0,92
1470;0,92
1471;0,92
1472;0,92
1473;0,92
1474;0,92
1475;0,92
1476;0,92
1477;0,92
1478;0,92
1479;0,92
1480;0,92
1481;0,92
1482;0,92
1483;0,92
1484;0,92
1485;0,92
1486;0,92
1487;0,92
1488;0,92
1489;0,92
1490;0,92
1491;0,92
1492;0,92
1493;0,92
1494;0,92
1495;0,92
1496;0,92
1497;0,92
1498;0,92
1499;0,92
1500;0,92
1501;0,92
1502;0,92
1503;0,92
1504;0,92
1505;0,92
1506;0,92
1507;0,92
1508;0,92
1509;0,92
1510;0,92
1511;0,92
1512;0,92
1513;0,92
1514;0,92
1515;0,92
1516;0,92
1517;0,92
1518;0,92
1519;0,92
1520;0,92
1521;0,92
1522;0,92
1523;0,92
1524;0,92
1525;0,92
1526;0,92
1527;0,92
1528;0,92
1529;0,92
1530;0,92
1531;0,92
1532;0,92
1533;0,92
1534;0,92
1535;0,92
1536;0,92
1537;0,92
1538;0,92
1539;0,92
1540;0,92
1541;0,92
1542;0,92
1543;0,92
1544;0,92
1545;0,92
1546;0,92
1547;0,92
1548;0,92
1549;0,92
1550;0,92
1551;0,92
1552;0,92
1553;0,92
1554;0,92
1555;0,92
1556;0,92
1557;0,92
1558;0,92
1559;0,92
1560;0,92
1561;0,92
1562;0,92
1563;0,92
1564;0,92
1565;0,92
1566;0,92
1567;0,92
1568;0,92
1569;0,92
1570;0,92
1571;0,92
1572;0,92
1573;0,92
1574;0,92
1575;0,92
1576;0,92
1577;0,92
1578;0,92
1579;0,92
1580;0,92
1581;0,92
1582;0,92
1583;0,92
1584;0,92
1585;0,92
1586;0,92
1587;0,92
1588;0,92
1589;0,92
1590;0,92
1591;0,92
1592;0,92
1593;0,92
1594;0,92
1595;0,92
1596;0,92
1597;0,92
1598;0,92
1599;0,92
1600;0,92
1601;0,92
1602;0,92
1603;0,92
1604;0,92
1605;0,92
1606;0,92
1607;0,92
1608;0,92
1609;0,92
1610;0,92
1611;0,92
1612;0,92
1613;0,92
1614;0,92
1615;0,92
1616;0,92
1617;0,92
1618;0,92
1619;0,92
1620;0,92
1621;0,92
1622;0,92
1623;0,92
1624;0,92
1625;0,92
1626;0,92
1627;0,92
1628;0,92
1629;0,92
1630;0,92
1631;0,92
1632;0,92
1633;0,92
1634;0,92
1635;0,92
1636;0,92
1637;0,92
1638;0,92
1639;0,92
1640;0,92
1641;0,92
1642;0,92
1643;0,92
1644;0,92
1645;0,92
1646;0,92
1647;0,92
1648;0,92
1649;0,92
1650;0,92
1651;0,92
1652;0,92
1653;0,92
1654;0,92
1655;0,92
1656;0,92
1657;0,92
1658;0,92
1659;0,92
1660;0,92
1661;0,92
1662;0,92
1663;0,92
1664;0,92
1665;0,92
1666;0,92
1667;0,92
1668;0,92
1669;0,92
1670;0,92
1671;0,92
1672;0,92
1673;0,92
1674;0,92
1675;0,92
1676;0,92
1677;0,92
1678;0,92
1679;0,92
1680;0,92
1681;0,92
1682;0,92
1683;0,92
1684;0,92
1685;0,92
1686;0,92
1687;0,92
1688;0,92
1689;0,92
1690;0,92
1691;0,92
1692;0,92
1693;0,92
1694;0,92
1695;0,92
1696;0,92
1697;0,92
1698;0,92
1699;0,92
1700;0,92
1701;0,92
1702;0,92
1703;0,92
1704;0,92
1705;0,92
1706;0,92
1707;0,92
1708;0,92
1709;0,92
1710;0,92
1711;0,92
1712;0,92
1713;0,92
1714;0,92
1715;0,92
1716;0,92
1717;0,92
1718;0,92
1719;0,92
1720;0,92
1721;0,92
1722;0,92
1723;0,92
1724;0,92
1725;0,92
1726;0,92
1727;0,92
1728;0,92
1729;0,92
1730;0,92
1731;0,92
1732;0,92
1733;0,92
1734;0,92
1735;0,92
1736;0,92
1737;0,92
1738;0,92
1739;0,92
1740;0,92
1741;0,92
1742;0,92
1743;0,92
1744;0,92
1745;0,92
1746;0,92
1747;0,92
1748;0,92
1749;0,92
1750;0,92
1751;0,92
1752;0,92
1753;0,92
1754;0,92
1755;0,92
1756;0,92
1757;0,92
1758;0,92
1759;0,92
1760;0,92
1761;0,92
1762;0,92
1763;0,92
1764;0,92
1765;0,92
1766;0,92
1767;0,92
1768;0,92
1769;0,92
1770;0,92
1771;0,92
1772;0,92
1773;0,92
1774;0,92
1775;0,92
1776;0,92
1777;0,92
1778;0,92
1779;0,92
1780;0,92
1781;0,92
1782;0,92
1783;0,92
1784;0,92
1785;0,92
1786;0,92
1787;0,92
1788;0,92
1789;0,92
1790;0,92
1791;0,92
1792;0,92
1793;0,92
1794;0,92
1795;0,92
1796;0,92
1797;0,92
1798;0,92
1799;0,92
1800;0,92
1801;0,92
1802;0,92
1803;0,92
1804;0,92
1805;0,92
1806;0,92
1807;0,92
1808;0,92
1809;0,92
1810;0,92
1811;0,92
1812;0,92
1813;0,92
1814;0,92
1815;0,92
1816;0,92
1817;0,92
1818;0,92
1819;0,92
1820;0,92
1821;0,92
1822;0,92
1823;0,92
1824;0,92
1825;0,92
1826;0,92
1827;0,92
1828;0,92
1829;0,92
1830;0,92
1831;0,92
1832;0,92
1833;0,92
1834;0,92
1835;0,92
1836;0,92
1837;0,92
1838;0,92
1839;0,92
1840;0,92
1841;0,92
1842;0,92
1843;0,92
1844;0,92
1845;0,92
1846;0,92
1847;0,92
1848;0,92
1849;0,92
1850;0,92
1851;0,92
1852;0,92
1853;0,92
1854;0,92
1855;0,92
1856;0,92
1857;0,92
1858;0,92
1859;0,92
1860;0,92
1861;0,92
1862;0,92
1863;0,92
1864;0,92
1865;0,92
1866;0,92
1867;0,92
1868;0,92
1869;0,92
1870;0,92
1871;0,92
1872;0,92
1873;0,92
1874;0,92
1875;0,92
1876;0,92
1877;0,92
1878;0,92
1879;0,92
1880;0,92
1881;0,92
1882;0,92
1883;0,92
1884;0,92
1885;0,92
1886;0,92
1887;0,92
1888;0,92
1889;0,92
1890;0,92
1891;0,92
1892;0,92
1893;0,92
1894;0,92
1895;0,92
1896;0,92
1897;0,92
1898;0,92
1899;0,92
1900;0,92
1901;0,92
1902;0,92
1903;0,92
1904;0,92
1905;0,92
1906;0,92
1907;0,92
1908;0,92
1909;0,92
1910;0,92
1911;0,92
1912;0,92
1913;0,92
1914;0,92
1915;0,92
1916;0,92
1917;0,92
1918;0,92
1919;0,92
1920;0,92
1921;0,92
1922;0,92
1923;0,92
1924;0,92
1925;0,92
1926;0,92
1927;0,92
1928;0,92
1929;0,92
1930;0,92
1931;0,92
1932;0,92
1933;0,92
1934;0,92
1935;0,92
1936;0,92
1937;0,92
1938;0,92
1939;0,92
1940;0,92
1941;0,92
1942;0,92
1943;0,92
1944;0,92
1945;0,92
1946;0,92
1947;0,92
1948;0,92
1949;0,92
1950;0,92
1951;0,92
1952;0,92
1953;0,92
1954;0,92
1955;0,92
1956;0,92
1957;0,92
1958;0,92
1959;0,92
1960;0,92
1961;0,92
1962;0,92
1963;0,92
1964;0,92
1965;0,92
1966;0,92
1967;0,92
1968;0,92
1969;0,92
1970;0,92
1971;0,92
1972;0,92
1973;0,92
1974;0,92
1975;0,92
1976;0,92
1977;0,92
1978;0,92
1979;0,92
1980;0,92
1981;0,92
1982;0,92
1983;0,92
1984;0,92
1985;0,92
1986;0,92
1987;0,92
1988;0,92
1989;0,92
1990;0,92
1991;0,92
1992;0,92
1993;0,92
1994;0,92
1995;0,92
1996;0,92
1997;0,92
1998;0,92
1999;0,92
2000;0,92
2001;0,92
2002;0,92
2003;0,92
2004;0,92
2005;0,92
2006;0,92
2007;0,92
2008;0,92
2009;0,92
2010;0,92
2011;0,92
2012;0,92
2013;0,92
2014;0,92
2015;0,92
2016;0,92
2017;0,92
2018;0,92
2019;0,92
2020;0,92
2021;0,92
2022;0,92
2023;0,92
2024;0,92
2025;0,92
2026;0,92
2027;0,92
2028;0,92
2029;0,92
2030;0,92
2031;0,92
2032;0,92
2033;0,92
2034;0,92
2035;0,92
2036;0,92
2037;0,92
2038;0,92
2039;0,92
2040;0,92
2041;0,92
2042;0,92
2043;0,92
2044;0,92
2045;0,92
2046;0,92
2047;0,92
2048;0,92
2049;0,92
2050;0,92
2051;0,92
2052;0,92
2053;0,92
2054;0,92
2055;0,92
2056;0,92
2057;0,92
2058;0,92
2059;0,92
2060;0,92
2061;0,92
2062;0,92
2063;0,92
2064;0,92
2065;0,92
2066;0,92
2067;0,92
2068;0,92
2069;0,92
2070;0,92
2071;0,92
2072;0,92
2073;0,92
2074;0,92
2075;0,92
2076;0,92
2077;0,92
2078;0,92
2079;0,92
2080;0,92
2081;0,92
2082;0,92
2083;0,92
2084;0,92
2085;0,92
2086;0,92
2087;0,92
2088;0,92
2089;0,92
2090;0,92
2091;0,92
2092;0,92
2093;0,92
2094;0,92
2095;0,92
2096;0,92
2097;0,92
2098;0,92
2099;0,92
2100;0,92
2101;0,92
2102;0,92
2103;0,92
2104;0,92
2105;0,92
2106;0,92
2107;0,92
2108;0,92
2109;0,92
2110;0,92
2111;0,92
2112;0,92
2113;0,92
2114;0,92
2115;0,92
2116;0,92
2117;0,92
2118;0,92
2119;0,92
2120;0,92
2121;0,92
2122;0,92
2123;0,92
2124;0,92
2125;0,92
2126;0,92
2127;0,92
2128;0,92
2129;0,92
2130;0,92
2131;0,92
2132;0,92
2133;0,92
2134;0,92
2135;0,92
2136;0,92
2137;0,92
2138;0,92
2139;0,92
2140;0,92
2141;0,92
2142;0,92
2143;0,92
2144;0,92
2145;0,92
2146;0,92
2147;0,92
2148;0,92
2149;0,92
2150;0,92
2151;0,92
2152;0,92
2153;0,92
2154;0,92
2155;0,92
2156;0,92
2157;0,92
2158;0,92
2159;0,92
2160;0,95
2161;0,95
2162;0,95
2163;0,95
2164;0,95
2165;0,95
2166;0,95
2167;0,95
2168;0,95
2169;0,95
2170;0,95
2171;0,95
2172;0,95
2173;0,95
2174;0,95
2175;0,95
2176;0,95
2177;0,95
2178;0,95
2179;0,95
2180;0,95
2181;0,95
2182;0,95
2183;0,95
2184;0,95
2185;0,95
2186;0,95
2187;0,95
2188;0,95
2189;0,95
2190;0,95
2191;0,95
2192;0,95
2193;0,95
2194;0,95
2195;0,95
2196;0,95
2197;0,95
2198;0,95
2199;0,95
2200;0,95
2201;0,95
2202;0,95
2203;0,95
2204;0,95
2205;0,95
2206;0,95
2207;0,95
2208;0,95
2209;0,95
2210;0,95
2211;0,95
2212;0,95
2213;0,95
2214;0,95
2215;0,95
2216;0,95
2217;0,95
2218;0,95
2219;0,95
2220;0,95
2221;0,95
2222;0,95
2223;0,95
2224;0,95
2225;0,95
2226;0,95
2227;0,95
2228;0,95
2229;0,95
2230;0,95
2231;0,95
2232;0,95
2233;0,95
2234;0,95
2235;0,95
2236;0,95
2237;0,95
2238;0,95
2239;0,95
2240;0,95
2241;0,95
2242;0,95
2243;0,95
2244;0,95
2245;0,95
2246;0,95
2247;0,95
2248;0,95
2249;0,95
2250;0,95
2251;0,95
2252;0,95
2253;0,95
2254;0,95
2255;0,95
2256;0,95
2257;0,95
2258;0,95
2259;0,95
2260;0,95
2261;0,95
2262;0,95
2263;0,95
2264;0,95
2265;0,95
2266;0,95
2267;0,95
2268;0,95
2269;0,95
2270;0,95
2271;0,95
2272;0,95
2273;0,95
2274;0,95
2275;0,95
2276;0,95
2277;0,95
2278;0,95
2279;0,95
2280;0,95
2281;0,95
2282;0,95
2283;0,95
2284;0,95
2285;0,95
2286;0,95
2287;0,95
2288;0,95
2289;0,95
2290;0,95
2291;0,95
2292;0,95
2293;0,95
2294;0,95
2295;0,95
2296;0,95
2297;0,95
2298;0,95
2299;0,95
2300;0,95
2301;0,95
2302;0,95
2303;0,95
2304;0,95
2305;0,95
2306;0,95
2307;0,95
2308;0,95
2309;0,95
2310;0,95
2311;0,95
2312;0,95
2313;0,95
2314;0,95
2315;0,95
2316;0,95
2317;0,95
2318;0,95
2319;0,95
2320;0,95
2321;0,95
2322;0,95
2323;0,95
2324;0,95
2325;0,95
2326;0,95
2327;0,95
2328;0,95
2329;0,95
2330;0,95
2331;0,95
2332;0,95
2333;0,95
2334;0,95
2335;0,95
2336;0,95
2337;0,95
2338;0,95
2339;0,95
2340;0,95
2341;0,95
2342;0,95
2343;0,95
2344;0,95
2345;0,95
2346;0,95
2347;0,95
2348;0,95
2349;0,95
2350;0,95
2351;0,95
2352;0,95
2353;0,95
2354;0,95
2355;0,95
2356;0,95
2357;0,95
2358;0,95
2359;0,95
2360;0,95
2361;0,95
2362;0,95
2363;0,95
2364;0,95
2365;0,95
2366;0,95
2367;0,95
2368;0,95
2369;0,95
2370;0,95
2371;0,95
2372;0,95
2373;0,95
2374;0,95
2375;0,95
2376;0,95
2377;0,95
2378;0,95
2379;0,95
2380;0,95
2381;0,95
2382;0,95
2383;0,95
2384;0,95
2385;0,95
2386;0,95
2387;0,95
2388;0,95
2389;0,95
2390;0,95
2391;0,95
2392;0,95
2393;0,95
2394;0,95
2395;0,95
2396;0,95
2397;0,95
2398;0,95
2399;0,95
2400;0,95
2401;0,95
2402;0,95
2403;0,95
2404;0,95
2405;0,95
2406;0,95
2407;0,95
2408;0,95
2409;0,95
2410;0,95
2411;0,95
2412;0,95
2413;0,95
2414;0,95
2415;0,95
2416;0,95
2417;0,95
2418;0,95
2419;0,95
2420;0,95
2421;0,95
2422;0,95
2423;0,95
2424;0,95
2425;0,95
2426;0,95
2427;0,95
2428;0,95
2429;0,95
2430;0,95
2431;0,95
2432;0,95
2433;0,95
2434;0,95
2435;0,95
2436;0,95
2437;0,95
2438;0,95
2439;0,95
2440;0,95
2441;0,95
2442;0,95
2443;0,95
2444;0,95
2445;0,95
2446;0,95
2447;0,95
2448;0,95
2449;0,95
2450;0,95
2451;0,95
2452;0,95
2453;0,95
2454;0,95
2455;0,95
2456;0,95
2457;0,95
2458;0,95
2459;0,95
2460;0,95
2461;0,95
2462;0,95
2463;0,95
2464;0,95
2465;0,95
2466;0,95
2467;0,95
2468;0,95
2469;0,95
2470;0,95
2471;0,95
2472;0,95
2473;0,95
2474;0,95
2475;0,95
2476;0,95
2477;0,95
2478;0,95
2479;0,95
2480;0,95
2481;0,95
2482;0,95
2483;0,95
2484;0,95
2485;0,95
2486;0,95
2487;0,95
2488;0,95
2489;0,95
2490;0,95
2491;0,95
2492;0,95
2493;0,95
2494;0,95
2495;0,95
2496;0,95
2497;0,95
2498;0,95
2499;0,95
2500;0,95
2501;0,95
2502;0,95
2503;0,95
2504;0,95
2505;0,95
2506;0,95
2507;0,95
2508;0,95
2509;0,95
2510;0,95
2511;0,95
2512;0,95
2513;0,95
2514;0,95
2515;0,95
2516;0,95
2517;0,95
2518;0,95
2519;0,95
2520;0,95
2521;0,95
2522;0,95
2523;0,95
2524;0,95
2525;0,95
2526;0,95
2527;0,95
2528;0,95
2529;0,95
2530;0,95
2531;0,95
2532;0,95
2533;0,95
2534;0,95
2535;0,95
2536;0,95
2537;0,95
2538;0,95
2539;0,95
2540;0,95
2541;0,95
2542;0,95
2543;0,95
2544;0,95
2545;0,95
2546;0,95
2547;0,95
2548;0,95
2549;0,95
2550;0,95
2551;0,95
2552;0,95
2553;0,95
2554;0,95
2555;0,95
2556;0,95
2557;0,95
2558;0,95
2559;0,95
2560;0,95
2561;0,95
2562;0,95
2563;0,95
2564;0,95
2565;0,95
2566;0,95
2567;0,95
2568;0,95
2569;0,95
2570;0,95
2571;0,95
2572;0,95
2573;0,95
2574;0,95
2575;0,95
2576;0,95
2577;0,95
2578;0,95
2579;0,95
2580;0,95
2581;0,95
2582;0,95
2583;0,95
2584;0,95
2585;0,95
2586;0,95
2587;0,95
2588;0,95
2589;0,95
2590;0,95
2591;0,95
2592;0,95
2593;0,95
2594;0,95
2595;0,95
2596;0,95
2597;0,95
2598;0,95
2599;0,95
2600;0,95
2601;0,95
2602;0,95
2603;0,95
2604;0,95
2605;0,95
2606;0,95
2607;0,95
2608;0,95
2609;0,95
2610;0,95
2611;0,95
2612;0,95
2613;0,95
2614;0,95
2615;0,95
2616;0,95
2617;0,95
2618;0,95
2619;0,95
2620;0,95
2621;0,95
2622;0,95
2623;0,95
2624;0,95
2625;0,95
2626;0,95
2627;0,95
2628;0,95
2629;0,95
2630;0,95
2631;0,95
2632;0,95
2633;0,95
2634;0,95
2635;0,95
2636;0,95
2637;0,95
2638;0,95
2639;0,95
2640;0,95
2641;0,95
2642;0,95
2643;0,95
2644;0,95
2645;0,95
2646;0,95
2647;0,95
2648;0,95
2649;0,95
2650;0,95
2651;0,95
2652;0,95
2653;0,95
2654;0,95
2655;0,95
2656;0,95
2657;0,95
2658;0,95
2659;0,95
2660;0,95
2661;0,95
2662;0,95
2663;0,95
2664;0,95
2665;0,95
2666;0,95
2667;0,95
2668;0,95
2669;0,95
2670;0,95
2671;0,95
2672;0,95
2673;0,95
2674;0,95
2675;0,95
2676;0,95
2677;0,95
2678;0,95
2679;0,95
2680;0,95
2681;0,95
2682;0,95
2683;0,95
2684;0,95
2685;0,95
2686;0,95
2687;0,95
2688;0,95
2689;0,95
2690;0,95
2691;0,95
2692;0,95
2693;0,95
2694;0,95
2695;0,95
2696;0,95
2697;0,95
2698;0,95
2699;0,95
2700;0,95
2701;0,95
2702;0,95
2703;0,95
2704;0,95
2705;0,95
2706;0,95
2707;0,95
2708;0,95
2709;0,95
2710;0,95
2711;0,95
2712;0,95
2713;0,95
2714;0,95
2715;0,95
2716;0,95
2717;0,95
2718;0,95
2719;0,95
2720;0,95
2721;0,95
2722;0,95
2723;0,95
2724;0,95
2725;0,95
2726;0,95
2727;0,95
2728;0,95
2729;0,95
2730;0,95
2731;0,95
2732;0,95
2733;0,95
2734;0,95
2735;0,95
2736;0,95
2737;0,95
2738;0,95
2739;0,95
2740;0,95
2741;0,95
2742;0,95
2743;0,95
2744;0,95
2745;0,95
2746;0,95
2747;0,95
2748;0,95
2749;0,95
2750;0,95
2751;0,95
2752;0,95
2753;0,95
2754;0,95
2755;0,95
2756;0,95
2757;0,95
2758;0,95
2759;0,95
2760;0,95
2761;0,95
2762;0,95
2763;0,95
2764;0,95
2765;0,95
2766;0,95
2767;0,95
2768;0,95
2769;0,95
2770;0,95
2771;0,95
2772;0,95
2773;0,95
2774;0,95
2775;0,95
2776;0,95
2777;0,95
2778;0,95
2779;0,95
2780;0,95
2781;0,95
2782;0,95
2783;0,95
2784;0,95
2785;0,95
2786;0,95
2787;0,95
2788;0,95
2789;0,95
2790;0,95
2791;0,95
2792;0,95
2793;0,95
2794;0,95
2795;0,95
2796;0,95
2797;0,95
2798;0,95
2799;0,95
2800;0,95
2801;0,95
2802;0,95
2803;0,95
2804;0,95
2805;0,95
2806;0,95
2807;0,95
2808;0,95
2809;0,95
2810;0,95
2811;0,95
2812;0,95
2813;0,95
2814;0,95
2815;0,95
2816;0,95
2817;0,95
2818;0,95
2819;0,95
2820;0,95
2821;0,95
2822;0,95
2823;0,95
2824;0,95
2825;0,95
2826;0,95
2827;0,95
2828;0,95
2829;0,95
2830;0,95
2831;0,95
2832;0,95
2833;0,95
2834;0,95
2835;0,95
2836;0,95
2837;0,95
2838;0,95
2839;0,95
2840;0,95
2841;0,95
2842;0,95
2843;0,95
2844;0,95
2845;0,95
2846;0,95
2847;0,95
2848;0,95
2849;0,95
2850;0,95
2851;0,95
2852;0,95
2853;0,95
2854;0,95
2855;0,95
2856;0,95
2857;0,95
2858;0,95
2859;0,95
2860;0,95
2861;0,95
2862;0,95
2863;0,95
2864;0,95
2865;0,95
2866;0,95
2867;0,95
2868;0,95
2869;0,95
2870;0,95
2871;0,95
2872;0,95
2873;0,95
2874;0,95
2875;0,95
2876;0,95
2877;0,95
2878;0,95
2879;0,95
2880;0,83
2881;0,83
2882;0,83
2883;0,83
2884;0,83
2885;0,83
2886;0,83
2887;0,83
2888;0,83
2889;0,83
2890;0,83
2891;0,83
2892;0,83
2893;0,83
2894;0,83
2895;0,83
2896;0,83
2897;0,83
2898;0,83
2899;0,83
2900;0,83
2901;0,83
2902;0,83
2903;0,83
2904;0,83
2905;0,83
2906;0,83
2907;0,83
2908;0,83
2909;0,83
2910;0,83
2911;0,83
2912;0,83
2913;0,83
2914;0,83
2915;0,83
2916;0,83
2917;0,83
2918;0,83
2919;0,83
2920;0,83
2921;0,83
2922;0,83
2923;0,83
2924;0,83
2925;0,83
2926;0,83
2927;0,83
2928;0,83
2929;0,83
2930;0,83
2931;0,83
2932;0,83
2933;0,83
2934;0,83
2935;0,83
2936;0,83
2937;0,83
2938;0,83
2939;0,83
2940;0,83
2941;0,83
2942;0,83
2943;0,83
2944;0,83
2945;0,83
2946;0,83
2947;0,83
2948;0,83
2949;0,83
2950;0,83
2951;0,83
2952;0,83
2953;0,83
2954;0,83
2955;0,83
2956;0,83
2957;0,83
2958;0,83
2959;0,83
2960;0,83
2961;0,83
2962;0,83
2963;0,83
2964;0,83
2965;0,83
2966;0,83
2967;0,83
2968;0,83
2969;0,83
2970;0,83
2971;0,83
2972;0,83
2973;0,83
2974;0,83
2975;0,83
2976;0,83
2977;0,83
2978;0,83
2979;0,83
2980;0,83
2981;0,83
2982;0,83
2983;0,83
2984;0,83
2985;0,83
2986;0,83
2987;0,83
2988;0,83
2989;0,83
2990;0,83
2991;0,83
2992;0,83
2993;0,83
2994;0,83
2995;0,83
2996;0,83
2997;0,83
2998;0,83
2999;0,83
3000;0,83
3001;0,83
3002;0,83
3003;0,83
3004;0,83
3005;0,83
3006;0,83
3007;0,83
3008;0,83
3009;0,83
3010;0,83
3011;0,83
3012;0,83
3013;0,83
3014;0,83
3015;0,83
3016;0,83
3017;0,83
3018;0,83
3019;0,83
3020;0,83
3021;0,83
3022;0,83
3023;0,83
3024;0,83
3025;0,83
3026;0,83
3027;0,83
3028;0,83
3029;0,83
3030;0,83
3031;0,83
3032;0,83
3033;0,83
3034;0,83
3035;0,83
3036;0,83
3037;0,83
3038;0,83
3039;0,83
3040;0,83
3041;0,83
3042;0,83
3043;0,83
3044;0,83
3045;0,83
3046;0,83
3047;0,83
3048;0,83
3049;0,83
3050;0,83
3051;0,83
3052;0,83
3053;0,83
3054;0,83
3055;0,83
3056;0,83
3057;0,83
3058;0,83
3059;0,83
3060;0,83
3061;0,83
3062;0,83
3063;0,83
3064;0,83
3065;0,83
3066;0,83
3067;0,83
3068;0,83
3069;0,83
3070;0,83
3071;0,83
3072;0,83
3073;0,83
3074;0,83
3075;0,83
3076;0,83
3077;0,83
3078;0,83
3079;0,83
3080;0,83
3081;0,83
3082;0,83
3083;0,83
3084;0,83
3085;0,83
3086;0,83
3087;0,83
3088;0,83
3089;0,83
3090;0,83
3091;0,83
3092;0,83
3093;0,83
3094;0,83
3095;0,83
3096;0,83
3097;0,83
3098;0,83
3099;0,83
3100;0,83
3101;0,83
3102;0,83
3103;0,83
3104;0,83
3105;0,83
3106;0,83
3107;0,83
3108;0,83
3109;0,83
3110;0,83
3111;0,83
3112;0,83
3113;0,83
3114;0,83
3115;0,83
3116;0,83
3117;0,83
3118;0,83
3119;0,83
3120;0,83
3121;0,83
3122;0,83
3123;0,83
3124;0,83
3125;0,83
3126;0,83
3127;0,83
3128;0,83
3129;0,83
3130;0,83
3131;0,83
3132;0,83
3133;0,83
3134;0,83
3135;0,83
3136;0,83
3137;0,83
3138;0,83
3139;0,83
3140;0,83
3141;0,83
3142;0,83
3143;0,83
3144;0,83
3145;0,83
3146;0,83
3147;0,83
3148;0,83
3149;0,83
3150;0,83
3151;0,83
3152;0,83
3153;0,83
3154;0,83
3155;0,83
3156;0,83
3157;0,83
3158;0,83
3159;0,83
3160;0,83
3161;0,83
3162;0,83
3163;0,83
3164;0,83
3165;0,83
3166;0,83
3167;0,83
3168;0,83
3169;0,83
3170;0,83
3171;0,83
3172;0,83
3173;0,83
3174;0,83
3175;0,83
3176;0,83
3177;0,83
3178;0,83
3179;0,83
3180;0,83
3181;0,83
3182;0,83
3183;0,83
3184;0,83
3185;0,83
3186;0,83
3187;0,83
3188;0,83
3189;0,83
3190;0,83
3191;0,83
3192;0,83
3193;0,83
3194;0,83
3195;0,83
3196;0,83
3197;0,83
3198;0,83
3199;0,83
3200;0,83
3201;0,83
3202;0,83
3203;0,83
3204;0,83
3205;0,83
3206;0,83
3207;0,83
3208;0,83
3209;0,83
3210;0,83
3211;0,83
3212;0,83
3213;0,83
3214;0,83
3215;0,83
3216;0,83
3217;0,83
3218;0,83
3219;0,83
3220;0,83
3221;0,83
3222;0,83
3223;0,83
3224;0,83
3225;0,83
3226;0,83
3227;0,83
3228;0,83
3229;0,83
3230;0,83
3231;0,83
3232;0,83
3233;0,83
3234;0,83
3235;0,83
3236;0,83
3237;0,83
3238;0,83
3239;0,83
3240;0,83
3241;0,83
3242;0,83
3243;0,83
3244;0,83
3245;0,83
3246;0,83
3247;0,83
3248;0,83
3249;0,83
3250;0,83
3251;0,83
3252;0,83
3253;0,83
3254;0,83
3255;0,83
3256;0,83
3257;0,83
3258;0,83
3259;0,83
3260;0,83
3261;0,83
3262;0,83
3263;0,83
3264;0,83
3265;0,83
3266;0,83
3267;0,83
3268;0,83
3269;0,83
3270;0,83
3271;0,83
3272;0,83
3273;0,83
3274;0,83
3275;0,83
3276;0,83
3277;0,83
3278;0,83
3279;0,83
3280;0,83
3281;0,83
3282;0,83
3283;0,83
3284;0,83
3285;0,83
3286;0,83
3287;0,83
3288;0,83
3289;0,83
3290;0,83
3291;0,83
3292;0,83
3293;0,83
3294;0,83
3295;0,83
3296;0,83
3297;0,83
3298;0,83
3299;0,83
3300;0,83
3301;0,83
3302;0,83
3303;0,83
3304;0,83
3305;0,83
3306;0,83
3307;0,83
3308;0,83
3309;0,83
3310;0,83
3311;0,83
3312;0,83
3313;0,83
3314;0,83
3315;0,83
3316;0,83
3317;0,83
3318;0,83
3319;0,83
3320;0,83
3321;0,83
3322;0,83
3323;0,83
3324;0,83
3325;0,83
3326;0,83
3327;0,83
3328;0,83
3329;0,83
3330;0,83
3331;0,83
3332;0,83
3333;0,83
3334;0,83
3335;0,83
3336;0,83
3337;0,83
3338;0,83
3339;0,83
3340;0,83
3341;0,83
3342;0,83
3343;0,83
3344;0,83
3345;0,83
3346;0,83
3347;0,83
3348;0,83
3349;0,83
3350;0,83
3351;0,83
3352;0,83
3353;0,83
3354;0,83
3355;0,83
3356;0,83
3357;0,83
3358;0,83
3359;0,83
3360;0,83
3361;0,83
3362;0,83
3363;0,83
3364;0,83
3365;0,83
3366;0,83
3367;0,83
3368;0,83
3369;0,83
3370;0,83
3371;0,83
3372;0,83
3373;0,83
3374;0,83
3375;0,83
3376;0,83
3377;0,83
3378;0,83
3379;0,83
3380;0,83
3381;0,83
3382;0,83
3383;0,83
3384;0,83
3385;0,83
3386;0,83
3387;0,83
3388;0,83
3389;0,83
3390;0,83
3391;0,83
3392;0,83
3393;0,83
3394;0,83
3395;0,83
3396;0,83
3397;0,83
3398;0,83
3399;0,83
3400;0,83
3401;0,83
3402;0,83
3403;0,83
3404;0,83
3405;0,83
3406;0,83
3407;0,83
3408;0,83
3409;0,83
3410;0,83
3411;0,83
3412;0,83
3413;0,83
3414;0,83
3415;0,83
3416;0,83
3417;0,83
3418;0,83
3419;0,83
3420;0,83
3421;0,83
3422;0,83
3423;0,83
3424;0,83
3425;0,83
3426;0,83
3427;0,83
3428;0,83
3429;0,83
3430;0,83
3431;0,83
3432;0,83
3433;0,83
3434;0,83
3435;0,83
3436;0,83
3437;0,83
3438;0,83
3439;0,83
3440;0,83
3441;0,83
3442;0,83
3443;0,83
3444;0,83
3445;0,83
3446;0,83
3447;0,83
3448;0,83
3449;0,83
3450;0,83
3451;0,83
3452;0,83
3453;0,83
3454;0,83
3455;0,83
3456;0,83
3457;0,83
3458;0,83
3459;0,83
3460;0,83
3461;0,83
3462;0,83
3463;0,83
3464;0,83
3465;0,83
3466;0,83
3467;0,83
3468;0,83
3469;0,83
3470;0,83
3471;0,83
3472;0,83
3473;0,83
3474;0,83
3475;0,83
3476;0,83
3477;0,83
3478;0,83
3479;0,83
3480;0,83
3481;0,83
3482;0,83
3483;0,83
3484;0,83
3485;0,83
3486;0,83
3487;0,83
3488;0,83
3489;0,83
3490;0,83
3491;0,83
3492;0,83
3493;0,83
3494;0,83
3495;0,83
3496;0,83
3497;0,83
3498;0,83
3499;0,83
3500;0,83
3501;0,83
3502;0,83
3503;0,83
3504;0,83
3505;0,83
3506;0,83
3507;0,83
3508;0,83
3509;0,83
3510;0,83
3511;0,83
3512;0,83
3513;0,83
3514;0,83
3515;0,83
3516;0,83
3517;0,83
3518;0,83
3519;0,83
3520;0,83
3521;0,83
3522;0,83
3523;0,83
3524;0,83
3525;0,83
3526;0,83
3527;0,83
3528;0,83
3529;0,83
3530;0,83
3531;0,83
3532;0,83
3533;0,83
3534;0,83
3535;0,83
3536;0,83
3537;0,83
3538;0,83
3539;0,83
3540;0,83
3541;0,83
3542;0,83
3543;0,83
3544;0,83
3545;0,83
3546;0,83
3547;0,83
3548;0,83
3549;0,83
3550;0,83
3551;0,83
3552;0,83
3553;0,83
3554;0,83
3555;0,83
3556;0,83
3557;0,83
3558;0,83
3559;0,83
3560;0,83
3561;0,83
3562;0,83
3563;0,83
3564;0,83
3565;0,83
3566;0,83
3567;0,83
3568;0,83
3569;0,83
3570;0,83
3571;0,83
3572;0,83
3573;0,83
3574;0,83
3575;0,83
3576;0,83
3577;0,83
3578;0,83
3579;0,83
3580;0,83
3581;0,83
3582;0,83
3583;0,83
3584;0,83
3585;0,83
3586;0,83
3587;0,83
3588;0,83
3589;0,83
3590;0,83
3591;0,83
3592;0,83
3593;0,83
3594;0,83
3595;0,83
3596;0,83
3597;0,83
3598;0,83
3599;0,83
3600;0,83
3601;0,83
3602;0,83
3603;0,83
3604;0,83
3605;0,83
3606;0,83
3607;0,83
3608;0,83
3609;0,83
3610;0,83
3611;0,83
3612;0,83
3613;0,83
3614;0,83
3615;0,83
3616;0,83
3617;0,83
3618;0,83
3619;0,83
3620;0,83
3621;0,83
3622;0,83
3623;0,83
3624;0,71
3625;0,71
3626;0,71
3627;0,71
3628;0,71
3629;0,71
3630;0,71
3631;0,71
3632;0,71
3633;0,71
3634;0,71
3635;0,71
3636;0,71
3637;0,71
3638;0,71
3639;0,71
3640;0,71
3641;0,71
3642;0,71
3643;0,71
3644;0,71
3645;0,71
3646;0,71
3647;0,71
3648;0,71
3649;0,71
3650;0,71
3651;0,71
3652;0,71
3653;0,71
3654;0,71
3655;0,71
3656;0,71
3657;0,71
3658;0,71
3659;0,71
3660;0,71
3661;0,71
3662;0,71
3663;0,71
3664;0,71
3665;0,71
3666;0,71
3667;0,71
3668;0,71
3669;0,71
3670;0,71
3671;0,71
3672;0,71
3673;0,71
3674;0,71
3675;0,71
3676;0,71
3677;0,71
3678;0,71
3679;0,71
3680;0,71
3681;0,71
3682;0,71
3683;0,71
3684;0,71
3685;0,71
3686;0,71
3687;0,71
3688;0,71
3689;0,71
3690;0,71
3691;0,71
3692;0,71
3693;0,71
3694;0,71
3695;0,71
3696;0,71
3697;0,71
3698;0,71
3699;0,71
3700;0,71
3701;0,71
3702;0,71
3703;0,71
3704;0,71
3705;0,71
3706;0,71
3707;0,71
3708;0,71
3709;0,71
3710;0,71
3711;0,71
3712;0,71
3713;0,71
3714;0,71
3715;0,71
3716;0,71
3717;0,71
3718;0,71
3719;0,71
3720;0,71
3721;0,71
3722;0,71
3723;0,71
3724;0,71
3725;0,71
3726;0,71
3727;0,71
3728;0,71
3729;0,71
3730;0,71
3731;0,71
3732;0,71
3733;0,71
3734;0,71
3735;0,71
3736;0,71
3737;0,71
3738;0,71
3739;0,71
3740;0,71
3741;0,71
3742;0,71
3743;0,71
3744;0,71
3745;0,71
3746;0,71
3747;0,71
3748;0,71
3749;0,71
3750;0,71
3751;0,71
3752;0,71
3753;0,71
3754;0,71
3755;0,71
3756;0,71
3757;0,71
3758;0,71
3759;0,71
3760;0,71
3761;0,71
3762;0,71
3763;0,71
3764;0,71
3765;0,71
3766;0,71
3767;0,71
3768;0,71
3769;0,71
3770;0,71
3771;0,71
3772;0,71
3773;0,71
3774;0,71
3775;0,71
3776;0,71
3777;0,71
3778;0,71
3779;0,71
3780;0,71
3781;0,71
3782;0,71
3783;0,71
3784;0,71
3785;0,71
3786;0,71
3787;0,71
3788;0,71
3789;0,71
3790;0,71
3791;0,71
3792;0,71
3793;0,71
3794;0,71
3795;0,71
3796;0,71
3797;0,71
3798;0,71
3799;0,71
3800;0,71
3801;0,71
3802;0,71
3803;0,71
3804;0,71
3805;0,71
3806;0,71
3807;0,71
3808;0,71
3809;0,71
3810;0,71
3811;0,71
3812;0,71
3813;0,71
3814;0,71
3815;0,71
3816;0,71
3817;0,71
3818;0,71
3819;0,71
3820;0,71
3821;0,71
3822;0,71
3823;0,71
3824;0,71
3825;0,71
3826;0,71
3827;0,71
3828;0,71
3829;0,71
3830;0,71
3831;0,71
3832;0,71
3833;0,71
3834;0,71
3835;0,71
3836;0,71
3837;0,71
3838;0,71
3839;0,71
3840;0,71
3841;0,71
3842;0,71
3843;0,71
3844;0,71
3845;0,71
3846;0,71
3847;0,71
3848;0,71
3849;0,71
3850;0,71
3851;0,71
3852;0,71
3853;0,71
3854;0,71
3855;0,71
3856;0,71
3857;0,71
3858;0,71
3859;0,71
3860;0,71
3861;0,71
3862;0,71
3863;0,71
3864;0,71
3865;0,71
3866;0,71
3867;0,71
3868;0,71
3869;0,71
3870;0,71
3871;0,71
3872;0,71
3873;0,71
3874;0,71
3875;0,71
3876;0,71
3877;0,71
3878;0,71
3879;0,71
3880;0,71
3881;0,71
3882;0,71
3883;0,71
3884;0,71
3885;0,71
3886;0,71
3887;0,71
3888;0,71
3889;0,71
3890;0,71
3891;0,71
3892;0,71
3893;0,71
3894;0,71
3895;0,71
3896;0,71
3897;0,71
3898;0,71
3899;0,71
3900;0,71
3901;0,71
3902;0,71
3903;0,71
3904;0,71
3905;0,71
3906;0,71
3907;0,71
3908;0,71
3909;0,71
3910;0,71
3911;0,71
3912;0,71
3913;0,71
3914;0,71
3915;0,71
3916;0,71
3917;0,71
3918;0,71
3919;0,71
3920;0,71
3921;0,71
3922;0,71
3923;0,71
3924;0,71
3925;0,71
3926;0,71
3927;0,71
3928;0,71
3929;0,71
3930;0,71
3931;0,71
3932;0,71
3933;0,71
3934;0,71
3935;0,71
3936;0,71
3937;0,71
3938;0,71
3939;0,71
3940;0,71
3941;0,71
3942;0,71
3943;0,71
3944;0,71
3945;0,71
3946;0,71
3947;0,71
3948;0,71
3949;0,71
3950;0,71
3951;0,71
3952;0,71
3953;0,71
3954;0,71
3955;0,71
3956;0,71
3957;0,71
3958;0,71
3959;0,71
3960;0,71
3961;0,71
3962;0,71
3963;0,71
3964;0,71
3965;0,71
3966;0,71
3967;0,71
3968;0,71
3969;0,71
3970;0,71
3971;0,71
3972;0,71
3973;0,71
3974;0,71
3975;0,71
3976;0,71
3977;0,71
3978;0,71
3979;0,71
3980;0,71
3981;0,71
3982;0,71
3983;0,71
3984;0,71
3985;0,71
3986;0,71
3987;0,71
3988;0,71
3989;0,71
3990;0,71
3991;0,71
3992;0,71
3993;0,71
3994;0,71
3995;0,71
3996;0,71
3997;0,71
3998;0,71
3999;0,71
4000;0,71
4001;0,71
4002;0,71
4003;0,71
4004;0,71
4005;0,71
4006;0,71
4007;0,71
4008;0,71
4009;0,71
4010;0,71
4011;0,71
4012;0,71
4013;0,71
4014;0,71
4015;0,71
4016;0,71
4017;0,71
4018;0,71
4019;0,71
4020;0,71
4021;0,71
4022;0,71
4023;0,71
4024;0,71
4025;0,71
4026;0,71
4027;0,71
4028;0,71
4029;0,71
4030;0,71
4031;0,71
4032;0,71
4033;0,71
4034;0,71
4035;0,71
4036;0,71
4037;0,71
4038;0,71
4039;0,71
4040;0,71
4041;0,71
4042;0,71
4043;0,71
4044;0,71
4045;0,71
4046;0,71
4047;0,71
4048;0,71
4049;0,71
4050;0,71
4051;0,71
4052;0,71
4053;0,71
4054;0,71
4055;0,71
4056;0,71
4057;0,71
4058;0,71
4059;0,71
4060;0,71
4061;0,71
4062;0,71
4063;0,71
4064;0,71
4065;0,71
4066;0,71
4067;0,71
4068;0,71
4069;0,71
4070;0,71
4071;0,71
4072;0,71
4073;0,71
4074;0,71
4075;0,71
4076;0,71
4077;0,71
4078;0,71
4079;0,71
4080;0,71
4081;0,71
4082;0,71
4083;0,71
4084;0,71
4085;0,71
4086;0,71
4087;0,71
4088;0,71
4089;0,71
4090;0,71
4091;0,71
4092;0,71
4093;0,71
4094;0,71
4095;0,71
4096;0,71
4097;0,71
4098;0,71
4099;0,71
4100;0,71
4101;0,71
4102;0,71
4103;0,71
4104;0,71
4105;0,71
4106;0,71
4107;0,71
4108;0,71
4109;0,71
4110;0,71
4111;0,71
4112;0,71
4113;0,71
4114;0,71
4115;0,71
4116;0,71
4117;0,71
4118;0,71
4119;0,71
4120;0,71
4121;0,71
4122;0,71
4123;0,71
4124;0,71
4125;0,71
4126;0,71
4127;0,71
4128;0,71
4129;0,71
4130;0,71
4131;0,71
4132;0,71
4133;0,71
4134;0,71
4135;0,71
4136;0,71
4137;0,71
4138;0,71
4139;0,71
4140;0,71
4141;0,71
4142;0,71
4143;0,71
4144;0,71
4145;0,71
4146;0,71
4147;0,71
4148;0,71
4149;0,71
4150;0,71
4151;0,71
4152;0,71
4153;0,71
4154;0,71
4155;0,71
4156;0,71
4157;0,71
4158;0,71
4159;0,71
4160;0,71
4161;0,71
4162;0,71
4163;0,71
4164;0,71
4165;0,71
4166;0,71
4167;0,71
4168;0,71
4169;0,71
4170;0,71
4171;0,71
4172;0,71
4173;0,71
4174;0,71
4175;0,71
4176;0,71
4177;0,71
4178;0,71
4179;0,71
4180;0,71
4181;0,71
4182;0,71
4183;0,71
4184;0,71
4185;0,71
4186;0,71
4187;0,71
4188;0,71
4189;0,71
4190;0,71
4191;0,71
4192;0,71
4193;0,71
4194;0,71
4195;0,71
4196;0,71
4197;0,71
4198;0,71
4199;0,71
4200;0,71
4201;0,71
4202;0,71
4203;0,71
4204;0,71
4205;0,71
4206;0,71
4207;0,71
4208;0,71
4209;0,71
4210;0,71
4211;0,71
4212;0,71
4213;0,71
4214;0,71
4215;0,71
4216;0,71
4217;0,71
4218;0,71
4219;0,71
4220;0,71
4221;0,71
4222;0,71
4223;0,71
4224;0,71
4225;0,71
4226;0,71
4227;0,71
4228;0,71
4229;0,71
4230;0,71
4231;0,71
4232;0,71
4233;0,71
4234;0,71
4235;0,71
4236;0,71
4237;0,71
4238;0,71
4239;0,71
4240;0,71
4241;0,71
4242;0,71
4243;0,71
4244;0,71
4245;0,71
4246;0,71
4247;0,71
4248;0,71
4249;0,71
4250;0,71
4251;0,71
4252;0,71
4253;0,71
4254;0,71
4255;0,71
4256;0,71
4257;0,71
4258;0,71
4259;0,71
4260;0,71
4261;0,71
4262;0,71
4263;0,71
4264;0,71
4265;0,71
4266;0,71
4267;0,71
4268;0,71
4269;0,71
4270;0,71
4271;0,71
4272;0,71
4273;0,71
4274;0,71
4275;0,71
4276;0,71
4277;0,71
4278;0,71
4279;0,71
4280;0,71
4281;0,71
4282;0,71
4283;0,71
4284;0,71
4285;0,71
4286;0,71
4287;0,71
4288;0,71
4289;0,71
4290;0,71
4291;0,71
4292;0,71
4293;0,71
4294;0,71
4295;0,71
4296;0,71
4297;0,71
4298;0,71
4299;0,71
4300;0,71
4301;0,71
4302;0,71
4303;0,71
4304;0,71
4305;0,71
4306;0,71
4307;0,71
4308;0,71
4309;0,71
4310;0,71
4311;0,71
4312;0,71
4313;0,71
4314;0,71
4315;0,71
4316;0,71
4317;0,71
4318;0,71
4319;0,71
4320;0,71
4321;0,71
4322;0,71
4323;0,71
4324;0,71
4325;0,71
4326;0,71
4327;0,71
4328;0,71
4329;0,71
4330;0,71
4331;0,71
4332;0,71
4333;0,71
4334;0,71
4335;0,71
4336;0,71
4337;0,71
4338;0,71
4339;0,71
4340;0,71
4341;0,71
4342;0,71
4343;0,71
4344;0,53
4345;0,53
4346;0,53
4347;0,53
4348;0,53
4349;0,53
4350;0,53
4351;0,53
4352;0,53
4353;0,53
4354;0,53
4355;0,53
4356;0,53
4357;0,53
4358;0,53
4359;0,53
4360;0,53
4361;0,53
4362;0,53
4363;0,53
4364;0,53
4365;0,53
4366;0,53
4367;0,53
4368;0,53
4369;0,53
4370;0,53
4371;0,53
4372;0,53
4373;0,53
4374;0,53
4375;0,53
4376;0,53
4377;0,53
4378;0,53
4379;0,53
4380;0,53
4381;0,53
4382;0,53
4383;0,53
4384;0,53
4385;0,53
4386;0,53
4387;0,53
4388;0,53
4389;0,53
4390;0,53
4391;0,53
4392;0,53
4393;0,53
4394;0,53
4395;0,53
4396;0,53
4397;0,53
4398;0,53
4399;0,53
4400;0,53
4401;0,53
4402;0,53
4403;0,53
4404;0,53
4405;0,53
4406;0,53
4407;0,53
4408;0,53
4409;0,53
4410;0,53
4411;0,53
4412;0,53
4413;0,53
4414;0,53
4415;0,53
4416;0,53
4417;0,53
4418;0,53
4419;0,53
4420;0,53
4421;0,53
4422;0,53
4423;0,53
4424;0,53
4425;0,53
4426;0,53
4427;0,53
4428;0,53
4429;0,53
4430;0,53
4431;0,53
4432;0,53
4433;0,53
4434;0,53
4435;0,53
4436;0,53
4437;0,53
4438;0,53
4439;0,53
4440;0,53
4441;0,53
4442;0,53
4443;0,53
4444;0,53
4445;0,53
4446;0,53
4447;0,53
4448;0,53
4449;0,53
4450;0,53
4451;0,53
4452;0,53
4453;0,53
4454;0,53
4455;0,53
4456;0,53
4457;0,53
4458;0,53
4459;0,53
4460;0,53
4461;0,53
4462;0,53
4463;0,53
4464;0,53
4465;0,53
4466;0,53
4467;0,53
4468;0,53
4469;0,53
4470;0,53
4471;0,53
4472;0,53
4473;0,53
4474;0,53
4475;0,53
4476;0,53
4477;0,53
4478;0,53
4479;0,53
4480;0,53
4481;0,53
4482;0,53
4483;0,53
4484;0,53
4485;0,53
4486;0,53
4487;0,53
4488;0,53
4489;0,53
4490;0,53
4491;0,53
4492;0,53
4493;0,53
4494;0,53
4495;0,53
4496;0,53
4497;0,53
4498;0,53
4499;0,53
4500;0,53
4501;0,53
4502;0,53
4503;0,53
4504;0,53
4505;0,53
4506;0,53
4507;0,53
4508;0,53
4509;0,53
4510;0,53
4511;0,53
4512;0,53
4513;0,53
4514;0,53
4515;0,53
4516;0,53
4517;0,53
4518;0,53
4519;0,53
4520;0,53
4521;0,53
4522;0,53
4523;0,53
4524;0,53
4525;0,53
4526;0,53
4527;0,53
4528;0,53
4529;0,53
4530;0,53
4531;0,53
4532;0,53
4533;0,53
4534;0,53
4535;0,53
4536;0,53
4537;0,53
4538;0,53
4539;0,53
4540;0,53
4541;0,53
4542;0,53
4543;0,53
4544;0,53
4545;0,53
4546;0,53
4547;0,53
4548;0,53
4549;0,53
4550;0,53
4551;0,53
4552;0,53
4553;0,53
4554;0,53
4555;0,53
4556;0,53
4557;0,53
4558;0,53
4559;0,53
4560;0,53
4561;0,53
4562;0,53
4563;0,53
4564;0,53
4565;0,53
4566;0,53
4567;0,53
4568;0,53
4569;0,53
4570;0,53
4571;0,53
4572;0,53
4573;0,53
4574;0,53
4575;0,53
4576;0,53
4577;0,53
4578;0,53
4579;0,53
4580;0,53
4581;0,53
4582;0,53
4583;0,53
4584;0,53
4585;0,53
4586;0,53
4587;0,53
4588;0,53
4589;0,53
4590;0,53
4591;0,53
4592;0,53
4593;0,53
4594;0,53
4595;0,53
4596;0,53
4597;0,53
4598;0,53
4599;0,53
4600;0,53
4601;0,53
4602;0,53
4603;0,53
4604;0,53
4605;0,53
4606;0,53
4607;0,53
4608;0,53
4609;0,53
4610;0,53
4611;0,53
4612;0,53
4613;0,53
4614;0,53
4615;0,53
4616;0,53
4617;0,53
4618;0,53
4619;0,53
4620;0,53
4621;0,53
4622;0,53
4623;0,53
4624;0,53
4625;0,53
4626;0,53
4627;0,53
4628;0,53
4629;0,53
4630;0,53
4631;0,53
4632;0,53
4633;0,53
4634;0,53
4635;0,53
4636;0,53
4637;0,53
4638;0,53
4639;0,53
4640;0,53
4641;0,53
4642;0,53
4643;0,53
4644;0,53
4645;0,53
4646;0,53
4647;0,53
4648;0,53
4649;0,53
4650;0,53
4651;0,53
4652;0,53
4653;0,53
4654;0,53
4655;0,53
4656;0,53
4657;0,53
4658;0,53
4659;0,53
4660;0,53
4661;0,53
4662;0,53
4663;0,53
4664;0,53
4665;0,53
4666;0,53
4667;0,53
4668;0,53
4669;0,53
4670;0,53
4671;0,53
4672;0,53
4673;0,53
4674;0,53
4675;0,53
4676;0,53
4677;0,53
4678;0,53
4679;0,53
4680;0,53
4681;0,53
4682;0,53
4683;0,53
4684;0,53
4685;0,53
4686;0,53
4687;0,53
4688;0,53
4689;0,53
4690;0,53
4691;0,53
4692;0,53
4693;0,53
4694;0,53
4695;0,53
4696;0,53
4697;0,53
4698;0,53
4699;0,53
4700;0,53
4701;0,53
4702;0,53
4703;0,53
4704;0,53
4705;0,53
4706;0,53
4707;0,53
4708;0,53
4709;0,53
4710;0,53
4711;0,53
4712;0,53
4713;0,53
4714;0,53
4715;0,53
4716;0,53
4717;0,53
4718;0,53
4719;0,53
4720;0,53
4721;0,53
4722;0,53
4723;0,53
4724;0,53
4725;0,53
4726;0,53
4727;0,53
4728;0,53
4729;0,53
4730;0,53
4731;0,53
4732;0,53
4733;0,53
4734;0,53
4735;0,53
4736;0,53
4737;0,53
4738;0,53
4739;0,53
4740;0,53
4741;0,53
4742;0,53
4743;0,53
4744;0,53
4745;0,53
4746;0,53
4747;0,53
4748;0,53
4749;0,53
4750;0,53
4751;0,53
4752;0,53
4753;0,53
4754;0,53
4755;0,53
4756;0,53
4757;0,53
4758;0,53
4759;0,53
4760;0,53
4761;0,53
4762;0,53
4763;0,53
4764;0,53
4765;0,53
4766;0,53
4767;0,53
4768;0,53
4769;0,53
4770;0,53
4771;0,53
4772;0,53
4773;0,53
4774;0,53
4775;0,53
4776;0,53
4777;0,53
4778;0,53
4779;0,53
4780;0,53
4781;0,53
4782;0,53
4783;0,53
4784;0,53
4785;0,53
4786;0,53
4787;0,53
4788;0,53
4789;0,53
4790;0,53
4791;0,53
4792;0,53
4793;0,53
4794;0,53
4795;0,53
4796;0,53
4797;0,53
4798;0,53
4799;0,53
4800;0,53
4801;0,53
4802;0,53
4803;0,53
4804;0,53
4805;0,53
4806;0,53
4807;0,53
4808;0,53
4809;0,53
4810;0,53
4811;0,53
4812;0,53
4813;0,53
4814;0,53
4815;0,53
4816;0,53
4817;0,53
4818;0,53
4819;0,53
4820;0,53
4821;0,53
4822;0,53
4823;0,53
4824;0,53
4825;0,53
4826;0,53
4827;0,53
4828;0,53
4829;0,53
4830;0,53
4831;0,53
4832;0,53
4833;0,53
4834;0,53
4835;0,53
4836;0,53
4837;0,53
4838;0,53
4839;0,53
4840;0,53
4841;0,53
4842;0,53
4843;0,53
4844;0,53
4845;0,53
4846;0,53
4847;0,53
4848;0,53
4849;0,53
4850;0,53
4851;0,53
4852;0,53
4853;0,53
4854;0,53
4855;0,53
4856;0,53
4857;0,53
4858;0,53
4859;0,53
4860;0,53
4861;0,53
4862;0,53
4863;0,53
4864;0,53
4865;0,53
4866;0,53
4867;0,53
4868;0,53
4869;0,53
4870;0,53
4871;0,53
4872;0,53
4873;0,53
4874;0,53
4875;0,53
4876;0,53
4877;0,53
4878;0,53
4879;0,53
4880;0,53
4881;0,53
4882;0,53
4883;0,53
4884;0,53
4885;0,53
4886;0,53
4887;0,53
4888;0,53
4889;0,53
4890;0,53
4891;0,53
4892;0,53
4893;0,53
4894;0,53
4895;0,53
4896;0,53
4897;0,53
4898;0,53
4899;0,53
4900;0,53
4901;0,53
4902;0,53
4903;0,53
4904;0,53
4905;0,53
4906;0,53
4907;0,53
4908;0,53
4909;0,53
4910;0,53
4911;0,53
4912;0,53
4913;0,53
4914;0,53
4915;0,53
4916;0,53
4917;0,53
4918;0,53
4919;0,53
4920;0,53
4921;0,53
4922;0,53
4923;0,53
4924;0,53
4925;0,53
4926;0,53
4927;0,53
4928;0,53
4929;0,53
4930;0,53
4931;0,53
4932;0,53
4933;0,53
4934;0,53
4935;0,53
4936;0,53
4937;0,53
4938;0,53
4939;0,53
4940;0,53
4941;0,53
4942;0,53
4943;0,53
4944;0,53
4945;0,53
4946;0,53
4947;0,53
4948;0,53
4949;0,53
4950;0,53
4951;0,53
4952;0,53
4953;0,53
4954;0,53
4955;0,53
4956;0,53
4957;0,53
4958;0,53
4959;0,53
4960;0,53
4961;0,53
4962;0,53
4963;0,53
4964;0,53
4965;0,53
4966;0,53
4967;0,53
4968;0,53
4969;0,53
4970;0,53
4971;0,53
4972;0,53
4973;0,53
4974;0,53
4975;0,53
4976;0,53
4977;0,53
4978;0,53
4979;0,53
4980;0,53
4981;0,53
4982;0,53
4983;0,53
4984;0,53
4985;0,53
4986;0,53
4987;0,53
4988;0,53
4989;0,53
4990;0,53
4991;0,53
4992;0,53
4993;0,53
4994;0,53
4995;0,53
4996;0,53
4997;0,53
4998;0,53
4999;0,53
5000;0,53
5001;0,53
5002;0,53
5003;0,53
5004;0,53
5005;0,53
5006;0,53
5007;0,53
5008;0,53
5009;0,53
5010;0,53
5011;0,53
5012;0,53
5013;0,53
5014;0,53
5015;0,53
5016;0,53
5017;0,53
5018;0,53
5019;0,53
5020;0,53
5021;0,53
5022;0,53
5023;0,53
5024;0,53
5025;0,53
5026;0,53
5027;0,53
5028;0,53
5029;0,53
5030;0,53
5031;0,53
5032;0,53
5033;0,53
5034;0,53
5035;0,53
5036;0,53
5037;0,53
5038;0,53
5039;0,53
5040;0,53
5041;0,53
5042;0,53
5043;0,53
5044;0,53
5045;0,53
5046;0,53
5047;0,53
5048;0,53
5049;0,53
5050;0,53
5051;0,53
5052;0,53
5053;0,53
5054;0,53
5055;0,53
5056;0,53
5057;0,53
5058;0,53
5059;0,53
5060;0,53
5061;0,53
5062;0,53
5063;0,53
5064;0,53
5065;0,53
5066;0,53
5067;0,53
5068;0,53
5069;0,53
5070;0,53
5071;0,53
5072;0,53
5073;0,53
5074;0,53
5075;0,53
5076;0,53
5077;0,53
5078;0,53
5079;0,53
5080;0,53
5081;0,53
5082;0,53
5083;0,53
5084;0,53
5085;0,53
5086;0,53
5087;0,53
5088;0,49
5089;0,49
5090;0,49
5091;0,49
5092;0,49
5093;0,49
5094;0,49
5095;0,49
5096;0,49
5097;0,49
5098;0,49
5099;0,49
5100;0,49
5101;0,49
5102;0,49
5103;0,49
5104;0,49
5105;0,49
5106;0,49
5107;0,49
5108;0,49
5109;0,49
5110;0,49
5111;0,49
5112;0,49
5113;0,49
5114;0,49
5115;0,49
5116;0,49
5117;0,49
5118;0,49
5119;0,49
5120;0,49
5121;0,49
5122;0,49
5123;0,49
5124;0,49
5125;0,49
5126;0,49
5127;0,49
5128;0,49
5129;0,49
5130;0,49
5131;0,49
5132;0,49
5133;0,49
5134;0,49
5135;0,49
5136;0,49
5137;0,49
5138;0,49
5139;0,49
5140;0,49
5141;0,49
5142;0,49
5143;0,49
5144;0,49
5145;0,49
5146;0,49
5147;0,49
5148;0,49
5149;0,49
5150;0,49
5151;0,49
5152;0,49
5153;0,49
5154;0,49
5155;0,49
5156;0,49
5157;0,49
5158;0,49
5159;0,49
5160;0,49
5161;0,49
5162;0,49
5163;0,49
5164;0,49
5165;0,49
5166;0,49
5167;0,49
5168;0,49
5169;0,49
5170;0,49
5171;0,49
5172;0,49
5173;0,49
5174;0,49
5175;0,49
5176;0,49
5177;0,49
5178;0,49
5179;0,49
5180;0,49
5181;0,49
5182;0,49
5183;0,49
5184;0,49
5185;0,49
5186;0,49
5187;0,49
5188;0,49
5189;0,49
5190;0,49
5191;0,49
5192;0,49
5193;0,49
5194;0,49
5195;0,49
5196;0,49
5197;0,49
5198;0,49
5199;0,49
5200;0,49
5201;0,49
5202;0,49
5203;0,49
5204;0,49
5205;0,49
5206;0,49
5207;0,49
5208;0,49
5209;0,49
5210;0,49
5211;0,49
5212;0,49
5213;0,49
5214;0,49
5215;0,49
5216;0,49
5217;0,49
5218;0,49
5219;0,49
5220;0,49
5221;0,49
5222;0,49
5223;0,49
5224;0,49
5225;0,49
5226;0,49
5227;0,49
5228;0,49
5229;0,49
5230;0,49
5231;0,49
5232;0,49
5233;0,49
5234;0,49
5235;0,49
5236;0,49
5237;0,49
5238;0,49
5239;0,49
5240;0,49
5241;0,49
5242;0,49
5243;0,49
5244;0,49
5245;0,49
5246;0,49
5247;0,49
5248;0,49
5249;0,49
5250;0,49
5251;0,49
5252;0,49
5253;0,49
5254;0,49
5255;0,49
5256;0,49
5257;0,49
5258;0,49
5259;0,49
5260;0,49
5261;0,49
5262;0,49
5263;0,49
5264;0,49
5265;0,49
5266;0,49
5267;0,49
5268;0,49
5269;0,49
5270;0,49
5271;0,49
5272;0,49
5273;0,49
5274;0,49
5275;0,49
5276;0,49
5277;0,49
5278;0,49
5279;0,49
5280;0,49
5281;0,49
5282;0,49
5283;0,49
5284;0,49
5285;0,49
5286;0,49
5287;0,49
5288;0,49
5289;0,49
5290;0,49
5291;0,49
5292;0,49
5293;0,49
5294;0,49
5295;0,49
5296;0,49
5297;0,49
5298;0,49
5299;0,49
5300;0,49
5301;0,49
5302;0,49
5303;0,49
5304;0,49
5305;0,49
5306;0,49
5307;0,49
5308;0,49
5309;0,49
5310;0,49
5311;0,49
5312;0,49
5313;0,49
5314;0,49
5315;0,49
5316;0,49
5317;0,49
5318;0,49
5319;0,49
5320;0,49
5321;0,49
5322;0,49
5323;0,49
5324;0,49
5325;0,49
5326;0,49
5327;0,49
5328;0,49
5329;0,49
5330;0,49
5331;0,49
5332;0,49
5333;0,49
5334;0,49
5335;0,49
5336;0,49
5337;0,49
5338;0,49
5339;0,49
5340;0,49
5341;0,49
5342;0,49
5343;0,49
5344;0,49
5345;0,49
5346;0,49
5347;0,49
5348;0,49
5349;0,49
5350;0,49
5351;0,49
5352;0,49
5353;0,49
5354;0,49
5355;0,49
5356;0,49
5357;0,49
5358;0,49
5359;0,49
5360;0,49
5361;0,49
5362;0,49
5363;0,49
5364;0,49
5365;0,49
5366;0,49
5367;0,49
5368;0,49
5369;0,49
5370;0,49
5371;0,49
5372;0,49
5373;0,49
5374;0,49
5375;0,49
5376;0,49
5377;0,49
5378;0,49
5379;0,49
5380;0,49
5381;0,49
5382;0,49
5383;0,49
5384;0,49
5385;0,49
5386;0,49
5387;0,49
5388;0,49
5389;0,49
5390;0,49
5391;0,49
5392;0,49
5393;0,49
5394;0,49
5395;0,49
5396;0,49
5397;0,49
5398;0,49
5399;0,49
5400;0,49
5401;0,49
5402;0,49
5403;0,49
5404;0,49
5405;0,49
5406;0,49
5407;0,49
5408;0,49
5409;0,49
5410;0,49
5411;0,49
5412;0,49
5413;0,49
5414;0,49
5415;0,49
5416;0,49
5417;0,49
5418;0,49
5419;0,49
5420;0,49
5421;0,49
5422;0,49
5423;0,49
5424;0,49
5425;0,49
5426;0,49
5427;0,49
5428;0,49
5429;0,49
5430;0,49
5431;0,49
5432;0,49
5433;0,49
5434;0,49
5435;0,49
5436;0,49
5437;0,49
5438;0,49
5439;0,49
5440;0,49
5441;0,49
5442;0,49
5443;0,49
5444;0,49
5445;0,49
5446;0,49
5447;0,49
5448;0,49
5449;0,49
5450;0,49
5451;0,49
5452;0,49
5453;0,49
5454;0,49
5455;0,49
5456;0,49
5457;0,49
5458;0,49
5459;0,49
5460;0,49
5461;0,49
5462;0,49
5463;0,49
5464;0,49
5465;0,49
5466;0,49
5467;0,49
5468;0,49
5469;0,49
5470;0,49
5471;0,49
5472;0,49
5473;0,49
5474;0,49
5475;0,49
5476;0,49
5477;0,49
5478;0,49
5479;0,49
5480;0,49
5481;0,49
5482;0,49
5483;0,49
5484;0,49
5485;0,49
5486;0,49
5487;0,49
5488;0,49
5489;0,49
5490;0,49
5491;0,49
5492;0,49
5493;0,49
5494;0,49
5495;0,49
5496;0,49
5497;0,49
5498;0,49
5499;0,49
5500;0,49
5501;0,49
5502;0,49
5503;0,49
5504;0,49
5505;0,49
5506;0,49
5507;0,49
5508;0,49
5509;0,49
5510;0,49
5511;0,49
5512;0,49
5513;0,49
5514;0,49
5515;0,49
5516;0,49
5517;0,49
5518;0,49
5519;0,49
5520;0,49
5521;0,49
5522;0,49
5523;0,49
5524;0,49
5525;0,49
5526;0,49
5527;0,49
5528;0,49
5529;0,49
5530;0,49
5531;0,49
5532;0,49
5533;0,49
5534;0,49
5535;0,49
5536;0,49
5537;0,49
5538;0,49
5539;0,49
5540;0,49
5541;0,49
5542;0,49
5543;0,49
5544;0,49
5545;0,49
5546;0,49
5547;0,49
5548;0,49
5549;0,49
5550;0,49
5551;0,49
5552;0,49
5553;0,49
5554;0,49
5555;0,49
5556;0,49
5557;0,49
5558;0,49
5559;0,49
5560;0,49
5561;0,49
5562;0,49
5563;0,49
5564;0,49
5565;0,49
5566;0,49
5567;0,49
5568;0,49
5569;0,49
5570;0,49
5571;0,49
5572;0,49
5573;0,49
5574;0,49
5575;0,49
5576;0,49
5577;0,49
5578;0,49
5579;0,49
5580;0,49
5581;0,49
5582;0,49
5583;0,49
5584;0,49
5585;0,49
5586;0,49
5587;0,49
5588;0,49
5589;0,49
5590;0,49
5591;0,49
5592;0,49
5593;0,49
5594;0,49
5595;0,49
5596;0,49
5597;0,49
5598;0,49
5599;0,49
5600;0,49
5601;0,49
5602;0,49
5603;0,49
5604;0,49
5605;0,49
5606;0,49
5607;0,49
5608;0,49
5609;0,49
5610;0,49
5611;0,49
5612;0,49
5613;0,49
5614;0,49
5615;0,49
5616;0,49
5617;0,49
5618;0,49
5619;0,49
5620;0,49
5621;0,49
5622;0,49
5623;0,49
5624;0,49
5625;0,49
5626;0,49
5627;0,49
5628;0,49
5629;0,49
5630;0,49
5631;0,49
5632;0,49
5633;0,49
5634;0,49
5635;0,49
5636;0,49
5637;0,49
5638;0,49
5639;0,49
5640;0,49
5641;0,49
5642;0,49
5643;0,49
5644;0,49
5645;0,49
5646;0,49
5647;0,49
5648;0,49
5649;0,49
5650;0,49
5651;0,49
5652;0,49
5653;0,49
5654;0,49
5655;0,49
5656;0,49
5657;0,49
5658;0,49
5659;0,49
5660;0,49
5661;0,49
5662;0,49
5663;0,49
5664;0,49
5665;0,49
5666;0,49
5667;0,49
5668;0,49
5669;0,49
5670;0,49
5671;0,49
5672;0,49
5673;0,49
5674;0,49
5675;0,49
5676;0,49
5677;0,49
5678;0,49
5679;0,49
5680;0,49
5681;0,49
5682;0,49
5683;0,49
5684;0,49
5685;0,49
5686;0,49
5687;0,49
5688;0,49
5689;0,49
5690;0,49
5691;0,49
5692;0,49
5693;0,49
5694;0,49
5695;0,49
5696;0,49
5697;0,49
5698;0,49
5699;0,49
5700;0,49
5701;0,49
5702;0,49
5703;0,49
5704;0,49
5705;0,49
5706;0,49
5707;0,49
5708;0,49
5709;0,49
5710;0,49
5711;0,49
5712;0,49
5713;0,49
5714;0,49
5715;0,49
5716;0,49
5717;0,49
5718;0,49
5719;0,49
5720;0,49
5721;0,49
5722;0,49
5723;0,49
5724;0,49
5725;0,49
5726;0,49
5727;0,49
5728;0,49
5729;0,49
5730;0,49
5731;0,49
5732;0,49
5733;0,49
5734;0,49
5735;0,49
5736;0,49
5737;0,49
5738;0,49
5739;0,49
5740;0,49
5741;0,49
5742;0,49
5743;0,49
5744;0,49
5745;0,49
5746;0,49
5747;0,49
5748;0,49
5749;0,49
5750;0,49
5751;0,49
5752;0,49
5753;0,49
5754;0,49
5755;0,49
5756;0,49
5757;0,49
5758;0,49
5759;0,49
5760;0,49
5761;0,49
5762;0,49
5763;0,49
5764;0,49
5765;0,49
5766;0,49
5767;0,49
5768;0,49
5769;0,49
5770;0,49
5771;0,49
5772;0,49
5773;0,49
5774;0,49
5775;0,49
5776;0,49
5777;0,49
5778;0,49
5779;0,49
5780;0,49
5781;0,49
5782;0,49
5783;0,49
5784;0,49
5785;0,49
5786;0,49
5787;0,49
5788;0,49
5789;0,49
5790;0,49
5791;0,49
5792;0,49
5793;0,49
5794;0,49
5795;0,49
5796;0,49
5797;0,49
5798;0,49
5799;0,49
5800;0,49
5801;0,49
5802;0,49
5803;0,49
5804;0,49
5805;0,49
5806;0,49
5807;0,49
5808;0,49
5809;0,49
5810;0,49
5811;0,49
5812;0,49
5813;0,49
5814;0,49
5815;0,49
5816;0,49
5817;0,49
5818;0,49
5819;0,49
5820;0,49
5821;0,49
5822;0,49
5823;0,49
5824;0,49
5825;0,49
5826;0,49
5827;0,49
5828;0,49
5829;0,49
5830;0,49
5831;0,49
5832;0,48
5833;0,48
5834;0,48
5835;0,48
5836;0,48
5837;0,48
5838;0,48
5839;0,48
5840;0,48
5841;0,48
5842;0,48
5843;0,48
5844;0,48
5845;0,48
5846;0,48
5847;0,48
5848;0,48
5849;0,48
5850;0,48
5851;0,48
5852;0,48
5853;0,48
5854;0,48
5855;0,48
5856;0,48
5857;0,48
5858;0,48
5859;0,48
5860;0,48
5861;0,48
5862;0,48
5863;0,48
5864;0,48
5865;0,48
5866;0,48
5867;0,48
5868;0,48
5869;0,48
5870;0,48
5871;0,48
5872;0,48
5873;0,48
5874;0,48
5875;0,48
5876;0,48
5877;0,48
5878;0,48
5879;0,48
5880;0,48
5881;0,48
5882;0,48
5883;0,48
5884;0,48
5885;0,48
5886;0,48
5887;0,48
5888;0,48
5889;0,48
5890;0,48
5891;0,48
5892;0,48
5893;0,48
5894;0,48
5895;0,48
5896;0,48
5897;0,48
5898;0,48
5899;0,48
5900;0,48
5901;0,48
5902;0,48
5903;0,48
5904;0,48
5905;0,48
5906;0,48
5907;0,48
5908;0,48
5909;0,48
5910;0,48
5911;0,48
5912;0,48
5913;0,48
5914;0,48
5915;0,48
5916;0,48
5917;0,48
5918;0,48
5919;0,48
5920;0,48
5921;0,48
5922;0,48
5923;0,48
5924;0,48
5925;0,48
5926;0,48
5927;0,48
5928;0,48
5929;0,48
5930;0,48
5931;0,48
5932;0,48
5933;0,48
5934;0,48
5935;0,48
5936;0,48
5937;0,48
5938;0,48
5939;0,48
5940;0,48
5941;0,48
5942;0,48
5943;0,48
5944;0,48
5945;0,48
5946;0,48
5947;0,48
5948;0,48
5949;0,48
5950;0,48
5951;0,48
5952;0,48
5953;0,48
5954;0,48
5955;0,48
5956;0,48
5957;0,48
5958;0,48
5959;0,48
5960;0,48
5961;0,48
5962;0,48
5963;0,48
5964;0,48
5965;0,48
5966;0,48
5967;0,48
5968;0,48
5969;0,48
5970;0,48
5971;0,48
5972;0,48
5973;0,48
5974;0,48
5975;0,48
5976;0,48
5977;0,48
5978;0,48
5979;0,48
5980;0,48
5981;0,48
5982;0,48
5983;0,48
5984;0,48
5985;0,48
5986;0,48
5987;0,48
5988;0,48
5989;0,48
5990;0,48
5991;0,48
5992;0,48
5993;0,48
5994;0,48
5995;0,48
5996;0,48
5997;0,48
5998;0,48
5999;0,48
6000;0,48
6001;0,48
6002;0,48
6003;0,48
6004;0,48
6005;0,48
6006;0,48
6007;0,48
6008;0,48
6009;0,48
6010;0,48
6011;0,48
6012;0,48
6013;0,48
6014;0,48
6015;0,48
6016;0,48
6017;0,48
6018;0,48
6019;0,48
6020;0,48
6021;0,48
6022;0,48
6023;0,48
6024;0,48
6025;0,48
6026;0,48
6027;0,48
6028;0,48
6029;0,48
6030;0,48
6031;0,48
6032;0,48
6033;0,48
6034;0,48
6035;0,48
6036;0,48
6037;0,48
6038;0,48
6039;0,48
6040;0,48
6041;0,48
6042;0,48
6043;0,48
6044;0,48
6045;0,48
6046;0,48
6047;0,48
6048;0,48
6049;0,48
6050;0,48
6051;0,48
6052;0,48
6053;0,48
6054;0,48
6055;0,48
6056;0,48
6057;0,48
6058;0,48
6059;0,48
6060;0,48
6061;0,48
6062;0,48
6063;0,48
6064;0,48
6065;0,48
6066;0,48
6067;0,48
6068;0,48
6069;0,48
6070;0,48
6071;0,48
6072;0,48
6073;0,48
6074;0,48
6075;0,48
6076;0,48
6077;0,48
6078;0,48
6079;0,48
6080;0,48
6081;0,48
6082;0,48
6083;0,48
6084;0,48
6085;0,48
6086;0,48
6087;0,48
6088;0,48
6089;0,48
6090;0,48
6091;0,48
6092;0,48
6093;0,48
6094;0,48
6095;0,48
6096;0,48
6097;0,48
6098;0,48
6099;0,48
6100;0,48
6101;0,48
6102;0,48
6103;0,48
6104;0,48
6105;0,48
6106;0,48
6107;0,48
6108;0,48
6109;0,48
6110;0,48
6111;0,48
6112;0,48
6113;0,48
6114;0,48
6115;0,48
6116;0,48
6117;0,48
6118;0,48
6119;0,48
6120;0,48
6121;0,48
6122;0,48
6123;0,48
6124;0,48
6125;0,48
6126;0,48
6127;0,48
6128;0,48
6129;0,48
6130;0,48
6131;0,48
6132;0,48
6133;0,48
6134;0,48
6135;0,48
6136;0,48
6137;0,48
6138;0,48
6139;0,48
6140;0,48
6141;0,48
6142;0,48
6143;0,48
6144;0,48
6145;0,48
6146;0,48
6147;0,48
6148;0,48
6149;0,48
6150;0,48
6151;0,48
6152;0,48
6153;0,48
6154;0,48
6155;0,48
6156;0,48
6157;0,48
6158;0,48
6159;0,48
6160;0,48
6161;0,48
6162;0,48
6163;0,48
6164;0,48
6165;0,48
6166;0,48
6167;0,48
6168;0,48
6169;0,48
6170;0,48
6171;0,48
6172;0,48
6173;0,48
6174;0,48
6175;0,48
6176;0,48
6177;0,48
6178;0,48
6179;0,48
6180;0,48
6181;0,48
6182;0,48
6183;0,48
6184;0,48
6185;0,48
6186;0,48
6187;0,48
6188;0,48
6189;0,48
6190;0,48
6191;0,48
6192;0,48
6193;0,48
6194;0,48
6195;0,48
6196;0,48
6197;0,48
6198;0,48
6199;0,48
6200;0,48
6201;0,48
6202;0,48
6203;0,48
6204;0,48
6205;0,48
6206;0,48
6207;0,48
6208;0,48
6209;0,48
6210;0,48
6211;0,48
6212;0,48
6213;0,48
6214;0,48
6215;0,48
6216;0,48
6217;0,48
6218;0,48
6219;0,48
6220;0,48
6221;0,48
6222;0,48
6223;0,48
6224;0,48
6225;0,48
6226;0,48
6227;0,48
6228;0,48
6229;0,48
6230;0,48
6231;0,48
6232;0,48
6233;0,48
6234;0,48
6235;0,48
6236;0,48
6237;0,48
6238;0,48
6239;0,48
6240;0,48
6241;0,48
6242;0,48
6243;0,48
6244;0,48
6245;0,48
6246;0,48
6247;0,48
6248;0,48
6249;0,48
6250;0,48
6251;0,48
6252;0,48
6253;0,48
6254;0,48
6255;0,48
6256;0,48
6257;0,48
6258;0,48
6259;0,48
6260;0,48
6261;0,48
6262;0,48
6263;0,48
6264;0,48
6265;0,48
6266;0,48
6267;0,48
6268;0,48
6269;0,48
6270;0,48
6271;0,48
6272;0,48
6273;0,48
6274;0,48
6275;0,48
6276;0,48
6277;0,48
6278;0,48
6279;0,48
6280;0,48
6281;0,48
6282;0,48
6283;0,48
6284;0,48
6285;0,48
6286;0,48
6287;0,48
6288;0,48
6289;0,48
6290;0,48
6291;0,48
6292;0,48
6293;0,48
6294;0,48
6295;0,48
6296;0,48
6297;0,48
6298;0,48
6299;0,48
6300;0,48
6301;0,48
6302;0,48
6303;0,48
6304;0,48
6305;0,48
6306;0,48
6307;0,48
6308;0,48
6309;0,48
6310;0,48
6311;0,48
6312;0,48
6313;0,48
6314;0,48
6315;0,48
6316;0,48
6317;0,48
6318;0,48
6319;0,48
6320;0,48
6321;0,48
6322;0,48
6323;0,48
6324;0,48
6325;0,48
6326;0,48
6327;0,48
6328;0,48
6329;0,48
6330;0,48
6331;0,48
6332;0,48
6333;0,48
6334;0,48
6335;0,48
6336;0,48
6337;0,48
6338;0,48
6339;0,48
6340;0,48
6341;0,48
6342;0,48
6343;0,48
6344;0,48
6345;0,48
6346;0,48
6347;0,48
6348;0,48
6349;0,48
6350;0,48
6351;0,48
6352;0,48
6353;0,48
6354;0,48
6355;0,48
6356;0,48
6357;0,48
6358;0,48
6359;0,48
6360;0,48
6361;0,48
6362;0,48
6363;0,48
6364;0,48
6365;0,48
6366;0,48
6367;0,48
6368;0,48
6369;0,48
6370;0,48
6371;0,48
6372;0,48
6373;0,48
6374;0,48
6375;0,48
6376;0,48
6377;0,48
6378;0,48
6379;0,48
6380;0,48
6381;0,48
6382;0,48
6383;0,48
6384;0,48
6385;0,48
6386;0,48
6387;0,48
6388;0,48
6389;0,48
6390;0,48
6391;0,48
6392;0,48
6393;0,48
6394;0,48
6395;0,48
6396;0,48
6397;0,48
6398;0,48
6399;0,48
6400;0,48
6401;0,48
6402;0,48
6403;0,48
6404;0,48
6405;0,48
6406;0,48
6407;0,48
6408;0,48
6409;0,48
6410;0,48
6411;0,48
6412;0,48
6413;0,48
6414;0,48
6415;0,48
6416;0,48
6417;0,48
6418;0,48
6419;0,48
6420;0,48
6421;0,48
6422;0,48
6423;0,48
6424;0,48
6425;0,48
6426;0,48
6427;0,48
6428;0,48
6429;0,48
6430;0,48
6431;0,48
6432;0,48
6433;0,48
6434;0,48
6435;0,48
6436;0,48
6437;0,48
6438;0,48
6439;0,48
6440;0,48
6441;0,48
6442;0,48
6443;0,48
6444;0,48
6445;0,48
6446;0,48
6447;0,48
6448;0,48
6449;0,48
6450;0,48
6451;0,48
6452;0,48
6453;0,48
6454;0,48
6455;0,48
6456;0,48
6457;0,48
6458;0,48
6459;0,48
6460;0,48
6461;0,48
6462;0,48
6463;0,48
6464;0,48
6465;0,48
6466;0,48
6467;0,48
6468;0,48
6469;0,48
6470;0,48
6471;0,48
6472;0,48
6473;0,48
6474;0,48
6475;0,48
6476;0,48
6477;0,48
6478;0,48
6479;0,48
6480;0,48
6481;0,48
6482;0,48
6483;0,48
6484;0,48
6485;0,48
6486;0,48
6487;0,48
6488;0,48
6489;0,48
6490;0,48
6491;0,48
6492;0,48
6493;0,48
6494;0,48
6495;0,48
6496;0,48
6497;0,48
6498;0,48
6499;0,48
6500;0,48
6501;0,48
6502;0,48
6503;0,48
6504;0,48
6505;0,48
6506;0,48
6507;0,48
6508;0,48
6509;0,48
6510;0,48
6511;0,48
6512;0,48
6513;0,48
6514;0,48
6515;0,48
6516;0,48
6517;0,48
6518;0,48
6519;0,48
6520;0,48
6521;0,48
6522;0,48
6523;0,48
6524;0,48
6525;0,48
6526;0,48
6527;0,48
6528;0,48
6529;0,48
6530;0,48
6531;0,48
6532;0,48
6533;0,48
6534;0,48
6535;0,48
6536;0,48
6537;0,48
6538;0,48
6539;0,48
6540;0,48
6541;0,48
6542;0,48
6543;0,48
6544;0,48
6545;0,48
6546;0,48
6547;0,48
6548;0,48
6549;0,48
6550;0,48
6551;0,48
6552;0,6
6553;0,6
6554;0,6
6555;0,6
6556;0,6
6557;0,6
6558;0,6
6559;0,6
6560;0,6
6561;0,6
6562;0,6
6563;0,6
6564;0,6
6565;0,6
6566;0,6
6567;0,6
6568;0,6
6569;0,6
6570;0,6
6571;0,6
6572;0,6
6573;0,6
6574;0,6
6575;0,6
6576;0,6
6577;0,6
6578;0,6
6579;0,6
6580;0,6
6581;0,6
6582;0,6
6583;0,6
6584;0,6
6585;0,6
6586;0,6
6587;0,6
6588;0,6
6589;0,6
6590;0,6
6591;0,6
6592;0,6
6593;0,6
6594;0,6
6595;0,6
6596;0,6
6597;0,6
6598;0,6
6599;0,6
6600;0,6
6601;0,6
6602;0,6
6603;0,6
6604;0,6
6605;0,6
6606;0,6
6607;0,6
6608;0,6
6609;0,6
6610;0,6
6611;0,6
6612;0,6
6613;0,6
6614;0,6
6615;0,6
6616;0,6
6617;0,6
6618;0,6
6619;0,6
6620;0,6
6621;0,6
6622;0,6
6623;0,6
6624;0,6
6625;0,6
6626;0,6
6627;0,6
6628;0,6
6629;0,6
6630;0,6
6631;0,6
6632;0,6
6633;0,6
6634;0,6
6635;0,6
6636;0,6
6637;0,6
6638;0,6
6639;0,6
6640;0,6
6641;0,6
6642;0,6
6643;0,6
6644;0,6
6645;0,6
6646;0,6
6647;0,6
6648;0,6
6649;0,6
6650;0,6
6651;0,6
6652;0,6
6653;0,6
6654;0,6
6655;0,6
6656;0,6
6657;0,6
6658;0,6
6659;0,6
6660;0,6
6661;0,6
6662;0,6
6663;0,6
6664;0,6
6665;0,6
6666;0,6
6667;0,6
6668;0,6
6669;0,6
6670;0,6
6671;0,6
6672;0,6
6673;0,6
6674;0,6
6675;0,6
6676;0,6
6677;0,6
6678;0,6
6679;0,6
6680;0,6
6681;0,6
6682;0,6
6683;0,6
6684;0,6
6685;0,6
6686;0,6
6687;0,6
6688;0,6
6689;0,6
6690;0,6
6691;0,6
6692;0,6
6693;0,6
6694;0,6
6695;0,6
6696;0,6
6697;0,6
6698;0,6
6699;0,6
6700;0,6
6701;0,6
6702;0,6
6703;0,6
6704;0,6
6705;0,6
6706;0,6
6707;0,6
6708;0,6
6709;0,6
6710;0,6
6711;0,6
6712;0,6
6713;0,6
6714;0,6
6715;0,6
6716;0,6
6717;0,6
6718;0,6
6719;0,6
6720;0,6
6721;0,6
6722;0,6
6723;0,6
6724;0,6
6725;0,6
6726;0,6
6727;0,6
6728;0,6
6729;0,6
6730;0,6
6731;0,6
6732;0,6
6733;0,6
6734;0,6
6735;0,6
6736;0,6
6737;0,6
6738;0,6
6739;0,6
6740;0,6
6741;0,6
6742;0,6
6743;0,6
6744;0,6
6745;0,6
6746;0,6
6747;0,6
6748;0,6
6749;0,6
6750;0,6
6751;0,6
6752;0,6
6753;0,6
6754;0,6
6755;0,6
6756;0,6
6757;0,6
6758;0,6
6759;0,6
6760;0,6
6761;0,6
6762;0,6
6763;0,6
6764;0,6
6765;0,6
6766;0,6
6767;0,6
6768;0,6
6769;0,6
6770;0,6
6771;0,6
6772;0,6
6773;0,6
6774;0,6
6775;0,6
6776;0,6
6777;0,6
6778;0,6
6779;0,6
6780;0,6
6781;0,6
6782;0,6
6783;0,6
6784;0,6
6785;0,6
6786;0,6
6787;0,6
6788;0,6
6789;0,6
6790;0,6
6791;0,6
6792;0,6
6793;0,6
6794;0,6
6795;0,6
6796;0,6
6797;0,6
6798;0,6
6799;0,6
6800;0,6
6801;0,6
6802;0,6
6803;0,6
6804;0,6
6805;0,6
6806;0,6
6807;0,6
6808;0,6
6809;0,6
6810;0,6
6811;0,6
6812;0,6
6813;0,6
6814;0,6
6815;0,6
6816;0,6
6817;0,6
6818;0,6
6819;0,6
6820;0,6
6821;0,6
6822;0,6
6823;0,6
6824;0,6
6825;0,6
6826;0,6
6827;0,6
6828;0,6
6829;0,6
6830;0,6
6831;0,6
6832;0,6
6833;0,6
6834;0,6
6835;0,6
6836;0,6
6837;0,6
6838;0,6
6839;0,6
6840;0,6
6841;0,6
6842;0,6
6843;0,6
6844;0,6
6845;0,6
6846;0,6
6847;0,6
6848;0,6
6849;0,6
6850;0,6
6851;0,6
6852;0,6
6853;0,6
6854;0,6
6855;0,6
6856;0,6
6857;0,6
6858;0,6
6859;0,6
6860;0,6
6861;0,6
6862;0,6
6863;0,6
6864;0,6
6865;0,6
6866;0,6
6867;0,6
6868;0,6
6869;0,6
6870;0,6
6871;0,6
6872;0,6
6873;0,6
6874;0,6
6875;0,6
6876;0,6
6877;0,6
6878;0,6
6879;0,6
6880;0,6
6881;0,6
6882;0,6
6883;0,6
6884;0,6
6885;0,6
6886;0,6
6887;0,6
6888;0,6
6889;0,6
6890;0,6
6891;0,6
6892;0,6
6893;0,6
6894;0,6
6895;0,6
6896;0,6
6897;0,6
6898;0,6
6899;0,6
6900;0,6
6901;0,6
6902;0,6
6903;0,6
6904;0,6
6905;0,6
6906;0,6
6907;0,6
6908;0,6
6909;0,6
6910;0,6
6911;0,6
6912;0,6
6913;0,6
6914;0,6
6915;0,6
6916;0,6
6917;0,6
6918;0,6
6919;0,6
6920;0,6
6921;0,6
6922;0,6
6923;0,6
6924;0,6
6925;0,6
6926;0,6
6927;0,6
6928;0,6
6929;0,6
6930;0,6
6931;0,6
6932;0,6
6933;0,6
6934;0,6
6935;0,6
6936;0,6
6937;0,6
6938;0,6
6939;0,6
6940;0,6
6941;0,6
6942;0,6
6943;0,6
6944;0,6
6945;0,6
6946;0,6
6947;0,6
6948;0,6
6949;0,6
6950;0,6
6951;0,6
6952;0,6
6953;0,6
6954;0,6
6955;0,6
6956;0,6
6957;0,6
6958;0,6
6959;0,6
6960;0,6
6961;0,6
6962;0,6
6963;0,6
6964;0,6
6965;0,6
6966;0,6
6967;0,6
6968;0,6
6969;0,6
6970;0,6
6971;0,6
6972;0,6
6973;0,6
6974;0,6
6975;0,6
6976;0,6
6977;0,6
6978;0,6
6979;0,6
6980;0,6
6981;0,6
6982;0,6
6983;0,6
6984;0,6
6985;0,6
6986;0,6
6987;0,6
6988;0,6
6989;0,6
6990;0,6
6991;0,6
6992;0,6
6993;0,6
6994;0,6
6995;0,6
6996;0,6
6997;0,6
6998;0,6
6999;0,6
7000;0,6
7001;0,6
7002;0,6
7003;0,6
7004;0,6
7005;0,6
7006;0,6
7007;0,6
7008;0,6
7009;0,6
7010;0,6
7011;0,6
7012;0,6
7013;0,6
7014;0,6
7015;0,6
7016;0,6
7017;0,6
7018;0,6
7019;0,6
7020;0,6
7021;0,6
7022;0,6
7023;0,6
7024;0,6
7025;0,6
7026;0,6
7027;0,6
7028;0,6
7029;0,6
7030;0,6
7031;0,6
7032;0,6
7033;0,6
7034;0,6
7035;0,6
7036;0,6
7037;0,6
7038;0,6
7039;0,6
7040;0,6
7041;0,6
7042;0,6
7043;0,6
7044;0,6
7045;0,6
7046;0,6
7047;0,6
7048;0,6
7049;0,6
7050;0,6
7051;0,6
7052;0,6
7053;0,6
7054;0,6
7055;0,6
7056;0,6
7057;0,6
7058;0,6
7059;0,6
7060;0,6
7061;0,6
7062;0,6
7063;0,6
7064;0,6
7065;0,6
7066;0,6
7067;0,6
7068;0,6
7069;0,6
7070;0,6
7071;0,6
7072;0,6
7073;0,6
7074;0,6
7075;0,6
7076;0,6
7077;0,6
7078;0,6
7079;0,6
7080;0,6
7081;0,6
7082;0,6
7083;0,6
7084;0,6
7085;0,6
7086;0,6
7087;0,6
7088;0,6
7089;0,6
7090;0,6
7091;0,6
7092;0,6
7093;0,6
7094;0,6
7095;0,6
7096;0,6
7097;0,6
7098;0,6
7099;0,6
7100;0,6
7101;0,6
7102;0,6
7103;0,6
7104;0,6
7105;0,6
7106;0,6
7107;0,6
7108;0,6
7109;0,6
7110;0,6
7111;0,6
7112;0,6
7113;0,6
7114;0,6
7115;0,6
7116;0,6
7117;0,6
7118;0,6
7119;0,6
7120;0,6
7121;0,6
7122;0,6
7123;0,6
7124;0,6
7125;0,6
7126;0,6
7127;0,6
7128;0,6
7129;0,6
7130;0,6
7131;0,6
7132;0,6
7133;0,6
7134;0,6
7135;0,6
7136;0,6
7137;0,6
7138;0,6
7139;0,6
7140;0,6
7141;0,6
7142;0,6
7143;0,6
7144;0,6
7145;0,6
7146;0,6
7147;0,6
7148;0,6
7149;0,6
7150;0,6
7151;0,6
7152;0,6
7153;0,6
7154;0,6
7155;0,6
7156;0,6
7157;0,6
7158;0,6
7159;0,6
7160;0,6
7161;0,6
7162;0,6
7163;0,6
7164;0,6
7165;0,6
7166;0,6
7167;0,6
7168;0,6
7169;0,6
7170;0,6
7171;0,6
7172;0,6
7173;0,6
7174;0,6
7175;0,6
7176;0,6
7177;0,6
7178;0,6
7179;0,6
7180;0,6
7181;0,6
7182;0,6
7183;0,6
7184;0,6
7185;0,6
7186;0,6
7187;0,6
7188;0,6
7189;0,6
7190;0,6
7191;0,6
7192;0,6
7193;0,6
7194;0,6
7195;0,6
7196;0,6
7197;0,6
7198;0,6
7199;0,6
7200;0,6
7201;0,6
7202;0,6
7203;0,6
7204;0,6
7205;0,6
7206;0,6
7207;0,6
7208;0,6
7209;0,6
7210;0,6
7211;0,6
7212;0,6
7213;0,6
7214;0,6
7215;0,6
7216;0,6
7217;0,6
7218;0,6
7219;0,6
7220;0,6
7221;0,6
7222;0,6
7223;0,6
7224;0,6
7225;0,6
7226;0,6
7227;0,6
7228;0,6
7229;0,6
7230;0,6
7231;0,6
7232;0,6
7233;0,6
7234;0,6
7235;0,6
7236;0,6
7237;0,6
7238;0,6
7239;0,6
7240;0,6
7241;0,6
7242;0,6
7243;0,6
7244;0,6
7245;0,6
7246;0,6
7247;0,6
7248;0,6
7249;0,6
7250;0,6
7251;0,6
7252;0,6
7253;0,6
7254;0,6
7255;0,6
7256;0,6
7257;0,6
7258;0,6
7259;0,6
7260;0,6
7261;0,6
7262;0,6
7263;0,6
7264;0,6
7265;0,6
7266;0,6
7267;0,6
7268;0,6
7269;0,6
7270;0,6
7271;0,6
7272;0,6
7273;0,6
7274;0,6
7275;0,6
7276;0,6
7277;0,6
7278;0,6
7279;0,6
7280;0,6
7281;0,6
7282;0,6
7283;0,6
7284;0,6
7285;0,6
7286;0,6
7287;0,6
7288;0,6
7289;0,6
7290;0,6
7291;0,6
7292;0,6
7293;0,6
7294;0,6
7295;0,6
7296;0,7
7297;0,7
7298;0,7
7299;0,7
7300;0,7
7301;0,7
7302;0,7
7303;0,7
7304;0,7
7305;0,7
7306;0,7
7307;0,7
7308;0,7
7309;0,7
7310;0,7
7311;0,7
7312;0,7
7313;0,7
7314;0,7
7315;0,7
7316;0,7
7317;0,7
7318;0,7
7319;0,7
7320;0,7
7321;0,7
7322;0,7
7323;0,7
7324;0,7
7325;0,7
7326;0,7
7327;0,7
7328;0,7
7329;0,7
7330;0,7
7331;0,7
7332;0,7
7333;0,7
7334;0,7
7335;0,7
7336;0,7
7337;0,7
7338;0,7
7339;0,7
7340;0,7
7341;0,7
7342;0,7
7343;0,7
7344;0,7
7345;0,7
7346;0,7
7347;0,7
7348;0,7
7349;0,7
7350;0,7
7351;0,7
7352;0,7
7353;0,7
7354;0,7
7355;0,7
7356;0,7
7357;0,7
7358;0,7
7359;0,7
7360;0,7
7361;0,7
7362;0,7
7363;0,7
7364;0,7
7365;0,7
7366;0,7
7367;0,7
7368;0,7
7369;0,7
7370;0,7
7371;0,7
7372;0,7
7373;0,7
7374;0,7
7375;0,7
7376;0,7
7377;0,7
7378;0,7
7379;0,7
7380;0,7
7381;0,7
7382;0,7
7383;0,7
7384;0,7
7385;0,7
7386;0,7
7387;0,7
7388;0,7
7389;0,7
7390;0,7
7391;0,7
7392;0,7
7393;0,7
7394;0,7
7395;0,7
7396;0,7
7397;0,7
7398;0,7
7399;0,7
7400;0,7
7401;0,7
7402;0,7
7403;0,7
7404;0,7
7405;0,7
7406;0,7
7407;0,7
7408;0,7
7409;0,7
7410;0,7
7411;0,7
7412;0,7
7413;0,7
7414;0,7
7415;0,7
7416;0,7
7417;0,7
7418;0,7
7419;0,7
7420;0,7
7421;0,7
7422;0,7
7423;0,7
7424;0,7
7425;0,7
7426;0,7
7427;0,7
7428;0,7
7429;0,7
7430;0,7
7431;0,7
7432;0,7
7433;0,7
7434;0,7
7435;0,7
7436;0,7
7437;0,7
7438;0,7
7439;0,7
7440;0,7
7441;0,7
7442;0,7
7443;0,7
7444;0,7
7445;0,7
7446;0,7
7447;0,7
7448;0,7
7449;0,7
7450;0,7
7451;0,7
7452;0,7
7453;0,7
7454;0,7
7455;0,7
7456;0,7
7457;0,7
7458;0,7
7459;0,7
7460;0,7
7461;0,7
7462;0,7
7463;0,7
7464;0,7
7465;0,7
7466;0,7
7467;0,7
7468;0,7
7469;0,7
7470;0,7
7471;0,7
7472;0,7
7473;0,7
7474;0,7
7475;0,7
7476;0,7
7477;0,7
7478;0,7
7479;0,7
7480;0,7
7481;0,7
7482;0,7
7483;0,7
7484;0,7
7485;0,7
7486;0,7
7487;0,7
7488;0,7
7489;0,7
7490;0,7
7491;0,7
7492;0,7
7493;0,7
7494;0,7
7495;0,7
7496;0,7
7497;0,7
7498;0,7
7499;0,7
7500;0,7
7501;0,7
7502;0,7
7503;0,7
7504;0,7
7505;0,7
7506;0,7
7507;0,7
7508;0,7
7509;0,7
7510;0,7
7511;0,7
7512;0,7
7513;0,7
7514;0,7
7515;0,7
7516;0,7
7517;0,7
7518;0,7
7519;0,7
7520;0,7
7521;0,7
7522;0,7
7523;0,7
7524;0,7
7525;0,7
7526;0,7
7527;0,7
7528;0,7
7529;0,7
7530;0,7
7531;0,7
7532;0,7
7533;0,7
7534;0,7
7535;0,7
7536;0,7
7537;0,7
7538;0,7
7539;0,7
7540;0,7
7541;0,7
7542;0,7
7543;0,7
7544;0,7
7545;0,7
7546;0,7
7547;0,7
7548;0,7
7549;0,7
7550;0,7
7551;0,7
7552;0,7
7553;0,7
7554;0,7
7555;0,7
7556;0,7
7557;0,7
7558;0,7
7559;0,7
7560;0,7
7561;0,7
7562;0,7
7563;0,7
7564;0,7
7565;0,7
7566;0,7
7567;0,7
7568;0,7
7569;0,7
7570;0,7
7571;0,7
7572;0,7
7573;0,7
7574;0,7
7575;0,7
7576;0,7
7577;0,7
7578;0,7
7579;0,7
7580;0,7
7581;0,7
7582;0,7
7583;0,7
7584;0,7
7585;0,7
7586;0,7
7587;0,7
7588;0,7
7589;0,7
7590;0,7
7591;0,7
7592;0,7
7593;0,7
7594;0,7
7595;0,7
7596;0,7
7597;0,7
7598;0,7
7599;0,7
7600;0,7
7601;0,7
7602;0,7
7603;0,7
7604;0,7
7605;0,7
7606;0,7
7607;0,7
7608;0,7
7609;0,7
7610;0,7
7611;0,7
7612;0,7
7613;0,7
7614;0,7
7615;0,7
7616;0,7
7617;0,7
7618;0,7
7619;0,7
7620;0,7
7621;0,7
7622;0,7
7623;0,7
7624;0,7
7625;0,7
7626;0,7
7627;0,7
7628;0,7
7629;0,7
7630;0,7
7631;0,7
7632;0,7
7633;0,7
7634;0,7
7635;0,7
7636;0,7
7637;0,7
7638;0,7
7639;0,7
7640;0,7
7641;0,7
7642;0,7
7643;0,7
7644;0,7
7645;0,7
7646;0,7
7647;0,7
7648;0,7
7649;0,7
7650;0,7
7651;0,7
7652;0,7
7653;0,7
7654;0,7
7655;0,7
7656;0,7
7657;0,7
7658;0,7
7659;0,7
7660;0,7
7661;0,7
7662;0,7
7663;0,7
7664;0,7
7665;0,7
7666;0,7
7667;0,7
7668;0,7
7669;0,7
7670;0,7
7671;0,7
7672;0,7
7673;0,7
7674;0,7
7675;0,7
7676;0,7
7677;0,7
7678;0,7
7679;0,7
7680;0,7
7681;0,7
7682;0,7
7683;0,7
7684;0,7
7685;0,7
7686;0,7
7687;0,7
7688;0,7
7689;0,7
7690;0,7
7691;0,7
7692;0,7
7693;0,7
7694;0,7
7695;0,7
7696;0,7
7697;0,7
7698;0,7
7699;0,7
7700;0,7
7701;0,7
7702;0,7
7703;0,7
7704;0,7
7705;0,7
7706;0,7
7707;0,7
7708;0,7
7709;0,7
7710;0,7
7711;0,7
7712;0,7
7713;0,7
7714;0,7
7715;0,7
7716;0,7
7717;0,7
7718;0,7
7719;0,7
7720;0,7
7721;0,7
7722;0,7
7723;0,7
7724;0,7
7725;0,7
7726;0,7
7727;0,7
7728;0,7
7729;0,7
7730;0,7
7731;0,7
7732;0,7
7733;0,7
7734;0,7
7735;0,7
7736;0,7
7737;0,7
7738;0,7
7739;0,7
7740;0,7
7741;0,7
7742;0,7
7743;0,7
7744;0,7
7745;0,7
7746;0,7
7747;0,7
7748;0,7
7749;0,7
7750;0,7
7751;0,7
7752;0,7
7753;0,7
7754;0,7
7755;0,7
7756;0,7
7757;0,7
7758;0,7
7759;0,7
7760;0,7
7761;0,7
7762;0,7
7763;0,7
7764;0,7
7765;0,7
7766;0,7
7767;0,7
7768;0,7
7769;0,7
7770;0,7
7771;0,7
7772;0,7
7773;0,7
7774;0,7
7775;0,7
7776;0,7
7777;0,7
7778;0,7
7779;0,7
7780;0,7
7781;0,7
7782;0,7
7783;0,7
7784;0,7
7785;0,7
7786;0,7
7787;0,7
7788;0,7
7789;0,7
7790;0,7
7791;0,7
7792;0,7
7793;0,7
7794;0,7
7795;0,7
7796;0,7
7797;0,7
7798;0,7
7799;0,7
7800;0,7
7801;0,7
7802;0,7
7803;0,7
7804;0,7
7805;0,7
7806;0,7
7807;0,7
7808;0,7
7809;0,7
7810;0,7
7811;0,7
7812;0,7
7813;0,7
7814;0,7
7815;0,7
7816;0,7
7817;0,7
7818;0,7
7819;0,7
7820;0,7
7821;0,7
7822;0,7
7823;0,7
7824;0,7
7825;0,7
7826;0,7
7827;0,7
7828;0,7
7829;0,7
7830;0,7
7831;0,7
7832;0,7
7833;0,7
7834;0,7
7835;0,7
7836;0,7
7837;0,7
7838;0,7
7839;0,7
7840;0,7
7841;0,7
7842;0,7
7843;0,7
7844;0,7
7845;0,7
7846;0,7
7847;0,7
7848;0,7
7849;0,7
7850;0,7
7851;0,7
7852;0,7
7853;0,7
7854;0,7
7855;0,7
7856;0,7
7857;0,7
7858;0,7
7859;0,7
7860;0,7
7861;0,7
7862;0,7
7863;0,7
7864;0,7
7865;0,7
7866;0,7
7867;0,7
7868;0,7
7869;0,7
7870;0,7
7871;0,7
7872;0,7
7873;0,7
7874;0,7
7875;0,7
7876;0,7
7877;0,7
7878;0,7
7879;0,7
7880;0,7
7881;0,7
7882;0,7
7883;0,7
7884;0,7
7885;0,7
7886;0,7
7887;0,7
7888;0,7
7889;0,7
7890;0,7
7891;0,7
7892;0,7
7893;0,7
7894;0,7
7895;0,7
7896;0,7
7897;0,7
7898;0,7
7899;0,7
7900;0,7
7901;0,7
7902;0,7
7903;0,7
7904;0,7
7905;0,7
7906;0,7
7907;0,7
7908;0,7
7909;0,7
7910;0,7
7911;0,7
7912;0,7
7913;0,7
7914;0,7
7915;0,7
7916;0,7
7917;0,7
7918;0,7
7919;0,7
7920;0,7
7921;0,7
7922;0,7
7923;0,7
7924;0,7
7925;0,7
7926;0,7
7927;0,7
7928;0,7
7929;0,7
7930;0,7
7931;0,7
7932;0,7
7933;0,7
7934;0,7
7935;0,7
7936;0,7
7937;0,7
7938;0,7
7939;0,7
7940;0,7
7941;0,7
7942;0,7
7943;0,7
7944;0,7
7945;0,7
7946;0,7
7947;0,7
7948;0,7
7949;0,7
7950;0,7
7951;0,7
7952;0,7
7953;0,7
7954;0,7
7955;0,7
7956;0,7
7957;0,7
7958;0,7
7959;0,7
7960;0,7
7961;0,7
7962;0,7
7963;0,7
7964;0,7
7965;0,7
7966;0,7
7967;0,7
7968;0,7
7969;0,7
7970;0,7
7971;0,7
7972;0,7
7973;0,7
7974;0,7
7975;0,7
7976;0,7
7977;0,7
7978;0,7
7979;0,7
7980;0,7
7981;0,7
7982;0,7
7983;0,7
7984;0,7
7985;0,7
7986;0,7
7987;0,7
7988;0,7
7989;0,7
7990;0,7
7991;0,7
7992;0,7
7993;0,7
7994;0,7
7995;0,7
7996;0,7
7997;0,7
7998;0,7
7999;0,7
8000;0,7
8001;0,7
8002;0,7
8003;0,7
8004;0,7
8005;0,7
8006;0,7
8007;0,7
8008;0,7
8009;0,7
8010;0,7
8011;0,7
8012;0,7
8013;0,7
8014;0,7
8015;0,7
8016;0,7
8017;0,7
8018;0,7
8019;0,7
8020;0,7
8021;0,7
8022;0,7
8023;0,7
8024;0,7
8025;0,7
8026;0,7
8027;0,7
8028;0,7
8029;0,7
8030;0,7
8031;0,7
8032;0,7
8033;0,7
8034;0,7
8035;0,7
8036;0,7
8037;0,7
8038;0,7
8039;0,7
8040;0,7
8041;0,7
8042;0,7
8043;0,7
8044;0,7
8045;0,7
8046;0,7
8047;0,7
8048;0,7
8049;0,7
8050;0,7
8051;0,7
8052;0,7
8053;0,7
8054;0,7
8055;0,7
8056;0,7
8057;0,7
8058;0,7
8059;0,7
8060;0,7
8061;0,7
8062;0,7
8063;0,7
8064;0,7
8065;0,7
8066;0,7
8067;0,7
8068;0,7
8069;0,7
8070;0,7
8071;0,7
8072;0,7
8073;0,7
8074;0,7
8075;0,7
8076;0,7
8077;0,7
8078;0,7
8079;0,7
8080;0,7
8081;0,7
8082;0,7
8083;0,7
8084;0,7
8085;0,7
8086;0,7
8087;0,7
8088;0,7
8089;0,7
8090;0,7
8091;0,7
8092;0,7
8093;0,7
8094;0,7
8095;0,7
8096;0,7
8097;0,7
8098;0,7
8099;0,7
8100;0,7
8101;0,7
8102;0,7
8103;0,7
8104;0,7
8105;0,7
8106;0,7
8107;0,7
8108;0,7
8109;0,7
8110;0,7
8111;0,7
8112;0,7
8113;0,7
8114;0,7
8115;0,7
8116;0,7
8117;0,7
8118;0,7
8119;0,7
8120;0,7
8121;0,7
8122;0,7
8123;0,7
8124;0,7
8125;0,7
8126;0,7
8127;0,7
8128;0,7
8129;0,7
8130;0,7
8131;0,7
8132;0,7
8133;0,7
8134;0,7
8135;0,7
8136;0,7
8137;0,7
8138;0,7
8139;0,7
8140;0,7
8141;0,7
8142;0,7
8143;0,7
8144;0,7
8145;0,7
8146;0,7
8147;0,7
8148;0,7
8149;0,7
8150;0,7
8151;0,7
8152;0,7
8153;0,7
8154;0,7
8155;0,7
8156;0,7
8157;0,7
8158;0,7
8159;0,7
8160;0,7
8161;0,7
8162;0,7
8163;0,7
8164;0,7
8165;0,7
8166;0,7
8167;0,7
8168;0,7
8169;0,7
8170;0,7
8171;0,7
8172;0,7
8173;0,7
8174;0,7
8175;0,7
8176;0,7
8177;0,7
8178;0,7
8179;0,7
8180;0,7
8181;0,7
8182;0,7
8183;0,7
8184;0,7
8185;0,7
8186;0,7
8187;0,7
8188;0,7
8189;0,7
8190;0,7
8191;0,7
8192;0,7
8193;0,7
8194;0,7
8195;0,7
8196;0,7
8197;0,7
8198;0,7
8199;0,7
8200;0,7
8201;0,7
8202;0,7
8203;0,7
8204;0,7
8205;0,7
8206;0,7
8207;0,7
8208;0,7
8209;0,7
8210;0,7
8211;0,7
8212;0,7
8213;0,7
8214;0,7
8215;0,7
8216;0,7
8217;0,7
8218;0,7
8219;0,7
8220;0,7
8221;0,7
8222;0,7
8223;0,7
8224;0,7
8225;0,7
8226;0,7
8227;0,7
8228;0,7
8229;0,7
8230;0,7
8231;0,7
8232;0,7
8233;0,7
8234;0,7
8235;0,7
8236;0,7
8237;0,7
8238;0,7
8239;0,7
8240;0,7
8241;0,7
8242;0,7
8243;0,7
8244;0,7
8245;0,7
8246;0,7
8247;0,7
8248;0,7
8249;0,7
8250;0,7
8251;0,7
8252;0,7
8253;0,7
8254;0,7
8255;0,7
8256;0,7
8257;0,7
8258;0,7
8259;0,7
8260;0,7
8261;0,7
8262;0,7
8263;0,7
8264;0,7
8265;0,7
8266;0,7
8267;0,7
8268;0,7
8269;0,7
8270;0,7
8271;0,7
8272;0,7
8273;0,7
8274;0,7
8275;0,7
8276;0,7
8277;0,7
8278;0,7
8279;0,7
8280;0,7
8281;0,7
8282;0,7
8283;0,7
8284;0,7
8285;0,7
8286;0,7
8287;0,7
8288;0,7
8289;0,7
8290;0,7
8291;0,7
8292;0,7
8293;0,7
8294;0,7
8295;0,7
8296;0,7
8297;0,7
8298;0,7
8299;0,7
8300;0,7
8301;0,7
8302;0,7
8303;0,7
8304;0,7
8305;0,7
8306;0,7
8307;0,7
8308;0,7
8309;0,7
8310;0,7
8311;0,7
8312;0,7
8313;0,7
8314;0,7
8315;0,7
8316;0,7
8317;0,7
8318;0,7
8319;0,7
8320;0,7
8321;0,7
8322;0,7
8323;0,7
8324;0,7
8325;0,7
8326;0,7
8327;0,7
8328;0,7
8329;0,7
8330;0,7
8331;0,7
8332;0,7
8333;0,7
8334;0,7
8335;0,7
8336;0,7
8337;0,7
8338;0,7
8339;0,7
8340;0,7
8341;0,7
8342;0,7
8343;0,7
8344;0,7
8345;0,7
8346;0,7
8347;0,7
8348;0,7
8349;0,7
8350;0,7
8351;0,7
8352;0,7
8353;0,7
8354;0,7
8355;0,7
8356;0,7
8357;0,7
8358;0,7
8359;0,7
8360;0,7
8361;0,7
8362;0,7
8363;0,7
8364;0,7
8365;0,7
8366;0,7
8367;0,7
8368;0,7
8369;0,7
8370;0,7
8371;0,7
8372;0,7
8373;0,7
8374;0,7
8375;0,7
8376;0,7
8377;0,7
8378;0,7
8379;0,7
8380;0,7
8381;0,7
8382;0,7
8383;0,7
8384;0,7
8385;0,7
8386;0,7
8387;0,7
8388;0,7
8389;0,7
8390;0,7
8391;0,7
8392;0,7
8393;0,7
8394;0,7
8395;0,7
8396;0,7
8397;0,7
8398;0,7
8399;0,7
8400;0,7
8401;0,7
8402;0,7
8403;0,7
8404;0,7
8405;0,7
8406;0,7
8407;0,7
8408;0,7
8409;0,7
8410;0,7
8411;0,7
8412;0,7
8413;0,7
8414;0,7
8415;0,7
8416;0,7
8417;0,7
8418;0,7
8419;0,7
8420;0,7
8421;0,7
8422;0,7
8423;0,7
8424;0,7
8425;0,7
8426;0,7
8427;0,7
8428;0,7
8429;0,7
8430;0,7
8431;0,7
8432;0,7
8433;0,7
8434;0,7
8435;0,7
8436;0,7
8437;0,7
8438;0,7
8439;0,7
8440;0,7
8441;0,7
8442;0,7
8443;0,7
8444;0,7
8445;0,7
8446;0,7
8447;0,7
8448;0,7
8449;0,7
8450;0,7
8451;0,7
8452;0,7
8453;0,7
8454;0,7
8455;0,7
8456;0,7
8457;0,7
8458;0,7
8459;0,7
8460;0,7
8461;0,7
8462;0,7
8463;0,7
8464;0,7
8465;0,7
8466;0,7
8467;0,7
8468;0,7
8469;0,7
8470;0,7
8471;0,7
8472;0,7
8473;0,7
8474;0,7
8475;0,7
8476;0,7
8477;0,7
8478;0,7
8479;0,7
8480;0,7
8481;0,7
8482;0,7
8483;0,7
8484;0,7
8485;0,7
8486;0,7
8487;0,7
8488;0,7
8489;0,7
8490;0,7
8491;0,7
8492;0,7
8493;0,7
8494;0,7
8495;0,7
8496;0,7
8497;0,7
8498;0,7
8499;0,7
8500;0,7
8501;0,7
8502;0,7
8503;0,7
8504;0,7
8505;0,7
8506;0,7
8507;0,7
8508;0,7
8509;0,7
8510;0,7
8511;0,7
8512;0,7
8513;0,7
8514;0,7
8515;0,7
8516;0,7
8517;0,7
8518;0,7
8519;0,7
8520;0,7
8521;0,7
8522;0,7
8523;0,7
8524;0,7
8525;0,7
8526;0,7
8527;0,7
8528;0,7
8529;0,7
8530;0,7
8531;0,7
8532;0,7
8533;0,7
8534;0,7
8535;0,7
8536;0,7
8537;0,7
8538;0,7
8539;0,7
8540;0,7
8541;0,7
8542;0,7
8543;0,7
8544;0,7
8545;0,7
8546;0,7
8547;0,7
8548;0,7
8549;0,7
8550;0,7
8551;0,7
8552;0,7
8553;0,7
8554;0,7
8555;0,7
8556;0,7
8557;0,7
8558;0,7
8559;0,7
8560;0,7
8561;0,7
8562;0,7
8563;0,7
8564;0,7
8565;0,7
8566;0,7
8567;0,7
8568;0,7
8569;0,7
8570;0,7
8571;0,7
8572;0,7
8573;0,7
8574;0,7
8575;0,7
8576;0,7
8577;0,7
8578;0,7
8579;0,7
8580;0,7
8581;0,7
8582;0,7
8583;0,7
8584;0,7
8585;0,7
8586;0,7
8587;0,7
8588;0,7
8589;0,7
8590;0,7
8591;0,7
8592;0,7
8593;0,7
8594;0,7
8595;0,7
8596;0,7
8597;0,7
8598;0,7
8599;0,7
8600;0,7
8601;0,7
8602;0,7
8603;0,7
8604;0,7
8605;0,7
8606;0,7
8607;0,7
8608;0,7
8609;0,7
8610;0,7
8611;0,7
8612;0,7
8613;0,7
8614;0,7
8615;0,7
8616;0,7
8617;0,7
8618;0,7
8619;0,7
8620;0,7
8621;0,7
8622;0,7
8623;0,7
8624;0,7
8625;0,7
8626;0,7
8627;0,7
8628;0,7
8629;0,7
8630;0,7
8631;0,7
8632;0,7
8633;0,7
8634;0,7
8635;0,7
8636;0,7
8637;0,7
8638;0,7
8639;0,7
8640;0,7
8641;0,7
8642;0,7
8643;0,7
8644;0,7
8645;0,7
8646;0,7
8647;0,7
8648;0,7
8649;0,7
8650;0,7
8651;0,7
8652;0,7
8653;0,7
8654;0,7
8655;0,7
8656;0,7
8657;0,7
8658;0,7
8659;0,7
8660;0,7
8661;0,7
8662;0,7
8663;0,7
8664;0,7
8665;0,7
8666;0,7
8667;0,7
8668;0,7
8669;0,7
8670;0,7
8671;0,7
8672;0,7
8673;0,7
8674;0,7
8675;0,7
8676;0,7
8677;0,7
8678;0,7
8679;0,7
8680;0,7
8681;0,7
8682;0,7
8683;0,7
8684;0,7
8685;0,7
8686;0,7
8687;0,7
8688;0,7
8689;0,7
8690;0,7
8691;0,7
8692;0,7
8693;0,7
8694;0,7
8695;0,7
8696;0,7
8697;0,7
8698;0,7
8699;0,7
8700;0,7
8701;0,7
8702;0,7
8703;0,7
8704;0,7
8705;0,7
8706;0,7
8707;0,7
8708;0,7
8709;0,7
8710;0,7
8711;0,7
8712;0,7
8713;0,7
8714;0,7
8715;0,7
8716;0,7
8717;0,7
8718;0,7
8719;0,7
8720;0,7
8721;0,7
8722;0,7
8723;0,7
8724;0,7
8725;0,7
8726;0,7
8727;0,7
8728;0,7
8729;0,7
8730;0,7
8731;0,7
8732;0,7
8733;0,7
8734;0,7
8735;0,7
8736;0,7
8737;0,7
8738;0,7
8739;0,7
8740;0,7
8741;0,7
8742;0,7
8743;0,7
8744;0,7
8745;0,7
8746;0,7
8747;0,7
8748;0,7
8749;0,7
8750;0,7
8751;0,7
8752;0,7
8753;0,7
8754;0,7
8755;0,7
8756;0,7
8757;0,7
8758;0,7
8759;0,7