id;pv_openfield
0;0
1;0
2;0
3;0
4;0
5;0
6;0
7;0
8;0
9;0,06233255
10;0,039318
11;0,1232395
12;0,193835
13;0,17999325
14;0,306085
15;0,050074
16;0,000103188
17;0
18;0
19;0
20;0
21;0
22;0
23;0
24;0
25;0
26;0
27;0
28;0
29;0
30;0
31;0
32;0
33;0,0104263
34;0,02541175
35;0,03149425
36;0,037936
37;0,04562675
38;0,03046575
39;0,01007175
40;6,40E-05
41;0
42;0
43;0
44;0
45;0
46;0
47;0
48;0
49;0
50;0
51;0
52;0
53;0
54;0
55;0
56;0
57;0,143637
58;0,2735425
59;0,29830875
60;0,16827225
61;0,12054375
62;0,09545
63;0,036159825
64;0,00061065
65;0
66;0
67;0
68;0
69;0
70;0
71;0
72;0
73;0
74;0
75;0
76;0
77;0
78;0
79;0
80;0
81;0,1284215
82;0,252635
83;0,3672725
84;0,3696125
85;0,3217325
86;0,2777
87;0,1049014
88;0,000351825
89;0
90;0
91;0
92;0
93;0
94;0
95;0
96;0
97;0
98;0
99;0
100;0
101;0
102;0
103;0
104;0
105;0,007702525
106;0,0271685
107;0,0370835
108;0,04384825
109;0,0371755
110;0,02612
111;0,0097899
112;8,05E-05
113;0
114;0
115;0
116;0
117;0
118;0
119;0
120;0
121;0
122;0
123;0
124;0
125;0
126;0
127;0
128;0
129;0,08550425
130;0,17544
131;0,2488275
132;0,28793625
133;0,2429325
134;0,1467325
135;0,084779
136;0,000226413
137;0
138;0
139;0
140;0
141;0
142;0
143;0
144;0
145;0
146;0
147;0
148;0
149;0
150;0
151;0
152;0
153;0,0388905
154;0,08328475
155;0,1197555
156;0,1311955
157;0,13299275
158;0,10475025
159;0,0362275
160;0,000267375
161;0
162;0
163;0
164;0
165;0
166;0
167;0
168;0
169;0
170;0
171;0
172;0
173;0
174;0
175;0
176;0
177;0,01102355
178;0,03358975
179;0,044657
180;0,06188325
181;0,050612
182;0,03238625
183;0,012867875
184;0,000130108
185;0
186;0
187;0
188;0
189;0
190;0
191;0
192;0
193;0
194;0
195;0
196;0
197;0
198;0
199;0
200;0
201;0
202;0,002029133
203;0,006137725
204;0,008420075
205;0,2567025
206;0,15505575
207;0,06138125
208;0,000559553
209;0
210;0
211;0
212;0
213;0
214;0
215;0
216;0
217;0
218;0
219;0
220;0
221;0
222;0
223;0
224;0
225;0,004274853
226;0,01984925
227;0,03238125
228;0,04512625
229;0,3689425
230;0,2540575
231;0,12047925
232;0,0003186
233;0
234;0
235;0
236;0
237;0
238;0
239;0
240;0
241;0
242;0
243;0
244;0
245;0
246;0
247;0
248;0
249;0,11452575
250;0,226475
251;0,3855875
252;0,33005
253;0,182004
254;0,17185
255;0,1002385
256;0,00068201
257;0
258;0
259;0
260;0
261;0
262;0
263;0
264;0
265;0
266;0
267;0
268;0
269;0
270;0
271;0
272;0
273;0,146885
274;0,2909025
275;0,39239
276;0,38158
277;0,3429025
278;0,265968
279;0,11933225
280;0,000495625
281;0
282;0
283;0
284;0
285;0
286;0
287;0
288;0
289;0
290;0
291;0
292;0
293;0
294;0
295;0
296;0
297;0,09211525
298;0,2025765
299;0,2693375
300;0,25106
301;0,252583
302;0,1826415
303;0,04951675
304;0,000565458
305;0
306;0
307;0
308;0
309;0
310;0
311;0
312;0
313;0
314;0
315;0
316;0
317;0
318;0
319;0
320;0
321;0
322;0,0074974
323;0,0179555
324;0,021788
325;0,020084
326;0,0131645
327;0,00386135
328;0
329;0
330;0
331;0
332;0
333;0
334;0
335;0
336;0
337;0
338;0
339;0
340;0
341;0
342;0
343;0
344;0
345;0,004865925
346;0,0183275
347;0,02738875
348;0,034994
349;0,03291375
350;0,02236825
351;0,008298775
352;0,000223843
353;0
354;0
355;0
356;0
357;0
358;0
359;0
360;0
361;0
362;0
363;0
364;0
365;0
366;0
367;0
368;0
369;0
370;0,00766125
371;0,015781
372;0,01849725
373;0,01739275
374;0,011299575
375;0,00320397
376;0
377;0
378;0
379;0
380;0
381;0
382;0
383;0
384;0
385;0
386;0
387;0
388;0
389;0
390;0
391;0
392;0
393;0,04861195
394;0,162853
395;0,2718035
396;0,337345
397;0,33975
398;0,381095
399;0,16393
400;0,005693325
401;0
402;0
403;0
404;0
405;0
406;0
407;0
408;0
409;0
410;0
411;0
412;0
413;0
414;0
415;0
416;0
417;0,133116
418;0,23387475
419;0,2790875
420;0,28942
421;0,25648
422;0,19702875
423;0,0887885
424;0,001008018
425;0
426;0
427;0
428;0
429;0
430;0
431;0
432;0
433;0
434;0
435;0
436;0
437;0
438;0
439;0
440;0
441;0
442;0,006512775
443;0,0206965
444;0,025134675
445;0,3145975
446;0,2594525
447;0,1441875
448;0,0029172
449;0
450;0
451;0
452;0
453;0
454;0
455;0
456;0
457;0
458;0
459;0
460;0
461;0
462;0
463;0
464;0
465;0
466;0,0040393
467;0,01015705
468;0,011051875
469;0,009846975
470;0,0057546
471;0,001347487
472;0
473;0
474;0
475;0
476;0
477;0
478;0
479;0
480;0
481;0
482;0
483;0
484;0
485;0
486;0
487;0
488;0
489;0,0191047
490;0,0408275
491;0,059058
492;0,06712125
493;0,061857
494;0,04327175
495;0,0204365
496;0,000932915
497;0
498;0
499;0
500;0
501;0
502;0
503;0
504;0
505;0
506;0
507;0
508;0
509;0
510;0
511;0
512;0
513;0
514;0,00349467
515;0,00948565
516;0,0124425
517;0,01126375
518;0,006525025
519;0,001594925
520;0
521;0
522;0
523;0
524;0
525;0
526;0
527;0
528;0
529;0
530;0
531;0
532;0
533;0
534;0
535;0
536;0
537;0,026962
538;0,05693775
539;0,07377025
540;0,08163025
541;0,07646325
542;0,05715175
543;0,02758675
544;0,001592563
545;0
546;0
547;0
548;0
549;0
550;0
551;0
552;0
553;0
554;0
555;0
556;0
557;0
558;0
559;0
560;0
561;0,218478
562;0,29237
563;0,492935
564;0,519925
565;0,2947775
566;0,3027925
567;0,10321975
568;0,002722678
569;0
570;0
571;0
572;0
573;0
574;0
575;0
576;0
577;0
578;0
579;0
580;0
581;0
582;0
583;0
584;0
585;0,045034475
586;0,0813305
587;0,1465195
588;0,1548845
589;0,312015
590;0,21709525
591;0,16611525
592;0,0043933
593;0
594;0
595;0
596;0
597;0
598;0
599;0
600;0
601;0
602;0
603;0
604;0
605;0
606;0
607;0
608;0
609;0,13891525
610;0,28129075
611;0,3105925
612;0,2973175
613;0,4828275
614;0,398565
615;0,24795
616;0,031128525
617;0
618;0
619;0
620;0
621;0
622;0
623;0
624;0
625;0
626;0
627;0
628;0
629;0
630;0
631;0
632;0
633;0,008426325
634;0,024578
635;0,03732475
636;0,03854925
637;0,0336475
638;0,024079
639;0,014337975
640;0,001727935
641;0
642;0
643;0
644;0
645;0
646;0
647;0
648;0
649;0
650;0
651;0
652;0
653;0
654;0
655;0
656;0,010943218
657;0,22211525
658;0,3373425
659;0,4567325
660;0,5807375
661;0,5667325
662;0,42756
663;0,238595
664;0,023313513
665;0
666;0
667;0
668;0
669;0
670;0
671;0
672;0
673;0
674;0
675;0
676;0
677;0
678;0
679;0
680;0
681;0
682;0,01048105
683;0,0145135
684;0,02566575
685;0,28089
686;0,22948
687;0,149363
688;0,00979954
689;0
690;0
691;0
692;0
693;0
694;0
695;0
696;0
697;0
698;0
699;0
700;0
701;0
702;0
703;0
704;0
705;0
706;0,00539615
707;0,012311575
708;0,01541135
709;0,321815
710;0,231
711;0,132467
712;0,009678685
713;0
714;0
715;0
716;0
717;0
718;0
719;0
720;0
721;0
722;0
723;0
724;0
725;0
726;0
727;0
728;0
729;0,024383075
730;0,0629005
731;0,08310775
732;0,09591475
733;0,0840135
734;0,0522625
735;0,02096225
736;0,004042262
737;0
738;0
739;0
740;0
741;0
742;0
743;0
744;0
745;0
746;0
747;0
748;0
749;0
750;0
751;0
752;0,0106374
753;0,083589
754;0,1214555
755;0,14779
756;0,3807425
757;0,4345525
758;0,33365
759;0,2715925
760;0,059235325
761;0
762;0
763;0
764;0
765;0
766;0
767;0
768;0
769;0
770;0
771;0
772;0
773;0
774;0
775;0
776;0,017179175
777;0,05272775
778;0,12712725
779;0,0954825
780;0,09422075
781;0,0676235
782;0,06116225
783;0,044777
784;0,006878338
785;0
786;0
787;0
788;0
789;0
790;0
791;0
792;0
793;0
794;0
795;0
796;0
797;0
798;0
799;0
800;0,071337
801;0,0965825
802;0,17764
803;0,38541
804;0,271105
805;0,192665
806;0,03828225
807;0,008825475
808;0,001370428
809;0
810;0
811;0
812;0
813;0
814;0
815;0
816;0
817;0
818;0
819;0
820;0
821;0
822;0
823;0
824;0,010729025
825;0,12274275
826;0,1210445
827;0,12031525
828;0,13341
829;0,11816025
830;0,1133425
831;0,09645375
832;0,04259775
833;4,44E-05
834;0
835;0
836;0
837;0
838;0
839;0
840;0
841;0
842;0
843;0
844;0
845;0
846;0
847;0
848;0,086009
849;0,17600625
850;0,516445
851;0,47206
852;0,147202
853;0,03716675
854;0,03997675
855;0,05457925
856;0,006864718
857;0
858;0
859;0
860;0
861;0
862;0
863;0
864;0
865;0
866;0
867;0
868;0
869;0
870;0
871;0
872;0,070090975
873;0,238585
874;0,4427275
875;0,55755
876;0,586895
877;0,5292875
878;0,41323
879;0,295465
880;0,0737285
881;6,11E-05
882;0
883;0
884;0
885;0
886;0
887;0
888;0
889;0
890;0
891;0
892;0
893;0
894;0
895;0
896;0,06127625
897;0,26848
898;0,4086975
899;0,5400325
900;0,41831925
901;0,4021625
902;0,3062225
903;0,23322
904;0,07761135
905;9,12E-05
906;0
907;0
908;0
909;0
910;0
911;0
912;0
913;0
914;0
915;0
916;0
917;0
918;0
919;0
920;0,08006495
921;0,26565
922;0,4266575
923;0,600945
924;0,638605
925;0,632325
926;0,48252
927;0,3262825
928;0,10584
929;0,00019817
930;0
931;0
932;0
933;0
934;0
935;0
936;0
937;0
938;0
939;0
940;0
941;0
942;0
943;0
944;0
945;0,013548075
946;0,013166175
947;0,107142
948;0,1956375
949;0,3370475
950;0,55065
951;0,14293275
952;0,051417
953;0,000304725
954;0
955;0
956;0
957;0
958;0
959;0
960;0
961;0
962;0
963;0
964;0
965;0
966;0
967;0
968;0,08096125
969;0,1782625
970;0,3150475
971;0,424605
972;0,4198325
973;0,4070875
974;0,3117625
975;0,1813325
976;0,07556075
977;0,000211475
978;0
979;0
980;0
981;0
982;0
983;0
984;0
985;0
986;0
987;0
988;0
989;0
990;0
991;0
992;0,00435325
993;0,03578525
994;0,05574275
995;0,08539
996;0,1042805
997;0,10247025
998;0,09774
999;0,0489635
1000;0,012404625
1001;0,00010074
1002;0
1003;0
1004;0
1005;0
1006;0
1007;0
1008;0
1009;0
1010;0
1011;0
1012;0
1013;0
1014;0
1015;0
1016;0,004679375
1017;0,03224075
1018;0,07791175
1019;0,09540975
1020;0,1067425
1021;0,09525825
1022;0,0643505
1023;0,0360025
1024;0,0101902
1025;0,00017048
1026;0
1027;0
1028;0
1029;0
1030;0
1031;0
1032;0
1033;0
1034;0
1035;0
1036;0
1037;0
1038;0
1039;0
1040;0,0226293
1041;0,066739
1042;0,07366125
1043;0,118789
1044;0,4070825
1045;0,4268875
1046;0,6344425
1047;0,4354625
1048;0,13438375
1049;0,002365025
1050;0
1051;0
1052;0
1053;0
1054;0
1055;0
1056;0
1057;0
1058;0
1059;0
1060;0
1061;0
1062;0
1063;0
1064;0,005883375
1065;0,05179825
1066;0,08708675
1067;0,2028275
1068;0,2132625
1069;0,141355
1070;0,07165175
1071;0,014330725
1072;0,002202035
1073;0
1074;0
1075;0
1076;0
1077;0
1078;0
1079;0
1080;0
1081;0
1082;0
1083;0
1084;0
1085;0
1086;0
1087;0
1088;0,0445045
1089;0,1104815
1090;0,152985
1091;0,22109
1092;0,2654675
1093;0,252755
1094;0,181254
1095;0,1122695
1096;0,0458405
1097;0,00058102
1098;0
1099;0
1100;0
1101;0
1102;0
1103;0
1104;0
1105;0
1106;0
1107;0
1108;0
1109;0
1110;0
1111;0
1112;0,015759675
1113;0,06273875
1114;0,1722475
1115;0,2563125
1116;0,3193125
1117;0,3020925
1118;0,514135
1119;0,47029
1120;0,2056425
1121;0,00741845
1122;0
1123;0
1124;0
1125;0
1126;0
1127;0
1128;0
1129;0
1130;0
1131;0
1132;0
1133;0
1134;0
1135;0
1136;0,15510975
1137;0,388585
1138;0,6120325
1139;0,7169775
1140;0,7290575
1141;0,7056375
1142;0,60702
1143;0,43556
1144;0,200405
1145;0,002400975
1146;0
1147;0
1148;0
1149;0
1150;0
1151;0
1152;0
1153;0
1154;0
1155;0
1156;0
1157;0
1158;0
1159;0
1160;0
1161;0,005430625
1162;0,015611275
1163;0,0269115
1164;0,0314639
1165;0,37431
1166;0,3328125
1167;0,2290075
1168;0,1007285
1169;0,0019311
1170;0
1171;0
1172;0
1173;0
1174;0
1175;0
1176;0
1177;0
1178;0
1179;0
1180;0
1181;0
1182;0
1183;0
1184;0,002889225
1185;0,011298375
1186;0,0211418
1187;0,03270475
1188;0,0282561
1189;0,4921625
1190;0,3938325
1191;0,294095
1192;0,129019
1193;0,00195005
1194;0
1195;0
1196;0
1197;0
1198;0
1199;0
1200;0
1201;0
1202;0
1203;0
1204;0
1205;0
1206;0
1207;0
1208;0,11987125
1209;0,277778
1210;0,4183525
1211;0,5064525
1212;0,56027
1213;0,4618175
1214;0,38803
1215;0,267511
1216;0,11639425
1217;0,001107875
1218;0
1219;0
1220;0
1221;0
1222;0
1223;0
1224;0
1225;0
1226;0
1227;0
1228;0
1229;0
1230;0
1231;0
1232;0,060999
1233;0,10054875
1234;0,11431025
1235;0,14652075
1236;0,1663045
1237;0,09747025
1238;0,2424305
1239;0,18503
1240;0,1091335
1241;0,007233968
1242;0
1243;0
1244;0
1245;0
1246;0
1247;0
1248;0
1249;0
1250;0
1251;0
1252;0
1253;0
1254;0
1255;0
1256;0,027347
1257;0,07053225
1258;0,11038
1259;0,1282475
1260;0,1353775
1261;0,1165575
1262;0,09175475
1263;0,0625695
1264;0,02839425
1265;0,001122862
1266;0
1267;0
1268;0
1269;0
1270;0
1271;0
1272;0
1273;0
1274;0
1275;0
1276;0
1277;0
1278;0
1279;0
1280;0,03800225
1281;0,0930315
1282;0,1398325
1283;0,17888925
1284;0,164919
1285;0,160393
1286;0,1281865
1287;0,07152525
1288;0,033901
1289;0,001394303
1290;0
1291;0
1292;0
1293;0
1294;0
1295;0
1296;0
1297;0
1298;0
1299;0
1300;0
1301;0
1302;0
1303;0
1304;0,05811975
1305;0,1388565
1306;0,18399
1307;0,258535
1308;0,29734675
1309;0,2069205
1310;0,1685525
1311;0,10320125
1312;0,0455075
1313;0,001563658
1314;0
1315;0
1316;0
1317;0
1318;0
1319;0
1320;0
1321;0
1322;0
1323;0
1324;0
1325;0
1326;0
1327;0
1328;0
1329;0,00905075
1330;0,019995
1331;0,025755125
1332;0,0283775
1333;0,4466
1334;0,379325
1335;0,29183
1336;0,14029525
1337;0,005694423
1338;0
1339;0
1340;0
1341;0
1342;0
1343;0
1344;0
1345;0
1346;0
1347;0
1348;0
1349;0
1350;0
1351;0
1352;0,13573375
1353;0,25348075
1354;0,1653225
1355;0,21577
1356;0,31631
1357;0,5438825
1358;0,44745
1359;0,513185
1360;0,1548125
1361;0,009355825
1362;0
1363;0
1364;0
1365;0
1366;0
1367;0
1368;0
1369;0
1370;0
1371;0
1372;0
1373;0
1374;0
1375;0,00975145
1376;0,177335
1377;0,2723175
1378;0,3494175
1379;0,4815175
1380;0,516915
1381;0,6370675
1382;0,389435
1383;0,4513
1384;0,23760225
1385;0,0056696
1386;0
1387;0
1388;0
1389;0
1390;0
1391;0
1392;0
1393;0
1394;0
1395;0
1396;0
1397;0
1398;0
1399;0
1400;0
1401;0,0791725
1402;0,212985
1403;0,14372925
1404;0,1896975
1405;0,3607525
1406;0,38783
1407;0,142945
1408;0,05759975
1409;0,002229425
1410;0
1411;0
1412;0
1413;0
1414;0
1415;0
1416;0
1417;0
1418;0
1419;0
1420;0
1421;0
1422;0
1423;0
1424;0,15247
1425;0,256465
1426;0,26612
1427;0,33249
1428;0,4447025
1429;0,491635
1430;0,369525
1431;0,293195
1432;0,18001625
1433;0,036977075
1434;0
1435;0
1436;0
1437;0
1438;0
1439;0
1440;0
1441;0
1442;0
1443;0
1444;0
1445;0
1446;0
1447;0
1448;0,06088175
1449;0,123765
1450;0,17903
1451;0,178695
1452;0,2077475
1453;0,20763
1454;0,1539375
1455;0,097794
1456;0,046899
1457;0,002751475
1458;0
1459;0
1460;0
1461;0
1462;0
1463;0
1464;0
1465;0
1466;0
1467;0
1468;0
1469;0
1470;0
1471;0
1472;0,03300225
1473;0,060576
1474;0,1024515
1475;0,1429175
1476;0,207135
1477;0,19738
1478;0,15152375
1479;0,07840625
1480;0,033527
1481;0,005209433
1482;0
1483;0
1484;0
1485;0
1486;0
1487;0
1488;0
1489;0
1490;0
1491;0
1492;0
1493;0
1494;0
1495;0
1496;0,15478675
1497;0,28878975
1498;0,366755
1499;0,4321975
1500;0,444065
1501;0,4245275
1502;0,3239175
1503;0,2689925
1504;0,09015275
1505;0,003852035
1506;0
1507;0
1508;0
1509;0
1510;0
1511;0
1512;0
1513;0
1514;0
1515;0
1516;0
1517;0
1518;0
1519;0,009467053
1520;0,04394575
1521;0,1643625
1522;0,372965
1523;0,6968275
1524;0,7071325
1525;0,10205175
1526;0,2643025
1527;0,292885
1528;0,28878275
1529;0,016750545
1530;0
1531;0
1532;0
1533;0
1534;0
1535;0
1536;0
1537;0
1538;0
1539;0
1540;0
1541;0
1542;0
1543;0,0189245
1544;0,05135175
1545;0,02133825
1546;0,5545125
1547;0,6881325
1548;0,389436
1549;0,379615
1550;0,4165725
1551;0,0836495
1552;0,009169925
1553;0,002475568
1554;0
1555;0
1556;0
1557;0
1558;0
1559;0
1560;0
1561;0
1562;0
1563;0
1564;0
1565;0
1566;0
1567;0
1568;0,010568025
1569;0,0235115
1570;0,02740625
1571;0,0478101
1572;0,072563
1573;0,5877075
1574;0,533055
1575;0,40497
1576;0,233837
1577;0,062738425
1578;0
1579;0
1580;0
1581;0
1582;0
1583;0
1584;0
1585;0
1586;0
1587;0
1588;0
1589;0
1590;0
1591;0,08285275
1592;0,3026675
1593;0,5457125
1594;0,70957
1595;0,8001375
1596;0,854235
1597;0,790955
1598;0,69165
1599;0,52219
1600;0,2989525
1601;0,0742695
1602;0
1603;0
1604;0
1605;0
1606;0
1607;0
1608;0
1609;0
1610;0
1611;0
1612;0
1613;0
1614;0
1615;0,09586725
1616;0,341225
1617;0,5831375
1618;0,75455
1619;0,8551475
1620;0,879035
1621;0,8423875
1622;0,736845
1623;0,5665675
1624;0,337545
1625;0,08539665
1626;3,99E-05
1627;0
1628;0
1629;0
1630;0
1631;0
1632;0
1633;0
1634;0
1635;0
1636;0
1637;0
1638;0
1639;0
1640;0,006112595
1641;0,01753825
1642;0,02765025
1643;0,034115
1644;0,03637775
1645;0,470975
1646;0,4193925
1647;0,3395875
1648;0,1947375
1649;0,054830925
1650;5,20E-05
1651;0
1652;0
1653;0
1654;0
1655;0
1656;0
1657;0
1658;0
1659;0
1660;0
1661;0
1662;0
1663;0,02834875
1664;0,0329985
1665;0,136787
1666;0,08166975
1667;0,2321435
1668;0,3018725
1669;0,4393425
1670;0,4454575
1671;0,2827775
1672;0,327725
1673;0,0914115
1674;0,000513975
1675;0
1676;0
1677;0
1678;0
1679;0
1680;0
1681;0
1682;0
1683;0
1684;0
1685;0
1686;0
1687;0,0674685
1688;0,10330975
1689;0,111999
1690;0,3208775
1691;0,17769
1692;0,145585
1693;0,22202
1694;0,1221575
1695;0,04136725
1696;0,01916
1697;0,003123178
1698;0
1699;0
1700;0
1701;0
1702;0
1703;0
1704;0
1705;0
1706;0
1707;0
1708;0
1709;0
1710;0
1711;0
1712;0,0073851
1713;0,03093175
1714;0,04090775
1715;0,40589875
1716;0,65793
1717;0,3873475
1718;0,206235
1719;0,57146
1720;0,17019275
1721;0,005991775
1722;0
1723;0
1724;0
1725;0
1726;0
1727;0
1728;0
1729;0
1730;0
1731;0
1732;0
1733;0
1734;0
1735;0,08445775
1736;0,1072805
1737;0,1849825
1738;0,0469255
1739;0,09957675
1740;0,1613125
1741;0,2102675
1742;0,4045125
1743;0,13998825
1744;0,04965925
1745;0,01236305
1746;0,000154048
1747;0
1748;0
1749;0
1750;0
1751;0
1752;0
1753;0
1754;0
1755;0
1756;0
1757;0
1758;0
1759;0,12446075
1760;0,100834
1761;0,16947575
1762;0,4138025
1763;0,4790475
1764;0,0737935
1765;0,152415
1766;0,2598325
1767;0,0757305
1768;0,012046925
1769;0,00631745
1770;0,000100095
1771;0
1772;0
1773;0
1774;0
1775;0
1776;0
1777;0
1778;0
1779;0
1780;0
1781;0
1782;0
1783;0,03058305
1784;0,07844475
1785;0,06519125
1786;0,4393
1787;0,862245
1788;0,3763125
1789;0,2335725
1790;0,171705
1791;0,1748875
1792;0,03228375
1793;0,09481
1794;0,000765025
1795;0
1796;0
1797;0
1798;0
1799;0
1800;0
1801;0
1802;0
1803;0
1804;0
1805;0
1806;0
1807;0,08567925
1808;0,224778
1809;0,3669775
1810;0,4901975
1811;0,5250925
1812;0,5110125
1813;0,4816575
1814;0,4327475
1815;0,32467
1816;0,194475
1817;0,06979175
1818;0,000304475
1819;0
1820;0
1821;0
1822;0
1823;0
1824;0
1825;0
1826;0
1827;0
1828;0
1829;0
1830;0
1831;0,002525738
1832;0,02596275
1833;0,03480325
1834;0,03072175
1835;0,05516
1836;0,07961825
1837;0,58792
1838;0,4836525
1839;0,349435
1840;0,214246
1841;0,07234875
1842;0,000446888
1843;0
1844;0
1845;0
1846;0
1847;0
1848;0
1849;0
1850;0
1851;0
1852;0
1853;0
1854;0
1855;0,002260203
1856;0,01430995
1857;0,0205
1858;0,040934
1859;0,049043
1860;0,051825
1861;0,5086275
1862;0,45631
1863;0,3529725
1864;0,2053725
1865;0,07540975
1866;0,00060828
1867;0
1868;0
1869;0
1870;0
1871;0
1872;0
1873;0
1874;0
1875;0
1876;0
1877;0
1878;0
1879;0,004485958
1880;0,0096597
1881;0,0229425
1882;0,03976925
1883;0,04211825
1884;0,054173
1885;0,52458
1886;0,4705975
1887;0,38015
1888;0,22954
1889;0,08383925
1890;0,00128288
1891;0
1892;0
1893;0
1894;0
1895;0
1896;0
1897;0
1898;0
1899;0
1900;0
1901;0
1902;0
1903;0,09618775
1904;0,24142075
1905;0,3995875
1906;0,5052725
1907;0,525815
1908;0,5587575
1909;0,5465125
1910;0,457515
1911;0,3034375
1912;0,1827125
1913;0,06992335
1914;0,000670873
1915;0
1916;0
1917;0
1918;0
1919;0
1920;0
1921;0
1922;0
1923;0
1924;0
1925;0
1926;0
1927;0,005253175
1928;0,0232655
1929;0,0458495
1930;0,064348
1931;0,07144275
1932;0,075616
1933;0,06862625
1934;0,06218625
1935;0,04383875
1936;0,02501975
1937;0,009360125
1938;0,000280595
1939;0
1940;0
1941;0
1942;0
1943;0
1944;0
1945;0
1946;0
1947;0
1948;0
1949;0
1950;0
1951;0,0610405
1952;0,1346975
1953;0,21952
1954;0,286155
1955;0,3153125
1956;0,349035
1957;0,31457
1958;0,24961
1959;0,1760225
1960;0,10545675
1961;0,03623375
1962;0,000698258
1963;0
1964;0
1965;0
1966;0
1967;0
1968;0
1969;0
1970;0
1971;0
1972;0
1973;0
1974;0
1975;0,13499825
1976;0,306115
1977;0,4582125
1978;0,5825425
1979;0,670405
1980;0,67596
1981;0,63385
1982;0,525145
1983;0,401385
1984;0,2180875
1985;0,0816995
1986;0,001111605
1987;0
1988;0
1989;0
1990;0
1991;0
1992;0
1993;0
1994;0
1995;0
1996;0
1997;0
1998;0
1999;0,0303051
2000;0,0718985
2001;0,12169775
2002;0,1582075
2003;0,1548775
2004;0,1581675
2005;0,1347885
2006;0,1114325
2007;0,09177
2008;0,0637035
2009;0,02491225
2010;0,000866058
2011;0
2012;0
2013;0
2014;0
2015;0
2016;0
2017;0
2018;0
2019;0
2020;0
2021;0
2022;0
2023;0,020946875
2024;0,048548
2025;0,0882535
2026;0,11482225
2027;0,10929625
2028;0,10421225
2029;0,09836325
2030;0,1015325
2031;0,07288025
2032;0,05009075
2033;0,02652175
2034;0,001623425
2035;0
2036;0
2037;0
2038;0
2039;0
2040;0
2041;0
2042;0
2043;0
2044;0
2045;0
2046;0
2047;0,002594898
2048;0,010373625
2049;0,02191025
2050;0,0344965
2051;0,03575725
2052;0,03730225
2053;0,4352
2054;0,46657
2055;0,4103025
2056;0,31058
2057;0,13906525
2058;0,0072628
2059;0
2060;0
2061;0
2062;0
2063;0
2064;0
2065;0
2066;0
2067;0
2068;0
2069;0
2070;0
2071;0,002088668
2072;0,11070575
2073;0,1992675
2074;0,3222075
2075;0,5161775
2076;0,281905
2077;0,197965
2078;0,144735
2079;0,1831145
2080;0,0653325
2081;0,0743145
2082;0,002341725
2083;0
2084;0
2085;0
2086;0
2087;0
2088;0
2089;0
2090;0
2091;0
2092;0
2093;0
2094;0,004120118
2095;0,113323
2096;0,2661465
2097;0,3783575
2098;0,5187475
2099;0,5524275
2100;0,5487225
2101;0,493545
2102;0,4479975
2103;0,315915
2104;0,2211125
2105;0,08685075
2106;0,001426375
2107;0
2108;0
2109;0
2110;0
2111;0
2112;0
2113;0
2114;0
2115;0
2116;0
2117;0
2118;0,002546238
2119;0,07784
2120;0,166155
2121;0,260277
2122;0,32429
2123;0,3403975
2124;0,33338
2125;0,33181
2126;0,27744
2127;0,21841475
2128;0,1046585
2129;0,0331695
2130;0,001327095
2131;0
2132;0
2133;0
2134;0
2135;0
2136;0
2137;0
2138;0
2139;0
2140;0
2141;0
2142;0,01571775
2143;0,20005
2144;0,4302025
2145;0,6215325
2146;0,7666575
2147;0,8434075
2148;0,8571525
2149;0,81267
2150;0,7160525
2151;0,5613125
2152;0,358065
2153;0,14862175
2154;0,007011525
2155;0
2156;0
2157;0
2158;0
2159;0
2160;0
2161;0
2162;0
2163;0
2164;0
2165;0
2166;0,025300675
2167;0,188441
2168;0,417095
2169;0,60931
2170;0,75422
2171;0,809755
2172;0,8476
2173;0,8226975
2174;0,7181225
2175;0,5526525
2176;0,350885
2177;0,150504
2178;0,008247725
2179;0
2180;0
2181;0
2182;0
2183;0
2184;0
2185;0
2186;0
2187;0
2188;0
2189;0
2190;0,02784245
2191;0,20247825
2192;0,4573075
2193;0,39894
2194;0,458445
2195;0,4004625
2196;0,175051
2197;0,4117
2198;0,5040625
2199;0,35895
2200;0,2521475
2201;0,1582395
2202;0,0129225
2203;0
2204;0
2205;0
2206;0
2207;0
2208;0
2209;0
2210;0
2211;0
2212;0
2213;0
2214;0,025150875
2215;0,15886
2216;0,327675
2217;0,4814225
2218;0,6655175
2219;0,7573625
2220;0,74897
2221;0,6930475
2222;0,6185775
2223;0,400095
2224;0,2767475
2225;0,12155825
2226;0,003305245
2227;0
2228;0
2229;0
2230;0
2231;0
2232;0
2233;0
2234;0
2235;0
2236;0
2237;0
2238;0,026679675
2239;0,158559
2240;0,2448205
2241;0,387725
2242;0,39662575
2243;0,47219
2244;0,55405
2245;0,517415
2246;0,4290225
2247;0,27768
2248;0,15862
2249;0,07707875
2250;0,002598888
2251;0
2252;0
2253;0
2254;0
2255;0
2256;0
2257;0
2258;0
2259;0
2260;0
2261;0
2262;0,0266508
2263;0,1368225
2264;0,252681
2265;0,3163125
2266;0,4202375
2267;0,4672775
2268;0,442145
2269;0,44042
2270;0,386795
2271;0,29804
2272;0,1672075
2273;0,068778
2274;0,002533488
2275;0
2276;0
2277;0
2278;0
2279;0
2280;0
2281;0
2282;0
2283;0
2284;0
2285;0
2286;0,04718275
2287;0,152297
2288;0,48957
2289;0,420485
2290;0,367535
2291;0,267875
2292;0,38384025
2293;0,55785
2294;0,64772
2295;0,30149
2296;0,11944075
2297;0,05575925
2298;0,007538622
2299;0
2300;0
2301;0
2302;0
2303;0
2304;0
2305;0
2306;0
2307;0
2308;0
2309;0
2310;0,03406625
2311;0,1827925
2312;0,470715
2313;0,4571275
2314;0,4765175
2315;0,43565
2316;0,244765
2317;0,272525
2318;0,36456
2319;0,2462275
2320;0,08454525
2321;0,122052
2322;0,0227943
2323;0
2324;0
2325;0
2326;0
2327;0
2328;0
2329;0
2330;0
2331;0
2332;0
2333;0
2334;0,0316889
2335;0,137665
2336;0,26588
2337;0,41188
2338;0,5061625
2339;0,5332975
2340;0,56932
2341;0,52116
2342;0,472315
2343;0,3413775
2344;0,2191625
2345;0,1026165
2346;0,002965178
2347;0
2348;0
2349;0
2350;0
2351;0
2352;0
2353;0
2354;0
2355;0
2356;0
2357;0
2358;0,04767125
2359;0,2173025
2360;0,430525
2361;0,59539
2362;0,7178925
2363;0,790855
2364;0,806005
2365;0,7620675
2366;0,6650075
2367;0,52402
2368;0,34863
2369;0,155974
2370;0,015084425
2371;0
2372;0
2373;0
2374;0
2375;0
2376;0
2377;0
2378;0
2379;0
2380;0
2381;0
2382;0,04486175
2383;0,18414
2384;0,3776225
2385;0,49087
2386;0,6132
2387;0,62172
2388;0,6903475
2389;0,639455
2390;0,5590825
2391;0,46246
2392;0,292865
2393;0,1311475
2394;0,014092533
2395;0
2396;0
2397;0
2398;0
2399;0
2400;0
2401;0
2402;0
2403;0
2404;0
2405;0
2406;0,04240075
2407;0,15352525
2408;0,27603
2409;0,3864075
2410;0,4433425
2411;0,524118
2412;0,525405
2413;0,42933
2414;0,4392225
2415;0,31037
2416;0,1944725
2417;0,094815
2418;0,009983925
2419;0
2420;0
2421;0
2422;0
2423;0
2424;0
2425;0
2426;0
2427;0
2428;0
2429;0
2430;0,0292664
2431;0,06751
2432;0,1721475
2433;0,17276025
2434;0,2381875
2435;0,23451
2436;0,240435
2437;0,2514125
2438;0,1859375
2439;0,1775925
2440;0,1146805
2441;0,07228825
2442;0,003656455
2443;0
2444;0
2445;0
2446;0
2447;0
2448;0
2449;0
2450;0
2451;0
2452;0
2453;0
2454;0,030916075
2455;0,13331075
2456;0,23588
2457;0,39906
2458;0,416835
2459;0,29466
2460;0,38691
2461;0,27638
2462;0,2213725
2463;0,13540625
2464;0,065179
2465;0,0133513
2466;0,001934418
2467;0
2468;0
2469;0
2470;0
2471;0
2472;0
2473;0
2474;0
2475;0
2476;0
2477;0
2478;0,03393025
2479;0,10202475
2480;0,209348
2481;0,2763425
2482;0,2765725
2483;0,363545
2484;0,3482975
2485;0,29885
2486;0,25341
2487;0,2238025
2488;0,14678
2489;0,0788735
2490;0,02075005
2491;0
2492;0
2493;0
2494;0
2495;0
2496;0
2497;0
2498;0
2499;0
2500;0
2501;0
2502;0,05025175
2503;0,1751
2504;0,20624
2505;0,502245
2506;0,47425
2507;0,5789
2508;0,42315
2509;0,5708825
2510;0,725395
2511;0,37271375
2512;0,15200675
2513;0,020326725
2514;0,001976275
2515;0
2516;0
2517;0
2518;0
2519;0
2520;0
2521;0
2522;0
2523;0
2524;0
2525;0
2526;0,045655
2527;0,13159875
2528;0,2416575
2529;0,3165075
2530;0,4212875
2531;0,41425
2532;0,44246
2533;0,3322925
2534;0,3362275
2535;0,27375
2536;0,181635
2537;0,0893355
2538;0,02533005
2539;6,85E-05
2540;0
2541;0
2542;0
2543;0
2544;0
2545;0
2546;0
2547;0
2548;0
2549;0
2550;0,07301075
2551;0,248795
2552;0,4539
2553;0,6398725
2554;0,75481
2555;0,80189
2556;0,825265
2557;0,7630225
2558;0,6755025
2559;0,5321625
2560;0,3497475
2561;0,16539475
2562;0,030312425
2563;5,81E-05
2564;0
2565;0
2566;0
2567;0
2568;0
2569;0
2570;0
2571;0
2572;0
2573;0
2574;0,07482825
2575;0,18363875
2576;0,35571
2577;0,46368
2578;0,5174825
2579;0,5809925
2580;0,5690875
2581;0,4908125
2582;0,438955
2583;0,4137175
2584;0,15593325
2585;0,0455069
2586;0,003793122
2587;0
2588;0
2589;0
2590;0
2591;0
2592;0
2593;0
2594;0
2595;0
2596;0
2597;0
2598;0,069892
2599;0,257885
2600;0,279
2601;0,634485
2602;0,725205
2603;0,6234625
2604;0,6553375
2605;0,3676525
2606;0,3522375
2607;0,343245
2608;0,19466
2609;0,12457
2610;0,0259278
2611;9,67E-05
2612;0
2613;0
2614;0
2615;0
2616;0
2617;0
2618;0
2619;0
2620;0
2621;0
2622;0,0184676
2623;0,051102
2624;0,08526025
2625;0,1168
2626;0,140495
2627;0,158865
2628;0,1570475
2629;0,1495775
2630;0,132445
2631;0,10738225
2632;0,07640025
2633;0,042338
2634;0,011589925
2635;0,000100003
2636;0
2637;0
2638;0
2639;0
2640;0
2641;0
2642;0
2643;0
2644;0
2645;0
2646;0,0048644
2647;0,01918375
2648;0,03158125
2649;0,044845
2650;0,058195
2651;0,06457675
2652;0,0651705
2653;0,0625835
2654;0,0546665
2655;0,041082
2656;0,02718475
2657;0,0158775
2658;0,003813803
2659;0
2660;0
2661;0
2662;0
2663;0
2664;0
2665;0
2666;0
2667;0
2668;0
2669;0
2670;0,07128075
2671;0,21887
2672;0,386555
2673;0,508505
2674;0,585915
2675;0,64973
2676;0,6639125
2677;0,6137775
2678;0,5435575
2679;0,434725
2680;0,287085
2681;0,1452625
2682;0,041138075
2683;0,0002873
2684;0
2685;0
2686;0
2687;0
2688;0
2689;0
2690;0
2691;0
2692;0
2693;0
2694;0,059109
2695;0,20134775
2696;0,3358575
2697;0,4340775
2698;0,4811575
2699;0,5153675
2700;0,5292575
2701;0,4559025
2702;0,4298725
2703;0,3494175
2704;0,220405
2705;0,10650525
2706;0,029556825
2707;0,000252273
2708;0
2709;0
2710;0
2711;0
2712;0
2713;0
2714;0
2715;0
2716;0
2717;0
2718;0,01641885
2719;0,013894875
2720;0,0603095
2721;0,19241
2722;0,2803025
2723;0,2567125
2724;0,3176975
2725;0,29437
2726;0,2938325
2727;0,2140425
2728;0,1203085
2729;0,074518
2730;0,0251042
2731;0,0005171
2732;0
2733;0
2734;0
2735;0
2736;0
2737;0
2738;0
2739;0
2740;0
2741;0
2742;0,055588
2743;0,171715
2744;0,37495
2745;0,5439975
2746;0,63239
2747;0,342915
2748;0,081928
2749;0,200176
2750;0,7695975
2751;0,1227805
2752;0,13111475
2753;0,014855275
2754;0,002322575
2755;0
2756;0
2757;0
2758;0
2759;0
2760;0
2761;0
2762;0
2763;0
2764;0
2765;0,013654525
2766;0,092755
2767;0,269324
2768;0,53304
2769;0,5557575
2770;0,4038725
2771;0,484165
2772;0,1725775
2773;0,207535
2774;0,2545475
2775;0,1366575
2776;0,0855065
2777;0,07801975
2778;0,012554075
2779;0,000224957
2780;0
2781;0
2782;0
2783;0
2784;0
2785;0
2786;0
2787;0
2788;0
2789;0
2790;0,024862075
2791;0,06559525
2792;0,1151325
2793;0,141805
2794;0,179405
2795;0,2085475
2796;0,2115025
2797;0,23697
2798;0,228565
2799;0,1741525
2800;0,12507
2801;0,06800725
2802;0,023067
2803;0,000424783
2804;0
2805;0
2806;0
2807;0
2808;0
2809;0
2810;0
2811;0
2812;0
2813;0
2814;0,05086175
2815;0,1064025
2816;0,1567285
2817;0,21646
2818;0,1834025
2819;0,242855
2820;0,272185
2821;0,2795125
2822;0,2353625
2823;0,174795
2824;0,12554275
2825;0,05548775
2826;0,0234345
2827;0,001056415
2828;0
2829;0
2830;0
2831;0
2832;0
2833;0
2834;0
2835;0
2836;0
2837;0
2838;0,02020345
2839;0,05557025
2840;0,08366975
2841;0,10974925
2842;0,11393
2843;0,131805
2844;0,1282575
2845;0,10437925
2846;0,108405
2847;0,07375425
2848;0,053347
2849;0,03444975
2850;0,0136389
2851;0,00033143
2852;0
2853;0
2854;0
2855;0
2856;0
2857;0
2858;0
2859;0
2860;0
2861;0
2862;0,014365475
2863;0,04915875
2864;0,07788475
2865;0,09705625
2866;0,118185
2867;0,1279875
2868;0,1109775
2869;0,100293
2870;0,09648025
2871;0,0652755
2872;0,046645
2873;0,02623
2874;0,007248025
2875;0,00026737
2876;0
2877;0
2878;0
2879;0
2880;0
2881;0
2882;0
2883;0
2884;0
2885;0,020246175
2886;0,107271
2887;0,2973075
2888;0,5178375
2889;0,6921425
2890;0,81106
2891;0,8644
2892;0,8672075
2893;0,8143725
2894;0,719275
2895;0,57382
2896;0,39692
2897;0,2026325
2898;0,05126725
2899;0,001371275
2900;0
2901;0
2902;0
2903;0
2904;0
2905;0
2906;0
2907;0
2908;0
2909;0,019615025
2910;0,09786425
2911;0,24266
2912;0,4182475
2913;0,55212
2914;0,6553175
2915;0,6875775
2916;0,6523575
2917;0,61027
2918;0,5125775
2919;0,4094875
2920;0,2809225
2921;0,148165
2922;0,04769425
2923;0,000794333
2924;0
2925;0
2926;0
2927;0
2928;0
2929;0
2930;0
2931;0
2932;0
2933;0,0094331
2934;0,047216
2935;0,09943825
2936;0,141545
2937;0,181275
2938;0,2016075
2939;0,213345
2940;0,22034
2941;0,2060175
2942;0,1834
2943;0,1444325
2944;0,105688
2945;0,0615085
2946;0,022707475
2947;0,000736715
2948;0
2949;0
2950;0
2951;0
2952;0
2953;0
2954;0
2955;0
2956;0
2957;0,011143325
2958;0,057795
2959;0,1174775
2960;0,174
2961;0,2450525
2962;0,28497
2963;0,28423
2964;0,3154375
2965;0,283085
2966;0,255795
2967;0,2184625
2968;0,14657
2969;0,09264975
2970;0,03176625
2971;0,000914178
2972;0
2973;0
2974;0
2975;0
2976;0
2977;0
2978;0
2979;0
2980;0
2981;0,017981
2982;0,076321
2983;0,1647725
2984;0,2887925
2985;0,3864
2986;0,424885
2987;0,3980775
2988;0,41161
2989;0,34452
2990;0,2603725
2991;0,2069725
2992;0,157795
2993;0,085343
2994;0,030370375
2995;0,00103584
2996;0
2997;0
2998;0
2999;0
3000;0
3001;0
3002;0
3003;0
3004;0
3005;0,023200525
3006;0,111301
3007;0,2683325
3008;0,4416
3009;0,5773575
3010;0,6891075
3011;0,77243
3012;0,753735
3013;0,684145
3014;0,58932
3015;0,493015
3016;0,334215
3017;0,1891425
3018;0,051047
3019;0,004458477
3020;0
3021;0
3022;0
3023;0
3024;0
3025;0
3026;0
3027;0
3028;0
3029;0,023713925
3030;0,113483
3031;0,276755
3032;0,4365325
3033;0,545485
3034;0,644185
3035;0,693095
3036;0,7219775
3037;0,651975
3038;0,5839775
3039;0,469095
3040;0,31742
3041;0,170445
3042;0,05066575
3043;0,002917498
3044;0
3045;0
3046;0
3047;0
3048;0
3049;0
3050;0
3051;0
3052;0
3053;0,0155533
3054;0,0612315
3055;0,11537675
3056;0,1613525
3057;0,2065775
3058;0,240815
3059;0,2743425
3060;0,2995925
3061;0,279165
3062;0,240655
3063;0,178645
3064;0,13206225
3065;0,0803435
3066;0,034965
3067;0,001314765
3068;0
3069;0
3070;0
3071;0
3072;0
3073;0
3074;0
3075;0
3076;0
3077;0,005665975
3078;0,03071525
3079;0,05834375
3080;0,10020075
3081;0,11256475
3082;0,1298125
3083;0,1251825
3084;0,1345675
3085;0,1391525
3086;0,1234825
3087;0,121365
3088;0,10017525
3089;0,04660625
3090;0,015674125
3091;0,000954423
3092;0
3093;0
3094;0
3095;0
3096;0
3097;0
3098;0
3099;0
3100;0
3101;0,02901775
3102;0,0896515
3103;0,23669
3104;0,370355
3105;0,4643225
3106;0,543335
3107;0,573165
3108;0,565065
3109;0,5651875
3110;0,48874
3111;0,3702125
3112;0,278
3113;0,1554075
3114;0,05352625
3115;0,004077975
3116;0
3117;0
3118;0
3119;0
3120;0
3121;0
3122;0
3123;0
3124;0
3125;0,012039525
3126;0,020578875
3127;0,0893045
3128;0,29524
3129;0,43311
3130;0,5228875
3131;0,5615775
3132;0,6127825
3133;0,467985
3134;0,44833
3135;0,28020425
3136;0,10771
3137;0,01988405
3138;0,0377725
3139;0,0017946
3140;0
3141;0
3142;0
3143;0
3144;0
3145;0
3146;0
3147;0
3148;0
3149;0,02492875
3150;0,10890025
3151;0,262935
3152;0,384815
3153;0,50968
3154;0,564075
3155;0,6138525
3156;0,71203
3157;0,7530525
3158;0,6622625
3159;0,4825075
3160;0,324705
3161;0,177892
3162;0,06263375
3163;0,006107625
3164;0
3165;0
3166;0
3167;0
3168;0
3169;0
3170;0
3171;0
3172;0
3173;0,0305857
3174;0,1411965
3175;0,3558025
3176;0,52443
3177;0,6907575
3178;0,804895
3179;0,4273975
3180;0,4896
3181;0,4406425
3182;0,39425
3183;0,3595075
3184;0,2473475
3185;0,1366825
3186;0,0561765
3187;0,004460475
3188;0
3189;0
3190;0
3191;0
3192;0
3193;0
3194;0
3195;0
3196;0
3197;0
3198;0,0369045
3199;0,0352465
3200;0,12517325
3201;0,2766075
3202;0,2788375
3203;0,121085
3204;0,075882
3205;0,1603575
3206;0,1588775
3207;0,186085
3208;0,2912475
3209;0,18927
3210;0,0686585
3211;0,01021637
3212;0
3213;0
3214;0
3215;0
3216;0
3217;0
3218;0
3219;0
3220;0
3221;0,0165542
3222;0,04349
3223;0,04257925
3224;0,08837225
3225;0,1667275
3226;0,1771425
3227;0,17872
3228;0,2217775
3229;0,1820725
3230;0,140275
3231;0,14065
3232;0,163415
3233;0,10141225
3234;0,05595825
3235;0,010165205
3236;0
3237;0
3238;0
3239;0
3240;0
3241;0
3242;0
3243;0
3244;0
3245;0,026977375
3246;0,0880595
3247;0,19911
3248;0,2671325
3249;0,362195
3250;0,396485
3251;0,42254
3252;0,434935
3253;0,4089825
3254;0,375695
3255;0,2887775
3256;0,220195
3257;0,1242125
3258;0,05234025
3259;0,00539079
3260;0
3261;0
3262;0
3263;0
3264;0
3265;0
3266;0
3267;0
3268;0
3269;0,017138525
3270;0,04981875
3271;0,1081845
3272;0,1618525
3273;0,1974825
3274;0,20244
3275;0,2014
3276;0,2133525
3277;0,2050075
3278;0,191735
3279;0,158945
3280;0,112555
3281;0,0648965
3282;0,0300685
3283;0,00213051
3284;0
3285;0
3286;0
3287;0
3288;0
3289;0
3290;0
3291;0
3292;0
3293;0,021372475
3294;0,06289775
3295;0,114961
3296;0,1731875
3297;0,2270775
3298;0,255135
3299;0,27081
3300;0,24312
3301;0,2126675
3302;0,2021075
3303;0,1771975
3304;0,1203855
3305;0,07696075
3306;0,0351045
3307;0,002220043
3308;0
3309;0
3310;0
3311;0
3312;0
3313;0
3314;0
3315;0
3316;0
3317;0,0322647
3318;0,11058225
3319;0,237955
3320;0,372315
3321;0,5048
3322;0,5907675
3323;0,5790975
3324;0,5806625
3325;0,5301475
3326;0,521385
3327;0,3804825
3328;0,26664
3329;0,1370225
3330;0,0625665
3331;0,002683385
3332;0
3333;0
3334;0
3335;0
3336;0
3337;0
3338;0
3339;0
3340;0
3341;0,031183
3342;0,12751125
3343;0,2403425
3344;0,324315
3345;0,46556
3346;0,578165
3347;0,5907475
3348;0,6260025
3349;0,5320775
3350;0,5391025
3351;0,4867225
3352;0,3619875
3353;0,188735
3354;0,0598645
3355;0,01000062
3356;0
3357;0
3358;0
3359;0
3360;0
3361;0
3362;0
3363;0
3364;0
3365;0,0368635
3366;0,15944175
3367;0,1958725
3368;0,25061
3369;0,564415
3370;0,6812475
3371;0,4572025
3372;0,35498
3373;0,34166
3374;0,3025825
3375;0,159995
3376;0,030212725
3377;0,0142971
3378;0,00526515
3379;0,00074699
3380;0
3381;0
3382;0
3383;0
3384;0
3385;0
3386;0
3387;0
3388;0
3389;0,012950775
3390;0,03539825
3391;0,06826075
3392;0,095893
3393;0,141395
3394;0,15426
3395;0,1670375
3396;0,13888
3397;0,1566275
3398;0,11216375
3399;0,0916705
3400;0,067431
3401;0,04754475
3402;0,01697965
3403;0,00278593
3404;0
3405;0
3406;0
3407;0
3408;0
3409;0
3410;0
3411;0
3412;0
3413;0,01831265
3414;0,03719625
3415;0,143267
3416;0,18599
3417;0,32883
3418;0,359705
3419;0,1237265
3420;0,466745
3421;0,350525
3422;0,32937
3423;0,33758875
3424;0,2454575
3425;0,2014425
3426;0,07798675
3427;0,011408525
3428;0
3429;0
3430;0
3431;0
3432;0
3433;0
3434;0
3435;0
3436;0
3437;0,031391725
3438;0,1384175
3439;0,27321
3440;0,3481575
3441;0,517775
3442;0,6904725
3443;0,2459825
3444;0,3601225
3445;0,4423425
3446;0,3705225
3447;0,27446
3448;0,26842
3449;0,1963075
3450;0,06807675
3451;0,0176298
3452;0
3453;0
3454;0
3455;0
3456;0
3457;0
3458;0
3459;0
3460;0
3461;0,041209
3462;0,14971425
3463;0,3422375
3464;0,5551775
3465;0,7129225
3466;0,86677
3467;0,5761875
3468;0,49813
3469;0,4709675
3470;0,3937975
3471;0,3016825
3472;0,2056375
3473;0,1347225
3474;0,05942325
3475;0,0163349
3476;3,57E-05
3477;0
3478;0
3479;0
3480;0
3481;0
3482;0
3483;0
3484;0
3485;0,03606825
3486;0,1314985
3487;0,28563
3488;0,43041
3489;0,568195
3490;0,67083
3491;0,7272375
3492;0,746865
3493;0,6891825
3494;0,605685
3495;0,487595
3496;0,369645
3497;0,22247
3498;0,073843
3499;0,015773125
3500;3,86E-05
3501;0
3502;0
3503;0
3504;0
3505;0
3506;0
3507;0
3508;0
3509;0,04319
3510;0,13961025
3511;0,320675
3512;0,50883
3513;0,664525
3514;0,75819
3515;0,783535
3516;0,7693875
3517;0,733015
3518;0,6637825
3519;0,5385175
3520;0,3950275
3521;0,21936
3522;0,06903175
3523;0,0142204
3524;6,25E-05
3525;0
3526;0
3527;0
3528;0
3529;0
3530;0
3531;0
3532;0
3533;0,03929475
3534;0,1453105
3535;0,309485
3536;0,490065
3537;0,639985
3538;0,7308025
3539;0,78805
3540;0,757385
3541;0,7407275
3542;0,640605
3543;0,529435
3544;0,387085
3545;0,2255775
3546;0,0631605
3547;0,01747
3548;7,17E-05
3549;0
3550;0
3551;0
3552;0
3553;0
3554;0
3555;0
3556;0
3557;0
3558;0,0617235
3559;0,2231625
3560;0,1258145
3561;0,12371175
3562;0,42122
3563;0,4654775
3564;0,3278025
3565;0,3612325
3566;0,259265
3567;0,20907
3568;0,20143
3569;0,023769425
3570;0,0076207
3571;0,001388348
3572;0
3573;0
3574;0
3575;0
3576;0
3577;0
3578;0
3579;0
3580;0
3581;0,035964025
3582;0,11374325
3583;0,201365
3584;0,25803
3585;0,28981
3586;0,3895825
3587;0,445895
3588;0,42889
3589;0,38917
3590;0,2988025
3591;0,2456575
3592;0,276875
3593;0,19873375
3594;0,07106075
3595;0,024877
3596;0,00047365
3597;0
3598;0
3599;0
3600;0
3601;0
3602;0
3603;0
3604;0,00222165
3605;0,03514375
3606;0,016098225
3607;0,032939975
3608;0,0355055
3609;0,04501975
3610;0,2370225
3611;0,322265
3612;0,54096
3613;0,3914275
3614;0,426055
3615;0,368255
3616;0,33831
3617;0,1997925
3618;0,0764995
3619;0,02145175
3620;0,0013351
3621;0
3622;0
3623;0
3624;0
3625;0
3626;0
3627;0
3628;0
3629;0,04548325
3630;0,16492325
3631;0,3651775
3632;0,5816625
3633;0,7658475
3634;0,87123
3635;0,4254275
3636;0,3605075
3637;0,296945
3638;0,242335
3639;0,21846
3640;0,15079775
3641;0,106655
3642;0,043551525
3643;0,0121993
3644;9,75E-05
3645;0
3646;0
3647;0
3648;0
3649;0
3650;0
3651;0
3652;0
3653;0,02724125
3654;0,10629175
3655;0,172274
3656;0,1401105
3657;0,16231775
3658;0,2642725
3659;0,2281175
3660;0,2305925
3661;0,2936775
3662;0,427925
3663;0,3413875
3664;0,29416
3665;0,185765
3666;0,07973825
3667;0,02495075
3668;0,000949525
3669;0
3670;0
3671;0
3672;0
3673;0
3674;0
3675;0
3676;0
3677;0,02542095
3678;0,06638275
3679;0,08029725
3680;0,1458275
3681;0,1431635
3682;0,05378375
3683;0,11681575
3684;0,1911225
3685;0,2636275
3686;0,25602
3687;0,2145425
3688;0,18177
3689;0,106781
3690;0,040973
3691;0,00895785
3692;0,000145683
3693;0
3694;0
3695;0
3696;0
3697;0
3698;0
3699;0
3700;0,002804898
3701;0,03975425
3702;0,1534675
3703;0,3212475
3704;0,4951475
3705;0,791875
3706;0,7415175
3707;0,2604205
3708;0,371825
3709;0,4407625
3710;0,32569
3711;0,20082975
3712;0,18391
3713;0,186406
3714;0,06381975
3715;0,029638925
3716;0,000685275
3717;0
3718;0
3719;0
3720;0
3721;0
3722;0
3723;0
3724;0
3725;0,03540425
3726;0,1403475
3727;0,310295
3728;0,4833925
3729;0,6035625
3730;0,68166
3731;0,715495
3732;0,696005
3733;0,7130475
3734;0,59112
3735;0,5126225
3736;0,3767275
3737;0,21837
3738;0,090193
3739;0,02138545
3740;0,000350675
3741;0
3742;0
3743;0
3744;0
3745;0
3746;0
3747;0
3748;0
3749;0,03338975
3750;0,149275
3751;0,314055
3752;0,49049
3753;0,6541175
3754;0,73761
3755;0,797535
3756;0,8090025
3757;0,769725
3758;0,69214
3759;0,577725
3760;0,4166675
3761;0,23868
3762;0,077914
3763;0,01996125
3764;0,000645213
3765;0
3766;0
3767;0
3768;0
3769;0
3770;0
3771;0
3772;0
3773;0,0373098
3774;0,136852
3775;0,2849925
3776;0,4394425
3777;0,5597875
3778;0,62517
3779;0,63644
3780;0,5334675
3781;0,5386925
3782;0,5344075
3783;0,413275
3784;0,3218275
3785;0,20454
3786;0,085589
3787;0,02744575
3788;0,00034005
3789;0
3790;0
3791;0
3792;0
3793;0
3794;0
3795;0
3796;0
3797;0,02252345
3798;0,05396775
3799;0,09747225
3800;0,13543
3801;0,1933175
3802;0,2202325
3803;0,2348675
3804;0,2233625
3805;0,2396425
3806;0,2523925
3807;0,20257
3808;0,170765
3809;0,10601875
3810;0,0460435
3811;0,01628115
3812;0,000293225
3813;0
3814;0
3815;0
3816;0
3817;0
3818;0
3819;0
3820;0
3821;0
3822;0,007502025
3823;0,05711775
3824;0,099348
3825;0,106608
3826;0,1040745
3827;0,228685
3828;0,247985
3829;0,30133
3830;0,321155
3831;0,291805
3832;0,21551
3833;0,1507825
3834;0,08376925
3835;0,028352
3836;0,001010348
3837;0
3838;0
3839;0
3840;0
3841;0
3842;0
3843;0
3844;0
3845;0,02131015
3846;0,05728425
3847;0,09425
3848;0,13776
3849;0,186025
3850;0,20189
3851;0,203145
3852;0,2055
3853;0,19065
3854;0,1831625
3855;0,1821575
3856;0,1301015
3857;0,094898
3858;0,0469655
3859;0,01584055
3860;0,000410423
3861;0
3862;0
3863;0
3864;0
3865;0
3866;0
3867;0
3868;0
3869;0,0268672
3870;0,0651635
3871;0,097515
3872;0,157765
3873;0,20735
3874;0,305115
3875;0,3162325
3876;0,4294775
3877;0,302605
3878;0,2745125
3879;0,1871825
3880;0,148242
3881;0,10429025
3882;0,062487
3883;0,026757
3884;0,00097935
3885;0
3886;0
3887;0
3888;0
3889;0
3890;0
3891;0
3892;0,003808683
3893;0,0386445
3894;0,15485625
3895;0,3536175
3896;0,561965
3897;0,7235575
3898;0,827735
3899;0,8786775
3900;0,88231
3901;0,8354275
3902;0,7448975
3903;0,6113125
3904;0,44009
3905;0,248275
3906;0,0780905
3907;0,0201
3908;0,000668783
3909;0
3910;0
3911;0
3912;0
3913;0
3914;0
3915;0
3916;0,004166898
3917;0,04436925
3918;0,152559
3919;0,3464775
3920;0,5521025
3921;0,70707
3922;0,807195
3923;0,852245
3924;0,8571025
3925;0,8133925
3926;0,7260325
3927;0,5985075
3928;0,4366625
3929;0,2451925
3930;0,076819
3931;0,017884
3932;0,00083917
3933;0
3934;0
3935;0
3936;0
3937;0
3938;0
3939;0
3940;0,00427038
3941;0,0433385
3942;0,15922225
3943;0,3585975
3944;0,572815
3945;0,733805
3946;0,836915
3947;0,88803
3948;0,88825
3949;0,8421675
3950;0,751965
3951;0,617785
3952;0,451315
3953;0,2570275
3954;0,0797355
3955;0,01920775
3956;0,00074395
3957;0
3958;0
3959;0
3960;0
3961;0
3962;0
3963;0
3964;0,001677013
3965;0,035804
3966;0,1316445
3967;0,261645
3968;0,410235
3969;0,5038875
3970;0,5781275
3971;0,6339475
3972;0,64616
3973;0,6073425
3974;0,5468075
3975;0,44764
3976;0,3347925
3977;0,2068625
3978;0,08419975
3979;0,0262325
3980;0,000410798
3981;0
3982;0
3983;0
3984;0
3985;0
3986;0
3987;0
3988;0
3989;0,006835025
3990;0,023472
3991;0,038982
3992;0,04935175
3993;0,06259075
3994;0,07649
3995;0,0761525
3996;0,08243925
3997;0,08120325
3998;0,074427
3999;0,06164025
4000;0,04880725
4001;0,0341455
4002;0,015519
4003;0,003458183
4004;0
4005;0
4006;0
4007;0
4008;0
4009;0
4010;0
4011;0
4012;0
4013;0,03284175
4014;0,08037125
4015;0,1227025
4016;0,177735
4017;0,2691425
4018;0,1821075
4019;0,18746
4020;0,22866
4021;0,1896975
4022;0,17935
4023;0,1190525
4024;0,112405
4025;0,09892625
4026;0,05516575
4027;0,02619425
4028;0,0018039
4029;0
4030;0
4031;0
4032;0
4033;0
4034;0
4035;0
4036;0,001537765
4037;0,03869225
4038;0,13506275
4039;0,2908075
4040;0,43425
4041;0,5480325
4042;0,6179425
4043;0,6851575
4044;0,6941325
4045;0,650205
4046;0,59135
4047;0,4873175
4048;0,35891
4049;0,211205
4050;0,08322325
4051;0,024743375
4052;0,000571313
4053;0
4054;0
4055;0
4056;0
4057;0
4058;0
4059;0
4060;0
4061;0,01714075
4062;0,04610175
4063;0,0906275
4064;0,1299075
4065;0,1538975
4066;0,1842475
4067;0,2006575
4068;0,2170725
4069;0,197835
4070;0,1786775
4071;0,1474475
4072;0,123135
4073;0,08389525
4074;0,04715625
4075;0,01632235
4076;0,00041501
4077;0
4078;0
4079;0
4080;0
4081;0
4082;0
4083;0
4084;0,001400915
4085;0,03695825
4086;0,066898
4087;0,146841
4088;0,29026
4089;0,3638325
4090;0,67626
4091;0,912985
4092;0,834705
4093;0,501895
4094;0,2460875
4095;0,04405125
4096;0,03010175
4097;0,0188022
4098;0,00941035
4099;0,002067638
4100;0
4101;0
4102;0
4103;0
4104;0
4105;0
4106;0
4107;0
4108;0
4109;0,01557775
4110;0,068374
4111;0,1264925
4112;0,28992
4113;0,32624
4114;0,2259475
4115;0,2567325
4116;0,05904425
4117;0,1623235
4118;0,180395
4119;0,32521
4120;0,2088825
4121;0,1767975
4122;0,08012625
4123;0,03247425
4124;0,001706
4125;0
4126;0
4127;0
4128;0
4129;0
4130;0
4131;0
4132;0
4133;0,0200219
4134;0,0656395
4135;0,10577675
4136;0,1461
4137;0,1652725
4138;0,1735725
4139;0,18522
4140;0,1407525
4141;0,1394875
4142;0,13334825
4143;0,08544425
4144;0,07085775
4145;0,04933075
4146;0,02539575
4147;0,0040549
4148;0
4149;0
4150;0
4151;0
4152;0
4153;0
4154;0
4155;0
4156;0
4157;0,01462195
4158;0,04495475
4159;0,07266825
4160;0,09851625
4161;0,119325
4162;0,140545
4163;0,1583775
4164;0,1611975
4165;0,1543575
4166;0,13086
4167;0,115745
4168;0,096555
4169;0,063726
4170;0,03296575
4171;0,011642025
4172;0,000282385
4173;0
4174;0
4175;0
4176;0
4177;0
4178;0
4179;0
4180;0
4181;0,03578175
4182;0,13725625
4183;0,2729425
4184;0,4105675
4185;0,5202375
4186;0,6086275
4187;0,656845
4188;0,631365
4189;0,61201
4190;0,5393325
4191;0,453385
4192;0,3219625
4193;0,204565
4194;0,0903055
4195;0,0240955
4196;0,000629433
4197;0
4198;0
4199;0
4200;0
4201;0
4202;0
4203;0
4204;0
4205;0,022465625
4206;0,06808675
4207;0,09783775
4208;0,1298025
4209;0,18204
4210;0,21066
4211;0,2220475
4212;0,24572
4213;0,2407125
4214;0,2230525
4215;0,167315
4216;0,143615
4217;0,11884
4218;0,06964575
4219;0,0280535
4220;0,001234425
4221;0
4222;0
4223;0
4224;0
4225;0
4226;0
4227;0
4228;0
4229;0,024893675
4230;0,051065
4231;0,06578325
4232;0,09692975
4233;0,118135
4234;0,1574975
4235;0,1469325
4236;0,1918575
4237;0,158265
4238;0,164495
4239;0,1755925
4240;0,1386325
4241;0,090233
4242;0,05553225
4243;0,022642075
4244;0,00045454
4245;0
4246;0
4247;0
4248;0
4249;0
4250;0
4251;0
4252;0,002224725
4253;0,0395365
4254;0,13545025
4255;0,318785
4256;0,5261725
4257;0,6774625
4258;0,7758975
4259;0,8244275
4260;0,82378
4261;0,789085
4262;0,7030375
4263;0,57627
4264;0,4257475
4265;0,249555
4266;0,08580475
4267;0,027015
4268;0,000879175
4269;0
4270;0
4271;0
4272;0
4273;0
4274;0
4275;0
4276;0,002470925
4277;0,04014875
4278;0,136951
4279;0,331925
4280;0,53781
4281;0,698115
4282;0,8037725
4283;0,8553125
4284;0,855035
4285;0,81807
4286;0,736595
4287;0,6121025
4288;0,4459675
4289;0,2599875
4290;0,08572025
4291;0,022954
4292;0,001311975
4293;0
4294;0
4295;0
4296;0
4297;0
4298;0
4299;0
4300;0
4301;0,039487
4302;0,11655475
4303;0,24998
4304;0,3173425
4305;0,4625775
4306;0,3264
4307;0,349845
4308;0,32333
4309;0,3266525
4310;0,51543
4311;0,5815375
4312;0,45404
4313;0,27763
4314;0,10021775
4315;0,028728
4316;0,004126525
4317;0
4318;0
4319;0
4320;0
4321;0
4322;0
4323;0
4324;0
4325;0,0168411
4326;0,0556975
4327;0,10658675
4328;0,159225
4329;0,2333825
4330;0,2449275
4331;0,2129975
4332;0,221735
4333;0,207495
4334;0,16352
4335;0,1284425
4336;0,1228625
4337;0,0902035
4338;0,05937
4339;0,018589
4340;0,000629863
4341;0
4342;0
4343;0
4344;0
4345;0
4346;0
4347;0
4348;0
4349;0,012637325
4350;0,0376565
4351;0,067938
4352;0,097326
4353;0,11833
4354;0,1384375
4355;0,1545225
4356;0,15327
4357;0,1463075
4358;0,131555
4359;0,112915
4360;0,0900715
4361;0,0601095
4362;0,0324965
4363;0,010406725
4364;0,000294077
4365;0
4366;0
4367;0
4368;0
4369;0
4370;0
4371;0
4372;0
4373;0,03474525
4374;0,12185575
4375;0,264405
4376;0,4185125
4377;0,5291425
4378;0,608795
4379;0,66308
4380;0,66995
4381;0,64761
4382;0,5771975
4383;0,48763
4384;0,35905
4385;0,2176625
4386;0,083229
4387;0,0267441
4388;0,000515408
4389;0
4390;0
4391;0
4392;0
4393;0
4394;0
4395;0
4396;0
4397;0,0413455
4398;0,13452325
4399;0,32692
4400;0,5253325
4401;0,6837625
4402;0,764235
4403;0,383305
4404;0,4143015
4405;0,4157675
4406;0,3480375
4407;0,293925
4408;0,225279
4409;0,1513225
4410;0,07832425
4411;0,0271815
4412;0,000507763
4413;0
4414;0
4415;0
4416;0
4417;0
4418;0
4419;0
4420;0
4421;0,03004375
4422;0,147434
4423;0,3031675
4424;0,497505
4425;0,65002
4426;0,740525
4427;0,789615
4428;0,7996975
4429;0,7479675
4430;0,680645
4431;0,5547075
4432;0,4043125
4433;0,2503075
4434;0,091087
4435;0,02540925
4436;0,00059272
4437;0
4438;0
4439;0
4440;0
4441;0
4442;0
4443;0
4444;0
4445;0,02154025
4446;0,062172
4447;0,1133325
4448;0,1743825
4449;0,20746
4450;0,22056
4451;0,2570475
4452;0,2796225
4453;0,2559025
4454;0,28704
4455;0,2287725
4456;0,1667875
4457;0,12484
4458;0,06271825
4459;0,019058225
4460;0,000431198
4461;0
4462;0
4463;0
4464;0
4465;0
4466;0
4467;0
4468;0
4469;0,01034415
4470;0,03310725
4471;0,06986675
4472;0,0903155
4473;0,11869
4474;0,130565
4475;0,14429
4476;0,151405
4477;0,12112
4478;0,1221875
4479;0,09644525
4480;0,0821295
4481;0,05525375
4482;0,0247205
4483;0,00685705
4484;0,000161975
4485;0
4486;0
4487;0
4488;0
4489;0
4490;0
4491;0
4492;0
4493;0,02823975
4494;0,086236
4495;0,1528
4496;0,1973775
4497;0,2348825
4498;0,2983475
4499;0,3119
4500;0,31485
4501;0,2907075
4502;0,2926925
4503;0,2767425
4504;0,2118825
4505;0,143874
4506;0,068348
4507;0,0244355
4508;0,00042571
4509;0
4510;0
4511;0
4512;0
4513;0
4514;0
4515;0
4516;0
4517;0,0152119
4518;0,04356
4519;0,0788115
4520;0,1127675
4521;0,1420525
4522;0,1609675
4523;0,17192
4524;0,179295
4525;0,17281
4526;0,159105
4527;0,133125
4528;0,1055615
4529;0,07449825
4530;0,04178275
4531;0,01390595
4532;0,000296005
4533;0
4534;0
4535;0
4536;0
4537;0
4538;0
4539;0
4540;0
4541;0,0217175
4542;0,057281
4543;0,10287525
4544;0,1403175
4545;0,1782625
4546;0,2053975
4547;0,237607
4548;0,25128425
4549;0,24785
4550;0,2204775
4551;0,1766275
4552;0,14464125
4553;0,096292
4554;0,05511075
4555;0,01821675
4556;0,000408258
4557;0
4558;0
4559;0
4560;0
4561;0
4562;0
4563;0
4564;0
4565;0,02979525
4566;0,10223825
4567;0,2032725
4568;0,290505
4569;0,39022
4570;0,5032975
4571;0,51026
4572;0,5165475
4573;0,491235
4574;0,437665
4575;0,3533525
4576;0,23585
4577;0,15668025
4578;0,0729625
4579;0,0258475
4580;0,000425925
4581;0
4582;0
4583;0
4584;0
4585;0
4586;0
4587;0
4588;0
4589;0,03633575
4590;0,1046255
4591;0,1933
4592;0,262844
4593;0,2808125
4594;0,30044
4595;0,310095
4596;0,335095
4597;0,4282425
4598;0,40536
4599;0,37966
4600;0,2845175
4601;0,18161825
4602;0,0808695
4603;0,024983875
4604;0,000468
4605;0
4606;0
4607;0
4608;0
4609;0
4610;0
4611;0
4612;0
4613;0,0346825
4614;0,1291785
4615;0,2826025
4616;0,4863325
4617;0,62805
4618;0,72314
4619;0,78426
4620;0,795725
4621;0,7578575
4622;0,6834475
4623;0,5677975
4624;0,4165025
4625;0,24952
4626;0,1017245
4627;0,024583325
4628;0,000784968
4629;0
4630;0
4631;0
4632;0
4633;0
4634;0
4635;0
4636;0
4637;0,029457
4638;0,1175825
4639;0,2827125
4640;0,463565
4641;0,62776
4642;0,7245075
4643;0,7716875
4644;0,80057
4645;0,7757075
4646;0,69825
4647;0,590065
4648;0,43924
4649;0,2621125
4650;0,0916065
4651;0,023012
4652;0,000862197
4653;0
4654;0
4655;0
4656;0
4657;0
4658;0
4659;0
4660;0
4661;0,0286752
4662;0,1193685
4663;0,29427
4664;0,4903775
4665;0,6503125
4666;0,76966
4667;0,8127875
4668;0,8259825
4669;0,7921375
4670;0,7076625
4671;0,5924625
4672;0,4316
4673;0,2526475
4674;0,08916925
4675;0,0236755
4676;0,000430175
4677;0
4678;0
4679;0
4680;0
4681;0
4682;0
4683;0
4684;0
4685;0,03219295
4686;0,0953015
4687;0,1509025
4688;0,1924875
4689;0,2943575
4690;0,32944
4691;0,426275
4692;0,488
4693;0,474515
4694;0,379335
4695;0,3807775
4696;0,2854025
4697;0,178815
4698;0,08552375
4699;0,034152
4700;0,001758858
4701;0
4702;0
4703;0
4704;0
4705;0
4706;0
4707;0
4708;0
4709;0,02879175
4710;0,11452375
4711;0,2764225
4712;0,4386275
4713;0,5706325
4714;0,6695675
4715;0,7196475
4716;0,72883
4717;0,6933275
4718;0,62968
4719;0,52296
4720;0,3844075
4721;0,228215
4722;0,09136
4723;0,024941
4724;0,00024191
4725;0
4726;0
4727;0
4728;0
4729;0
4730;0
4731;0
4732;0
4733;0,030572
4734;0,12041825
4735;0,256195
4736;0,424205
4737;0,5496225
4738;0,63815
4739;0,69034
4740;0,7161125
4741;0,691555
4742;0,614445
4743;0,50731
4744;0,375805
4745;0,2183175
4746;0,09382275
4747;0,021454
4748;0,000215528
4749;0
4750;0
4751;0
4752;0
4753;0
4754;0
4755;0
4756;0
4757;0,029779
4758;0,1130225
4759;0,2477075
4760;0,402795
4761;0,5207625
4762;0,6123275
4763;0,656995
4764;0,658345
4765;0,6241725
4766;0,5634825
4767;0,463975
4768;0,3494775
4769;0,207235
4770;0,080071
4771;0,02161275
4772;0,000171468
4773;0
4774;0
4775;0
4776;0
4777;0
4778;0
4779;0
4780;0
4781;0,028099
4782;0,0937685
4783;0,173535
4784;0,2756775
4785;0,360055
4786;0,4073875
4787;0,4284425
4788;0,4189125
4789;0,427655
4790;0,3691075
4791;0,32332
4792;0,23275625
4793;0,13380075
4794;0,0762125
4795;0,0223212
4796;0,000181103
4797;0
4798;0
4799;0
4800;0
4801;0
4802;0
4803;0
4804;0
4805;0,02765575
4806;0,08900275
4807;0,1460625
4808;0,22758
4809;0,2895575
4810;0,342305
4811;0,4499625
4812;0,4332925
4813;0,3903225
4814;0,364735
4815;0,31381
4816;0,196142
4817;0,14278225
4818;0,07596925
4819;0,02485995
4820;0,000261125
4821;0
4822;0
4823;0
4824;0
4825;0
4826;0
4827;0
4828;0
4829;0,013960675
4830;0,060043
4831;0,09302825
4832;0,1440425
4833;0,20649
4834;0,1468425
4835;0,1840025
4836;0,206985
4837;0,3101575
4838;0,30816
4839;0,15691325
4840;0,0627125
4841;0,06003625
4842;0,0452125
4843;0,0094974
4844;6,06E-05
4845;0
4846;0
4847;0
4848;0
4849;0
4850;0
4851;0
4852;0
4853;0
4854;0,00907975
4855;0,02657875
4856;0,0421
4857;0,058203
4858;0,06914875
4859;0,07485925
4860;0,0746215
4861;0,07057325
4862;0,06336325
4863;0,05377525
4864;0,04005125
4865;0,02338425
4866;0,0105035
4867;0,001926263
4868;0
4869;0
4870;0
4871;0
4872;0
4873;0
4874;0
4875;0
4876;0
4877;0,03268475
4878;0,1122145
4879;0,301665
4880;0,496975
4881;0,6447625
4882;0,7355075
4883;0,2873175
4884;0,37371
4885;0,3747105
4886;0,32536
4887;0,3178125
4888;0,250325
4889;0,18215625
4890;0,06848225
4891;0,0192425
4892;0,000262
4893;0
4894;0
4895;0
4896;0
4897;0
4898;0
4899;0
4900;0
4901;0,02333465
4902;0,107366
4903;0,29251
4904;0,49629
4905;0,658725
4906;0,76714
4907;0,82271
4908;0,83214
4909;0,79327
4910;0,711035
4911;0,58487
4912;0,42517
4913;0,23747
4914;0,08323475
4915;0,01697435
4916;6,26E-05
4917;0
4918;0
4919;0
4920;0
4921;0
4922;0
4923;0
4924;0
4925;0,02569495
4926;0,1025005
4927;0,29054
4928;0,4849675
4929;0,66147
4930;0,77928
4931;0,8408825
4932;0,85132
4933;0,8152325
4934;0,7388375
4935;0,618045
4936;0,44345
4937;0,2617775
4938;0,09156475
4939;0,02091045
4940;8,73E-05
4941;0
4942;0
4943;0
4944;0
4945;0
4946;0
4947;0
4948;0
4949;0,027727375
4950;0,1022655
4951;0,2767575
4952;0,4693625
4953;0,62601
4954;0,711435
4955;0,776345
4956;0,7869575
4957;0,76758
4958;0,679935
4959;0,5497275
4960;0,4023225
4961;0,229635
4962;0,08847825
4963;0,019198
4964;3,69E-05
4965;0
4966;0
4967;0
4968;0
4969;0
4970;0
4971;0
4972;0
4973;0,0258391
4974;0,09186975
4975;0,24828
4976;0,4014325
4977;0,5384325
4978;0,5732525
4979;0,6576675
4980;0,6547575
4981;0,61604
4982;0,583585
4983;0,524195
4984;0,3566675
4985;0,22733
4986;0,06856
4987;0,01791545
4988;3,55E-05
4989;0
4990;0
4991;0
4992;0
4993;0
4994;0
4995;0
4996;0
4997;0,003121225
4998;0,01909595
4999;0,03879125
5000;0,061233
5001;0,07324225
5002;0,081405
5003;0,09633925
5004;0,108775
5005;0,10061875
5006;0,0865885
5007;0,0791885
5008;0,05990225
5009;0,04033875
5010;0,016702525
5011;0,003124805
5012;0
5013;0
5014;0
5015;0
5016;0
5017;0
5018;0
5019;0
5020;0
5021;0,0076293
5022;0,04258475
5023;0,09019
5024;0,115417
5025;0,12957
5026;0,1143325
5027;0,149085
5028;0,1521425
5029;0,14433
5030;0,13694675
5031;0,116754
5032;0,076755
5033;0,04720975
5034;0,0204465
5035;0,004582705
5036;0
5037;0
5038;0
5039;0
5040;0
5041;0
5042;0
5043;0
5044;0
5045;0,023672325
5046;0,10558825
5047;0,2936725
5048;0,5145475
5049;0,6879825
5050;0,80143
5051;0,34154
5052;0,368535
5053;0,27699
5054;0,24802
5055;0,2305625
5056;0,17899
5057;0,107411
5058;0,046034
5059;0,010424325
5060;0
5061;0
5062;0
5063;0
5064;0
5065;0
5066;0
5067;0
5068;0
5069;0,0086108
5070;0,039444
5071;0,0757985
5072;0,117675
5073;0,15435
5074;0,1891975
5075;0,19642
5076;0,1986325
5077;0,1923375
5078;0,1559325
5079;0,117685
5080;0,09458925
5081;0,05715175
5082;0,02642
5083;0,002466568
5084;0
5085;0
5086;0
5087;0
5088;0
5089;0
5090;0
5091;0
5092;0
5093;0,012091225
5094;0,05072325
5095;0,1521325
5096;0,2361225
5097;0,30613
5098;0,3320575
5099;0,3878975
5100;0,4525525
5101;0,372855
5102;0,3501325
5103;0,265245
5104;0,1728755
5105;0,09612425
5106;0,049944
5107;0,002859155
5108;0
5109;0
5110;0
5111;0
5112;0
5113;0
5114;0
5115;0
5116;0
5117;0,020244925
5118;0,092127
5119;0,2520575
5120;0,434785
5121;0,5831975
5122;0,66442
5123;0,7376225
5124;0,7524725
5125;0,713825
5126;0,633345
5127;0,5044225
5128;0,3606425
5129;0,2203575
5130;0,06703625
5131;0,009041725
5132;0
5133;0
5134;0
5135;0
5136;0
5137;0
5138;0
5139;0
5140;0
5141;0,015393925
5142;0,1106685
5143;0,317175
5144;0,4336575
5145;0,5944375
5146;0,09155275
5147;0,30715
5148;0,7021675
5149;0,3851075
5150;0,3023975
5151;0,197536
5152;0,0302455
5153;0,0159965
5154;0,005554
5155;0,000810648
5156;0
5157;0
5158;0
5159;0
5160;0
5161;0
5162;0
5163;0
5164;0
5165;0,018883425
5166;0,07621625
5167;0,1574875
5168;0,2745425
5169;0,364905
5170;0,370525
5171;0,417705
5172;0,4237225
5173;0,4491075
5174;0,439505
5175;0,3562325
5176;0,241625
5177;0,1472005
5178;0,04777275
5179;0,00256308
5180;0
5181;0
5182;0
5183;0
5184;0
5185;0
5186;0
5187;0
5188;0
5189;0,0169631
5190;0,085238
5191;0,19827
5192;0,3027475
5193;0,403235
5194;0,486075
5195;0,5984375
5196;0,597475
5197;0,547015
5198;0,49231
5199;0,3395325
5200;0,24467
5201;0,128656
5202;0,048246
5203;0,002232852
5204;0
5205;0
5206;0
5207;0
5208;0
5209;0
5210;0
5211;0
5212;0
5213;0,008753625
5214;0,04949625
5215;0,1089535
5216;0,18193
5217;0,23561
5218;0,27476
5219;0,32553
5220;0,29469
5221;0,2899175
5222;0,2489375
5223;0,2128775
5224;0,150415
5225;0,0976995
5226;0,0322905
5227;0,002051588
5228;0
5229;0
5230;0
5231;0
5232;0
5233;0
5234;0
5235;0
5236;0
5237;0,017066
5238;0,10158175
5239;0,2922275
5240;0,389745
5241;0,5963775
5242;0,770315
5243;0,914915
5244;0,6453325
5245;0,2217825
5246;0,08758075
5247;0,03798025
5248;0,02531725
5249;0,014655575
5250;0,003887875
5251;0,000392973
5252;0
5253;0
5254;0
5255;0
5256;0
5257;0
5258;0
5259;0
5260;0
5261;0,00252347
5262;0,01545025
5263;0,0476205
5264;0,100967
5265;0,2133425
5266;0,20573
5267;0,1817125
5268;0,1912675
5269;0,4006775
5270;0,3721225
5271;0,3549525
5272;0,256545
5273;0,1617325
5274;0,0642615
5275;0,013937575
5276;0
5277;0
5278;0
5279;0
5280;0
5281;0
5282;0
5283;0
5284;0
5285;0,007646625
5286;0,05663075
5287;0,13761275
5288;0,18253
5289;0,2365275
5290;0,31295625
5291;0,417505
5292;0,4487575
5293;0,327587
5294;0,306664
5295;0,33238
5296;0,2480825
5297;0,2004875
5298;0,0728725
5299;0,0093028
5300;0
5301;0
5302;0
5303;0
5304;0
5305;0
5306;0
5307;0
5308;0
5309;0
5310;0,06050675
5311;0,15654925
5312;0,2890975
5313;0,41371
5314;0,4495675
5315;0,49954
5316;0,51876
5317;0,527135
5318;0,4143025
5319;0,324105
5320;0,19022
5321;0,10327825
5322;0,05175425
5323;0,00306265
5324;0
5325;0
5326;0
5327;0
5328;0
5329;0
5330;0
5331;0
5332;0
5333;0,00792305
5334;0,08684375
5335;0,2650475
5336;0,473225
5337;0,643575
5338;0,75803
5339;0,8179475
5340;0,8283275
5341;0,7936525
5342;0,7103325
5343;0,5815925
5344;0,4097525
5345;0,2201525
5346;0,07125875
5347;0,004882693
5348;0
5349;0
5350;0
5351;0
5352;0
5353;0
5354;0
5355;0
5356;0
5357;0
5358;0,007059725
5359;0,02008325
5360;0,03594425
5361;0,04739225
5362;0,05146725
5363;0,061589
5364;0,060133
5365;0,05437625
5366;0,0516265
5367;0,04566175
5368;0,03214825
5369;0,01962925
5370;0,006622725
5371;0,000459798
5372;0
5373;0
5374;0
5375;0
5376;0
5377;0
5378;0
5379;0
5380;0
5381;0
5382;0,022452975
5383;0,0575195
5384;0,09434625
5385;0,12516
5386;0,1507725
5387;0,163655
5388;0,17002
5389;0,1595325
5390;0,1487775
5391;0,1180555
5392;0,08741
5393;0,0512385
5394;0,02021325
5395;0,000820443
5396;0
5397;0
5398;0
5399;0
5400;0
5401;0
5402;0
5403;0
5404;0
5405;0,004978493
5406;0,06917675
5407;0,20506
5408;0,3251175
5409;0,44211
5410;0,5035675
5411;0,54727
5412;0,5323475
5413;0,5205125
5414;0,4626375
5415;0,383415
5416;0,2573425
5417;0,15042825
5418;0,044664
5419;0,001030525
5420;0
5421;0
5422;0
5423;0
5424;0
5425;0
5426;0
5427;0
5428;0
5429;0
5430;0,03142775
5431;0,07849575
5432;0,126415
5433;0,1649275
5434;0,1988225
5435;0,212915
5436;0,201985
5437;0,197875
5438;0,168775
5439;0,1345875
5440;0,099361
5441;0,057467
5442;0,02172275
5443;0,000720323
5444;0
5445;0
5446;0
5447;0
5448;0
5449;0
5450;0
5451;0
5452;0
5453;0,00298339
5454;0,06976025
5455;0,24161225
5456;0,39885
5457;0,55221
5458;0,61984
5459;0,6645375
5460;0,7041325
5461;0,690505
5462;0,549325
5463;0,418
5464;0,2761725
5465;0,13548625
5466;0,0420055
5467;0,000899203
5468;0
5469;0
5470;0
5471;0
5472;0
5473;0
5474;0
5475;0
5476;0
5477;0,0020783
5478;0,068905
5479;0,215205
5480;0,3808225
5481;0,5138275
5482;0,6143175
5483;0,6506075
5484;0,67149
5485;0,6518825
5486;0,5953875
5487;0,4742925
5488;0,3361025
5489;0,177174
5490;0,045612
5491;0,001647298
5492;0
5493;0
5494;0
5495;0
5496;0
5497;0
5498;0
5499;0
5500;0
5501;0,001517983
5502;0,0705165
5503;0,22193
5504;0,39982
5505;0,53418
5506;0,6556475
5507;0,686555
5508;0,6730975
5509;0,6201825
5510;0,568145
5511;0,46683
5512;0,3314625
5513;0,1640725
5514;0,0519005
5515;0,000774443
5516;0
5517;0
5518;0
5519;0
5520;0
5521;0
5522;0
5523;0
5524;0
5525;0
5526;0,0362246
5527;0,098893
5528;0,1669625
5529;0,223325
5530;0,3054675
5531;0,3579025
5532;0,3003775
5533;0,3195425
5534;0,24758
5535;0,23447
5536;0,18260375
5537;0,093162
5538;0,03285405
5539;0,000837143
5540;0
5541;0
5542;0
5543;0
5544;0
5545;0
5546;0
5547;0
5548;0
5549;0
5550;0,06174025
5551;0,187305
5552;0,3233175
5553;0,179625
5554;0,2128825
5555;0,2082825
5556;0,439725
5557;0,8323175
5558;0,5063675
5559;0,15775625
5560;0,041188
5561;0,08529825
5562;0,0401445
5563;0,002378525
5564;0
5565;0
5566;0
5567;0
5568;0
5569;0
5570;0
5571;0
5572;0
5573;0
5574;0,07092225
5575;0,24878
5576;0,456395
5577;0,634375
5578;0,7499175
5579;0,806465
5580;0,8100975
5581;0,76812
5582;0,67491
5583;0,5450125
5584;0,3721275
5585;0,18686
5586;0,0412215
5587;0,000412215
5588;0
5589;0
5590;0
5591;0
5592;0
5593;0
5594;0
5595;0
5596;0
5597;0
5598;0,05999395
5599;0,175155
5600;0,307305
5601;0,4333375
5602;0,51919
5603;0,58186
5604;0,56546
5605;0,527755
5606;0,4434625
5607;0,3531325
5608;0,2343175
5609;0,1177085
5610;0,037753125
5611;0,000256928
5612;0
5613;0
5614;0
5615;0
5616;0
5617;0
5618;0
5619;0
5620;0
5621;0
5622;0,059468575
5623;0,20372
5624;0,39317
5625;0,521635
5626;0,624125
5627;0,6561175
5628;0,671445
5629;0,617525
5630;0,544875
5631;0,4288325
5632;0,296985
5633;0,1536735
5634;0,03591375
5635;0,000235418
5636;0
5637;0
5638;0
5639;0
5640;0
5641;0
5642;0
5643;0
5644;0
5645;0
5646;0,06536875
5647;0,1966475
5648;0,337175
5649;0,442505
5650;0,5588475
5651;0,6347875
5652;0,651705
5653;0,64099
5654;0,59373
5655;0,477485
5656;0,306865
5657;0,144875
5658;0,035525
5659;0,0002571
5660;0
5661;0
5662;0
5663;0
5664;0
5665;0
5666;0
5667;0
5668;0
5669;0
5670;0,05866625
5671;0,183935
5672;0,3427175
5673;0,47032
5674;0,5434425
5675;0,5835625
5676;0,59567
5677;0,558455
5678;0,5167
5679;0,3992625
5680;0,2812425
5681;0,148334
5682;0,03278985
5683;0,000174333
5684;0
5685;0
5686;0
5687;0
5688;0
5689;0
5690;0
5691;0
5692;0
5693;0
5694;0,06270525
5695;0,19484
5696;0,365855
5697;0,51823
5698;0,60793
5699;0,66042
5700;0,63718
5701;0,6219225
5702;0,5354
5703;0,43412
5704;0,291725
5705;0,145446
5706;0,0346351
5707;0,000106453
5708;0
5709;0
5710;0
5711;0
5712;0
5713;0
5714;0
5715;0
5716;0
5717;0
5718;0,06044345
5719;0,208325
5720;0,3570625
5721;0,5240575
5722;0,6166325
5723;0,6921675
5724;0,713945
5725;0,5956725
5726;0,4492075
5727;0,351
5728;0,2164225
5729;0,107808
5730;0,0246225
5731;7,76E-05
5732;0
5733;0
5734;0
5735;0
5736;0
5737;0
5738;0
5739;0
5740;0
5741;0
5742;0,030198
5743;0,16109275
5744;0,2164075
5745;0,481035
5746;0,241985
5747;0,453865
5748;0,3055225
5749;0,185365
5750;0,043554
5751;0,243235
5752;0,13379825
5753;0,06670575
5754;0,006563975
5755;0
5756;0
5757;0
5758;0
5759;0
5760;0
5761;0
5762;0
5763;0
5764;0
5765;0
5766;0,029345725
5767;0,09203725
5768;0,13522325
5769;0,1993175
5770;0,2979275
5771;0,2500795
5772;0,2161375
5773;0,2374075
5774;0,233385
5775;0,2701125
5776;0,3073025
5777;0,1529505
5778;0,0351224
5779;9,23E-05
5780;0
5781;0
5782;0
5783;0
5784;0
5785;0
5786;0
5787;0
5788;0
5789;0
5790;0,0320125
5791;0,10017225
5792;0,1751825
5793;0,26633
5794;0,3051325
5795;0,2926825
5796;0,2761775
5797;0,2498675
5798;0,3021275
5799;0,2457575
5800;0,156285
5801;0,088271
5802;0,02079745
5803;0
5804;0
5805;0
5806;0
5807;0
5808;0
5809;0
5810;0
5811;0
5812;0
5813;0
5814;0,03660375
5815;0,111961
5816;0,2113575
5817;0,2849175
5818;0,271745
5819;0,267505
5820;0,2592325
5821;0,2656675
5822;0,2648975
5823;0,2178
5824;0,129165
5825;0,0593675
5826;0,01534275
5827;0
5828;0
5829;0
5830;0
5831;0
5832;0
5833;0
5834;0
5835;0
5836;0
5837;0
5838;0,026353525
5839;0,07947275
5840;0,148235
5841;0,21399
5842;0,2630975
5843;0,2676225
5844;0,3085425
5845;0,311005
5846;0,26165
5847;0,191899
5848;0,12897575
5849;0,06560225
5850;0,00902429
5851;0
5852;0
5853;0
5854;0
5855;0
5856;0
5857;0
5858;0
5859;0
5860;0
5861;0
5862;0,046108625
5863;0,15179625
5864;0,2813665
5865;0,361925
5866;0,436755
5867;0,4525575
5868;0,4575925
5869;0,43204
5870;0,3395725
5871;0,29976
5872;0,1960725
5873;0,10387
5874;0,013948075
5875;0
5876;0
5877;0
5878;0
5879;0
5880;0
5881;0
5882;0
5883;0
5884;0
5885;0
5886;0,030319
5887;0,15008825
5888;0,3124
5889;0,648015
5890;0,56899
5891;0,4554875
5892;0,4642875
5893;0,367285
5894;0,3062275
5895;0,25478775
5896;0,1120635
5897;0,075625
5898;0,002873413
5899;0
5900;0
5901;0
5902;0
5903;0
5904;0
5905;0
5906;0
5907;0
5908;0
5909;0
5910;0,004880552
5911;0,023083
5912;0,03918575
5913;0,05780625
5914;0,07755
5915;0,09841525
5916;0,09957825
5917;0,09364175
5918;0,07205125
5919;0,069093
5920;0,0408505
5921;0,017066875
5922;0,001737645
5923;0
5924;0
5925;0
5926;0
5927;0
5928;0
5929;0
5930;0
5931;0
5932;0
5933;0
5934;0,034096
5935;0,105277
5936;0,1834325
5937;0,2772575
5938;0,29808
5939;0,315575
5940;0,319535
5941;0,3264325
5942;0,29586
5943;0,2241275
5944;0,16270675
5945;0,0776405
5946;0,00541
5947;0
5948;0
5949;0
5950;0
5951;0
5952;0
5953;0
5954;0
5955;0
5956;0
5957;0
5958;0,046363
5959;0,206425
5960;0,40023
5961;0,585455
5962;0,70483
5963;0,713655
5964;0,7442475
5965;0,70166
5966;0,5985225
5967;0,4609275
5968;0,2948175
5969;0,12345325
5970;0,009455575
5971;0
5972;0
5973;0
5974;0
5975;0
5976;0
5977;0
5978;0
5979;0
5980;0
5981;0
5982;0,0469115
5983;0,1896775
5984;0,404415
5985;0,591745
5986;0,703425
5987;0,75659
5988;0,7673175
5989;0,711385
5990;0,6282425
5991;0,4746325
5992;0,3094775
5993;0,12783475
5994;0,008929925
5995;0
5996;0
5997;0
5998;0
5999;0
6000;0
6001;0
6002;0
6003;0
6004;0
6005;0
6006;0,002037628
6007;0,01395275
6008;0,03285925
6009;0,0519685
6010;0,06219425
6011;0,07229475
6012;0,07214125
6013;0,06345175
6014;0,05814125
6015;0,04050125
6016;0,02733075
6017;0,010927625
6018;0,00091557
6019;0
6020;0
6021;0
6022;0
6023;0
6024;0
6025;0
6026;0
6027;0
6028;0
6029;0
6030;0,003781525
6031;0,0175971
6032;0,04138475
6033;0,070244
6034;0,0902795
6035;0,0935805
6036;0,0931505
6037;0,0905015
6038;0,08364175
6039;0,06862025
6040;0,04265275
6041;0,01882575
6042;0,00133103
6043;0
6044;0
6045;0
6046;0
6047;0
6048;0
6049;0
6050;0
6051;0
6052;0
6053;0
6054;0,00296432
6055;0,02258625
6056;0,05436525
6057;0,07432375
6058;0,08991525
6059;0,087975
6060;0,101
6061;0,10563225
6062;0,095877
6063;0,07334175
6064;0,04623775
6065;0,0218935
6066;0,001267028
6067;0
6068;0
6069;0
6070;0
6071;0
6072;0
6073;0
6074;0
6075;0
6076;0
6077;0
6078;0,035141975
6079;0,14898325
6080;0,32937975
6081;0,45186
6082;0,523515
6083;0,63488
6084;0,6240275
6085;0,56867
6086;0,4477675
6087;0,3342325
6088;0,199353
6089;0,0824245
6090;0,001411395
6091;0
6092;0
6093;0
6094;0
6095;0
6096;0
6097;0
6098;0
6099;0
6100;0
6101;0
6102;0,044839275
6103;0,2318475
6104;0,472795
6105;0,6678375
6106;0,78708
6107;0,8439075
6108;0,841805
6109;0,78988
6110;0,685245
6111;0,515855
6112;0,3278
6113;0,12265175
6114;0,003302648
6115;0
6116;0
6117;0
6118;0
6119;0
6120;0
6121;0
6122;0
6123;0
6124;0
6125;0
6126;0,040167975
6127;0,203485
6128;0,401775
6129;0,5868075
6130;0,7098475
6131;0,7592775
6132;0,757985
6133;0,7061525
6134;0,60281
6135;0,4843
6136;0,2837375
6137;0,10887575
6138;0,0028519
6139;0
6140;0
6141;0
6142;0
6143;0
6144;0
6145;0
6146;0
6147;0
6148;0
6149;0
6150;0,03965585
6151;0,18926
6152;0,34611
6153;0,4805775
6154;0,642255
6155;0,6509825
6156;0,67814
6157;0,576575
6158;0,5041125
6159;0,3548125
6160;0,2139975
6161;0,07770925
6162;0,001073925
6163;0
6164;0
6165;0
6166;0
6167;0
6168;0
6169;0
6170;0
6171;0
6172;0
6173;0
6174;0,01204285
6175;0,0535945
6176;0,1148675
6177;0,1654075
6178;0,2170975
6179;0,2502275
6180;0,2541775
6181;0,22319
6182;0,1819675
6183;0,1230655
6184;0,07867225
6185;0,0284165
6186;0,000656362
6187;0
6188;0
6189;0
6190;0
6191;0
6192;0
6193;0
6194;0
6195;0
6196;0
6197;0
6198;0,0044298
6199;0,014644
6200;0,0423025
6201;0,078842
6202;0,117127
6203;0,145205
6204;0,1514575
6205;0,13539
6206;0,1330125
6207;0,09089675
6208;0,05156675
6209;0,019264775
6210;0,000747998
6211;0
6212;0
6213;0
6214;0
6215;0
6216;0
6217;0
6218;0
6219;0
6220;0
6221;0
6222;0,0106483
6223;0,06439975
6224;0,2011385
6225;0,107333
6226;0,1210915
6227;0,1591575
6228;0,214895
6229;0,2553075
6230;0,315105
6231;0,146487
6232;0,0997545
6233;0,02494325
6234;0,00092515
6235;0
6236;0
6237;0
6238;0
6239;0
6240;0
6241;0
6242;0
6243;0
6244;0
6245;0
6246;0,022482175
6247;0,1178645
6248;0,3589975
6249;0,34074
6250;0,609495
6251;0,43896
6252;0,23155
6253;0,17719875
6254;0,032128
6255;0,019624575
6256;0,010285175
6257;0,00246466
6258;0
6259;0
6260;0
6261;0
6262;0
6263;0
6264;0
6265;0
6266;0
6267;0
6268;0
6269;0
6270;0,015242925
6271;0,14652675
6272;0,47806
6273;0,23281
6274;0,130535
6275;0,11085525
6276;0,309835
6277;0,1707025
6278;0,2307025
6279;0,10951375
6280;0,05062825
6281;0,06011525
6282;0,002589243
6283;0
6284;0
6285;0
6286;0
6287;0
6288;0
6289;0
6290;0
6291;0
6292;0
6293;0
6294;0,038764975
6295;0,2143925
6296;0,436385
6297;0,1948575
6298;0,4418725
6299;0,9088975
6300;0,78131
6301;0,269015
6302;0,21155
6303;0,1379
6304;0,016580125
6305;0,00236819
6306;0
6307;0
6308;0
6309;0
6310;0
6311;0
6312;0
6313;0
6314;0
6315;0
6316;0
6317;0
6318;0
6319;0,032096075
6320;0,104856
6321;0,1129645
6322;0,1588925
6323;0,1686875
6324;0,12104775
6325;0,08397725
6326;0,11196
6327;0,1695025
6328;0,10247375
6329;0,06974125
6330;0,00128395
6331;0
6332;0
6333;0
6334;0
6335;0
6336;0
6337;0
6338;0
6339;0
6340;0
6341;0
6342;0,010988325
6343;0,110291
6344;0,10250725
6345;0,295505
6346;0,222045
6347;0,3709625
6348;0,20583
6349;0,217705
6350;0,30996
6351;0,22232
6352;0,190255
6353;0,08667375
6354;0,001114175
6355;0
6356;0
6357;0
6358;0
6359;0
6360;0
6361;0
6362;0
6363;0
6364;0
6365;0
6366;0
6367;0,079110025
6368;0,2882925
6369;0,32596
6370;0,4321875
6371;0,1973825
6372;0,3164275
6373;0,11877375
6374;0,07276775
6375;0,020214775
6376;0,089812
6377;0,05753975
6378;0,00046675
6379;0
6380;0
6381;0
6382;0
6383;0
6384;0
6385;0
6386;0
6387;0
6388;0
6389;0
6390;0
6391;0,002616753
6392;0,011636875
6393;0,022234
6394;0,03031175
6395;0,0346455
6396;0,035944
6397;0,4481425
6398;0,378445
6399;0,2817325
6400;0,1602315
6401;0,041724
6402;5,53E-05
6403;0
6404;0
6405;0
6406;0
6407;0
6408;0
6409;0
6410;0
6411;0
6412;0
6413;0
6414;0,00442992
6415;0,17696125
6416;0,379645
6417;0,567705
6418;0,68055
6419;0,755445
6420;0,7440875
6421;0,7118775
6422;0,61187
6423;0,4332875
6424;0,2391975
6425;0,06019275
6426;4,50E-05
6427;0
6428;0
6429;0
6430;0
6431;0
6432;0
6433;0
6434;0
6435;0
6436;0
6437;0
6438;0
6439;0,2035865
6440;0,2891625
6441;0,56085
6442;0,492335
6443;0,4531775
6444;0,2252675
6445;0,36815
6446;0,3433675
6447;0,267975
6448;0,0891505
6449;0,0277805
6450;0
6451;0
6452;0
6453;0
6454;0
6455;0
6456;0
6457;0
6458;0
6459;0
6460;0
6461;0
6462;0
6463;0,012382075
6464;0,040123
6465;0,05293775
6466;0,03025375
6467;0,06196175
6468;0,04883075
6469;0,497465
6470;0,364195
6471;0,2059675
6472;0,104914
6473;0,025209375
6474;0
6475;0
6476;0
6477;0
6478;0
6479;0
6480;0
6481;0
6482;0
6483;0
6484;0
6485;0
6486;0
6487;0,019792275
6488;0,0967835
6489;0,2531075
6490;0,191765
6491;0,1477745
6492;0,16242725
6493;0,21934
6494;0,413195
6495;0,4767225
6496;0,2144525
6497;0,037704775
6498;0
6499;0
6500;0
6501;0
6502;0
6503;0
6504;0
6505;0
6506;0
6507;0
6508;0
6509;0
6510;0
6511;0,134284
6512;0,312
6513;0,472
6514;0,4433075
6515;0,456765
6516;0,5652475
6517;0,5517775
6518;0,4282075
6519;0,32156
6520;0,19433575
6521;0,016301525
6522;0
6523;0
6524;0
6525;0
6526;0
6527;0
6528;0
6529;0
6530;0
6531;0
6532;0
6533;0
6534;0
6535;0,12898625
6536;0,2199825
6537;0,3232175
6538;0,448405
6539;0,48385
6540;0,59565
6541;0,51382
6542;0,3514
6543;0,26519
6544;0,12051975
6545;0,002837798
6546;0
6547;0
6548;0
6549;0
6550;0
6551;0
6552;0
6553;0
6554;0
6555;0
6556;0
6557;0
6558;0
6559;0,06721925
6560;0,1691825
6561;0,2590825
6562;0,2817025
6563;0,30669
6564;0,3424825
6565;0,4021275
6566;0,3287075
6567;0,27693525
6568;0,128935
6569;0,012845
6570;0
6571;0
6572;0
6573;0
6574;0
6575;0
6576;0
6577;0
6578;0
6579;0
6580;0
6581;0
6582;0
6583;0,0355048
6584;0,0940685
6585;0,15266
6586;0,1759775
6587;0,191325
6588;0,1990325
6589;0,19591
6590;0,164055
6591;0,108022
6592;0,049463425
6593;0,004347993
6594;0
6595;0
6596;0
6597;0
6598;0
6599;0
6600;0
6601;0
6602;0
6603;0
6604;0
6605;0
6606;0
6607;0,13907175
6608;0,371545
6609;0,5432
6610;0,644935
6611;0,62427
6612;0,65127
6613;0,4603425
6614;0,4442275
6615;0,251848
6616;0,112191
6617;0,0031987
6618;0
6619;0
6620;0
6621;0
6622;0
6623;0
6624;0
6625;0
6626;0
6627;0
6628;0
6629;0
6630;0
6631;0,002245013
6632;0,01747075
6633;0,05773525
6634;0,0718185
6635;0,0765495
6636;0,100456
6637;0,5248425
6638;0,44317
6639;0,368165
6640;0,191665
6641;0,013603675
6642;0
6643;0
6644;0
6645;0
6646;0
6647;0
6648;0
6649;0
6650;0
6651;0
6652;0
6653;0
6654;0
6655;0,021314075
6656;0,06518125
6657;0,09315025
6658;0,1005205
6659;0,10851175
6660;0,10698525
6661;0,105866
6662;0,109321
6663;0,06024425
6664;0,0265465
6665;0,002128523
6666;0
6667;0
6668;0
6669;0
6670;0
6671;0
6672;0
6673;0
6674;0
6675;0
6676;0
6677;0
6678;0
6679;0,1347115
6680;0,3215775
6681;0,5045275
6682;0,580845
6683;0,640425
6684;0,6408225
6685;0,5067475
6686;0,4097625
6687;0,280915
6688;0,108247
6689;0,002017873
6690;0
6691;0
6692;0
6693;0
6694;0
6695;0
6696;0
6697;0
6698;0
6699;0
6700;0
6701;0
6702;0
6703;0,0049105
6704;0,026034
6705;0,050605
6706;0,11574925
6707;0,11849
6708;0,1205875
6709;0,131345
6710;0,08220475
6711;0,06272425
6712;0,015788725
6713;0,000846825
6714;0
6715;0
6716;0
6717;0
6718;0
6719;0
6720;0
6721;0
6722;0
6723;0
6724;0
6725;0
6726;0
6727;0,03627175
6728;0,14911825
6729;0,22282225
6730;0,2517325
6731;0,3184975
6732;0,2106925
6733;0,16067
6734;0,1359325
6735;0,0949605
6736;0,037496
6737;0,001162505
6738;0
6739;0
6740;0
6741;0
6742;0
6743;0
6744;0
6745;0
6746;0
6747;0
6748;0
6749;0
6750;0
6751;0,022822125
6752;0,06638175
6753;0,104095
6754;0,14503725
6755;0,163345
6756;0,1604425
6757;0,13975
6758;0,10590925
6759;0,06915825
6760;0,02706125
6761;0,000854085
6762;0
6763;0
6764;0
6765;0
6766;0
6767;0
6768;0
6769;0
6770;0
6771;0
6772;0
6773;0
6774;0
6775;0,0558255
6776;0,20254
6777;0,113208
6778;0,12220725
6779;0,14937375
6780;0,6565725
6781;0,3895325
6782;0,13594825
6783;0,11563775
6784;0,10827575
6785;0,015427337
6786;0
6787;0
6788;0
6789;0
6790;0
6791;0
6792;0
6793;0
6794;0
6795;0
6796;0
6797;0
6798;0
6799;0,0462335
6800;0,13178575
6801;0,196465
6802;0,25784
6803;0,260475
6804;0,289225
6805;0,2675675
6806;0,21789075
6807;0,133137
6808;0,05546525
6809;0,001816475
6810;0
6811;0
6812;0
6813;0
6814;0
6815;0
6816;0
6817;0
6818;0
6819;0
6820;0
6821;0
6822;0
6823;0,011647175
6824;0,028402
6825;0,0620975
6826;0,07582025
6827;0,0981775
6828;0,09931225
6829;0,1023345
6830;0,083119
6831;0,06634625
6832;0,01965175
6833;0,000436725
6834;0
6835;0
6836;0
6837;0
6838;0
6839;0
6840;0
6841;0
6842;0
6843;0
6844;0
6845;0
6846;0
6847;0
6848;0,00379661
6849;0,015981
6850;0,02714075
6851;0,03407675
6852;0,03498055
6853;0,408085
6854;0,3365175
6855;0,1998875
6856;0,0776295
6857;0,0010724
6858;0
6859;0
6860;0
6861;0
6862;0
6863;0
6864;0
6865;0
6866;0
6867;0
6868;0
6869;0
6870;0
6871;0,02443885
6872;0,06057275
6873;0,09114
6874;0,28103
6875;0,358801
6876;0,4217225
6877;0,47787
6878;0,4242875
6879;0,3446
6880;0,13917375
6881;0,00231846
6882;0
6883;0
6884;0
6885;0
6886;0
6887;0
6888;0
6889;0
6890;0
6891;0
6892;0
6893;0
6894;0
6895;0,0573475
6896;0,1931285
6897;0,35102
6898;0,4025825
6899;0,4088675
6900;0,4206675
6901;0,40656
6902;0,3200325
6903;0,20953
6904;0,06291975
6905;0,00038445
6906;0
6907;0
6908;0
6909;0
6910;0
6911;0
6912;0
6913;0
6914;0
6915;0
6916;0
6917;0
6918;0
6919;0,066544075
6920;0,2104075
6921;0,3508975
6922;0,45365
6923;0,52715
6924;0,5403225
6925;0,46321
6926;0,385265
6927;0,2540875
6928;0,0967085
6929;0,0005892
6930;0
6931;0
6932;0
6933;0
6934;0
6935;0
6936;0
6937;0
6938;0
6939;0
6940;0
6941;0
6942;0
6943;0,0549429
6944;0,197605
6945;0,31328
6946;0,405535
6947;0,4254675
6948;0,4224825
6949;0,40701
6950;0,337625
6951;0,216935
6952;0,0763762
6953;0,0002707
6954;0
6955;0
6956;0
6957;0
6958;0
6959;0
6960;0
6961;0
6962;0
6963;0
6964;0
6965;0
6966;0
6967;0,00483347
6968;0,0282725
6969;0,05872975
6970;0,07980775
6971;0,079605
6972;0,08577325
6973;0,07536
6974;0,05515025
6975;0,0309825
6976;0,01166505
6977;0,00011984
6978;0
6979;0
6980;0
6981;0
6982;0
6983;0
6984;0
6985;0
6986;0
6987;0
6988;0
6989;0
6990;0
6991;0,011001075
6992;0,047238
6993;0,087233
6994;0,095879
6995;0,109308
6996;0,1115965
6997;0,08229975
6998;0,07536275
6999;0,05763625
7000;0,020555325
7001;0,000227465
7002;0
7003;0
7004;0
7005;0
7006;0
7007;0
7008;0
7009;0
7010;0
7011;0
7012;0
7013;0
7014;0
7015;0,0533775
7016;0,0841915
7017;0,0795705
7018;0,10101225
7019;0,1355125
7020;0,1379075
7021;0,070699
7022;0,1205575
7023;0,075816
7024;0,0374853
7025;0,000281325
7026;0
7027;0
7028;0
7029;0
7030;0
7031;0
7032;0
7033;0
7034;0
7035;0
7036;0
7037;0
7038;0
7039;0,06345475
7040;0,153255
7041;0,2905925
7042;0,372385
7043;0,4688075
7044;0,36156
7045;0,4134425
7046;0,412335
7047;0,2986025
7048;0,07910775
7049;0,000178673
7050;0
7051;0
7052;0
7053;0
7054;0
7055;0
7056;0
7057;0
7058;0
7059;0
7060;0
7061;0
7062;0
7063;0,047752825
7064;0,0930075
7065;0,118135
7066;0,0947455
7067;0,13616125
7068;0,11190375
7069;0,13586525
7070;0,1469465
7071;0,21595
7072;0,07662025
7073;0,0001412
7074;0
7075;0
7076;0
7077;0
7078;0
7079;0
7080;0
7081;0
7082;0
7083;0
7084;0
7085;0
7086;0
7087;0
7088;0,014168675
7089;0,041028
7090;0,055548
7091;0,06369475
7092;0,0702935
7093;0,08151375
7094;0,0588335
7095;0,027753
7096;0,007552625
7097;0
7098;0
7099;0
7100;0
7101;0
7102;0
7103;0
7104;0
7105;0
7106;0
7107;0
7108;0
7109;0
7110;0
7111;0
7112;0,01004155
7113;0,028514
7114;0,04808625
7115;0,0563925
7116;0,0675575
7117;0,05874475
7118;0,0470185
7119;0,02515175
7120;0,00610911
7121;0
7122;0
7123;0
7124;0
7125;0
7126;0
7127;0
7128;0
7129;0
7130;0
7131;0
7132;0
7133;0
7134;0
7135;0,009985975
7136;0,17097525
7137;0,3635325
7138;0,526565
7139;0,650155
7140;0,63911
7141;0,5342725
7142;0,376605
7143;0,25407
7144;0,03149915
7145;0
7146;0
7147;0
7148;0
7149;0
7150;0
7151;0
7152;0
7153;0
7154;0
7155;0
7156;0
7157;0
7158;0
7159;0,01580825
7160;0,210327
7161;0,5020125
7162;0,630625
7163;0,61418
7164;0,5767475
7165;0,51395
7166;0,322235
7167;0,190297
7168;0,009127768
7169;0
7170;0
7171;0
7172;0
7173;0
7174;0
7175;0
7176;0
7177;0
7178;0
7179;0
7180;0
7181;0
7182;0
7183;0,00731555
7184;0,172395
7185;0,5098125
7186;0,541115
7187;0,5609475
7188;0,41614
7189;0,13436
7190;0,0924615
7191;0,10496025
7192;0,003267353
7193;0
7194;0
7195;0
7196;0
7197;0
7198;0
7199;0
7200;0
7201;0
7202;0
7203;0
7204;0
7205;0
7206;0
7207;0
7208;0,1229155
7209;0,304075
7210;0,6211325
7211;0,629035
7212;0,39463
7213;0,3655975
7214;0,339465
7215;0,19718
7216;0,043432493
7217;0
7218;0
7219;0
7220;0
7221;0
7222;0
7223;0
7224;0
7225;0
7226;0
7227;0
7228;0
7229;0
7230;0
7231;0
7232;0,0777115
7233;0,10601225
7234;0,092177
7235;0,39389725
7236;0,38198875
7237;0,3725375
7238;0,2286025
7239;0,15301325
7240;0,02358485
7241;0
7242;0
7243;0
7244;0
7245;0
7246;0
7247;0
7248;0
7249;0
7250;0
7251;0
7252;0
7253;0
7254;0
7255;0,013442558
7256;0,193345
7257;0,3351475
7258;0,6059825
7259;0,62909
7260;0,40025
7261;0,21831
7262;0,15791225
7263;0,0689675
7264;0,0051875
7265;0
7266;0
7267;0
7268;0
7269;0
7270;0
7271;0
7272;0
7273;0
7274;0
7275;0
7276;0
7277;0
7278;0
7279;0,004346925
7280;0,197915
7281;0,4196025
7282;0,56171
7283;0,6296375
7284;0,5566325
7285;0,5448525
7286;0,4342825
7287;0,2204475
7288;0,012488525
7289;0
7290;0
7291;0
7292;0
7293;0
7294;0
7295;0
7296;0
7297;0
7298;0
7299;0
7300;0
7301;0
7302;0
7303;0
7304;0,05251025
7305;0,08242225
7306;0,165865
7307;0,16877
7308;0,192675
7309;0,19908625
7310;0,10069075
7311;0,049202
7312;0,00196703
7313;0
7314;0
7315;0
7316;0
7317;0
7318;0
7319;0
7320;0
7321;0
7322;0
7323;0
7324;0
7325;0
7326;0
7327;0
7328;0,011039475
7329;0,026782
7330;0,04341275
7331;0,05285575
7332;0,0543925
7333;0,0443285
7334;0,02745675
7335;0,0103763
7336;0,000794348
7337;0
7338;0
7339;0
7340;0
7341;0
7342;0
7343;0
7344;0
7345;0
7346;0
7347;0
7348;0
7349;0
7350;0
7351;0
7352;0,097146825
7353;0,238385
7354;0,2737225
7355;0,28008925
7356;0,2717775
7357;0,37061
7358;0,18521
7359;0,06739875
7360;0,007014775
7361;0
7362;0
7363;0
7364;0
7365;0
7366;0
7367;0
7368;0
7369;0
7370;0
7371;0
7372;0
7373;0
7374;0
7375;0
7376;0
7377;0,0071878
7378;0,01819575
7379;0,021645
7380;0,023165
7381;0,019403
7382;0,012180325
7383;0,003411168
7384;0
7385;0
7386;0
7387;0
7388;0
7389;0
7390;0
7391;0
7392;0
7393;0
7394;0
7395;0
7396;0
7397;0
7398;0
7399;0
7400;0
7401;0,0046
7402;0,0140278
7403;0,0425155
7404;0,04181675
7405;0,47151
7406;0,3309
7407;0,1487685
7408;0,00430483
7409;0
7410;0
7411;0
7412;0
7413;0
7414;0
7415;0
7416;0
7417;0
7418;0
7419;0
7420;0
7421;0
7422;0
7423;0
7424;0,006512575
7425;0,015924075
7426;0,03287025
7427;0,02094825
7428;0,04608
7429;0,5345
7430;0,4096825
7431;0,179696
7432;0,005934355
7433;0
7434;0
7435;0
7436;0
7437;0
7438;0
7439;0
7440;0
7441;0
7442;0
7443;0
7444;0
7445;0
7446;0
7447;0
7448;0,02598
7449;0,06061375
7450;0,09575475
7451;0,10844525
7452;0,11709
7453;0,09405525
7454;0,067055
7455;0,03099
7456;0,001315883
7457;0
7458;0
7459;0
7460;0
7461;0
7462;0
7463;0
7464;0
7465;0
7466;0
7467;0
7468;0
7469;0
7470;0
7471;0
7472;0,129125
7473;0,2490575
7474;0,4018025
7475;0,416225
7476;0,421715
7477;0,382925
7478;0,25537375
7479;0,0686445
7480;0,001037533
7481;0
7482;0
7483;0
7484;0
7485;0
7486;0
7487;0
7488;0
7489;0
7490;0
7491;0
7492;0
7493;0
7494;0
7495;0
7496;0,0221646
7497;0,05371475
7498;0,07996275
7499;0,0978395
7500;0,100136
7501;0,0840975
7502;0,058237
7503;0,02433025
7504;0,000764147
7505;0
7506;0
7507;0
7508;0
7509;0
7510;0
7511;0
7512;0
7513;0
7514;0
7515;0
7516;0
7517;0
7518;0
7519;0
7520;0,0494134
7521;0,11210125
7522;0,1277275
7523;0,1577735
7524;0,19886
7525;0,15253
7526;0,08936925
7527;0,0443555
7528;0,000822248
7529;0
7530;0
7531;0
7532;0
7533;0
7534;0
7535;0
7536;0
7537;0
7538;0
7539;0
7540;0
7541;0
7542;0
7543;0
7544;0,03932375
7545;0,092481
7546;0,13979
7547;0,17036
7548;0,2148325
7549;0,20772375
7550;0,11901825
7551;0,0536915
7552;0,001603075
7553;0
7554;0
7555;0
7556;0
7557;0
7558;0
7559;0
7560;0
7561;0
7562;0
7563;0
7564;0
7565;0
7566;0
7567;0
7568;0,04813
7569;0,12030425
7570;0,18586325
7571;0,227916
7572;0,170015
7573;0,2056125
7574;0,11755575
7575;0,0439125
7576;0,0006564
7577;0
7578;0
7579;0
7580;0
7581;0
7582;0
7583;0
7584;0
7585;0
7586;0
7587;0
7588;0
7589;0
7590;0
7591;0
7592;0,08761625
7593;0,208395
7594;0,328085
7595;0,40526
7596;0,441455
7597;0,3938175
7598;0,2867775
7599;0,106905825
7600;0,000537518
7601;0
7602;0
7603;0
7604;0
7605;0
7606;0
7607;0
7608;0
7609;0
7610;0
7611;0
7612;0
7613;0
7614;0
7615;0
7616;0,002143728
7617;0,018150525
7618;0,0387345
7619;0,052271
7620;0,05619375
7621;0,04823225
7622;0,0289495
7623;0,010043175
7624;0,00020961
7625;0
7626;0
7627;0
7628;0
7629;0
7630;0
7631;0
7632;0
7633;0
7634;0
7635;0
7636;0
7637;0
7638;0
7639;0
7640;0
7641;0,002633633
7642;0,008152825
7643;0,012345
7644;0,01356825
7645;0,01275375
7646;0,00630605
7647;0,001328197
7648;0
7649;0
7650;0
7651;0
7652;0
7653;0
7654;0
7655;0
7656;0
7657;0
7658;0
7659;0
7660;0
7661;0
7662;0
7663;0
7664;0
7665;0,011118875
7666;0,0243055
7667;0,03634125
7668;0,03737475
7669;0,0300465
7670;0,017509
7671;0,00487207
7672;0
7673;0
7674;0
7675;0
7676;0
7677;0
7678;0
7679;0
7680;0
7681;0
7682;0
7683;0
7684;0
7685;0
7686;0
7687;0
7688;0
7689;0,008957025
7690;0,02287075
7691;0,029951
7692;0,030652
7693;0,02486925
7694;0,014618
7695;0,004064385
7696;0
7697;0
7698;0
7699;0
7700;0
7701;0
7702;0
7703;0
7704;0
7705;0
7706;0
7707;0
7708;0
7709;0
7710;0
7711;0
7712;0
7713;0,007193925
7714;0,0202745
7715;0,029348
7716;0,02652375
7717;0,021948
7718;0,01340245
7719;0,003505155
7720;0
7721;0
7722;0
7723;0
7724;0
7725;0
7726;0
7727;0
7728;0
7729;0
7730;0
7731;0
7732;0
7733;0
7734;0
7735;0
7736;0
7737;0,020901275
7738;0,08461575
7739;0,09065425
7740;0,270295
7741;0,190445
7742;0,1105705
7743;0,04377275
7744;0,001197313
7745;0
7746;0
7747;0
7748;0
7749;0
7750;0
7751;0
7752;0
7753;0
7754;0
7755;0
7756;0
7757;0
7758;0
7759;0
7760;0,021180075
7761;0,062727
7762;0,103266
7763;0,09877675
7764;0,07189575
7765;0,04875725
7766;0,03267075
7767;0,01436365
7768;0,0006744
7769;0
7770;0
7771;0
7772;0
7773;0
7774;0
7775;0
7776;0
7777;0
7778;0
7779;0
7780;0
7781;0
7782;0
7783;0
7784;0,002260688
7785;0,016961075
7786;0,03509475
7787;0,04567525
7788;0,05084075
7789;0,03671175
7790;0,0232095
7791;0,00861395
7792;7,39E-05
7793;0
7794;0
7795;0
7796;0
7797;0
7798;0
7799;0
7800;0
7801;0
7802;0
7803;0
7804;0
7805;0
7806;0
7807;0
7808;0
7809;0
7810;0,004377572
7811;0,009558125
7812;0,01054305
7813;0,2590575
7814;0,19152925
7815;0,0732765
7816;0,000146233
7817;0
7818;0
7819;0
7820;0
7821;0
7822;0
7823;0
7824;0
7825;0
7826;0
7827;0
7828;0
7829;0
7830;0
7831;0
7832;0,05937785
7833;0,2512925
7834;0,38358
7835;0,379775
7836;0,2262875
7837;0,101826
7838;0,0465505
7839;0,0188109
7840;9,67E-05
7841;0
7842;0
7843;0
7844;0
7845;0
7846;0
7847;0
7848;0
7849;0
7850;0
7851;0
7852;0
7853;0
7854;0
7855;0
7856;0,0696075
7857;0,2229625
7858;0,3383125
7859;0,397545
7860;0,393675
7861;0,3432425
7862;0,2412275
7863;0,09899475
7864;0,000116188
7865;0
7866;0
7867;0
7868;0
7869;0
7870;0
7871;0
7872;0
7873;0
7874;0
7875;0
7876;0
7877;0
7878;0
7879;0
7880;0,0752347
7881;0,2256575
7882;0,3385225
7883;0,44548
7884;0,445485
7885;0,397035
7886;0,2850175
7887;0,11966075
7888;0,000326125
7889;0
7890;0
7891;0
7892;0
7893;0
7894;0
7895;0
7896;0
7897;0
7898;0
7899;0
7900;0
7901;0
7902;0
7903;0
7904;0,0641708
7905;0,239435
7906;0,410575
7907;0,45485
7908;0,4643575
7909;0,3984775
7910;0,280205
7911;0,10483775
7912;9,17E-05
7913;0
7914;0
7915;0
7916;0
7917;0
7918;0
7919;0
7920;0
7921;0
7922;0
7923;0
7924;0
7925;0
7926;0
7927;0
7928;0,00520675
7929;0,0307365
7930;0,05702825
7931;0,062229
7932;0,06292275
7933;0,0529935
7934;0,03815
7935;0,013836875
7936;0,000157473
7937;0
7938;0
7939;0
7940;0
7941;0
7942;0
7943;0
7944;0
7945;0
7946;0
7947;0
7948;0
7949;0
7950;0
7951;0
7952;0
7953;0,00318675
7954;0,01106275
7955;0,01706
7956;0,01982425
7957;0,01717775
7958;0,0090237
7959;0,00167921
7960;0
7961;0
7962;0
7963;0
7964;0
7965;0
7966;0
7967;0
7968;0
7969;0
7970;0
7971;0
7972;0
7973;0
7974;0
7975;0
7976;0
7977;0,009967875
7978;0,02553175
7979;0,0405995
7980;0,03942075
7981;0,031213
7982;0,02249575
7983;0,006013035
7984;0
7985;0
7986;0
7987;0
7988;0
7989;0
7990;0
7991;0
7992;0
7993;0
7994;0
7995;0
7996;0
7997;0
7998;0
7999;0
8000;0
8001;0,1575935
8002;0,41464
8003;0,033211
8004;0,2135225
8005;0,25154
8006;0,00953045
8007;0
8008;0
8009;0
8010;0
8011;0
8012;0
8013;0
8014;0
8015;0
8016;0
8017;0
8018;0
8019;0
8020;0
8021;0
8022;0
8023;0
8024;0
8025;0,02468075
8026;0,050964
8027;0,084727
8028;0,1231665
8029;0,12629
8030;0,13383625
8031;0,04242075
8032;9,18E-05
8033;0
8034;0
8035;0
8036;0
8037;0
8038;0
8039;0
8040;0
8041;0
8042;0
8043;0
8044;0
8045;0
8046;0
8047;0
8048;0
8049;0,06940825
8050;0,1791035
8051;0,2756535
8052;0,3108825
8053;0,2789625
8054;0,21045
8055;0,06716725
8056;5,92E-05
8057;0
8058;0
8059;0
8060;0
8061;0
8062;0
8063;0
8064;0
8065;0
8066;0
8067;0
8068;0
8069;0
8070;0
8071;0
8072;0
8073;0,04659725
8074;0,07366325
8075;0,3094875
8076;0,10286175
8077;0,24207175
8078;0,0834565
8079;0,008588163
8080;0
8081;0
8082;0
8083;0
8084;0
8085;0
8086;0
8087;0
8088;0
8089;0
8090;0
8091;0
8092;0
8093;0
8094;0
8095;0
8096;0
8097;0
8098;0,002304347
8099;0,0067231
8100;0,008563075
8101;0,227435
8102;0,164725
8103;0,0579678
8104;2,92E-05
8105;0
8106;0
8107;0
8108;0
8109;0
8110;0
8111;0
8112;0
8113;0
8114;0
8115;0
8116;0
8117;0
8118;0
8119;0
8120;0,046510175
8121;0,08247375
8122;0,20628375
8123;0,24622075
8124;0,3918025
8125;0,1719705
8126;0,04383225
8127;0,06169575
8128;2,10E-05
8129;0
8130;0
8131;0
8132;0
8133;0
8134;0
8135;0
8136;0
8137;0
8138;0
8139;0
8140;0
8141;0
8142;0
8143;0
8144;0
8145;0,013332775
8146;0,03210575
8147;0,053278
8148;0,0525085
8149;0,03930275
8150;0,02505275
8151;0,00681318
8152;0
8153;0
8154;0
8155;0
8156;0
8157;0
8158;0
8159;0
8160;0
8161;0
8162;0
8163;0
8164;0
8165;0
8166;0
8167;0
8168;0
8169;0,0276615
8170;0,05692325
8171;0,0643965
8172;0,04990825
8173;0,0543865
8174;0,03723675
8175;0,00720097
8176;0
8177;0
8178;0
8179;0
8180;0
8181;0
8182;0
8183;0
8184;0
8185;0
8186;0
8187;0
8188;0
8189;0
8190;0
8191;0
8192;0,00642575
8193;0,189515
8194;0,2362625
8195;0,34479
8196;0,3307775
8197;0,10666025
8198;0,02289825
8199;0,039306
8200;0
8201;0
8202;0
8203;0
8204;0
8205;0
8206;0
8207;0
8208;0
8209;0
8210;0
8211;0
8212;0
8213;0
8214;0
8215;0
8216;0,004619155
8217;0,15133925
8218;0,32394
8219;0,4096075
8220;0,388175
8221;0,2663575
8222;0,148161
8223;0,041577625
8224;0
8225;0
8226;0
8227;0
8228;0
8229;0
8230;0
8231;0
8232;0
8233;0
8234;0
8235;0
8236;0
8237;0
8238;0
8239;0
8240;0
8241;0,0653615
8242;0,10476475
8243;0,08550875
8244;0,4411375
8245;0,2341665
8246;0,11995525
8247;0,04452125
8248;0
8249;0
8250;0
8251;0
8252;0
8253;0
8254;0
8255;0
8256;0
8257;0
8258;0
8259;0
8260;0
8261;0
8262;0
8263;0
8264;0
8265;0
8266;0,008204375
8267;0,01888325
8268;0,01919075
8269;0,015611
8270;0,007954475
8271;0,001762858
8272;0
8273;0
8274;0
8275;0
8276;0
8277;0
8278;0
8279;0
8280;0
8281;0
8282;0
8283;0
8284;0
8285;0
8286;0
8287;0
8288;0
8289;0,00281582
8290;0,010705175
8291;0,01766925
8292;0,020409
8293;0,01655575
8294;0,00886145
8295;0,00172206
8296;0
8297;0
8298;0
8299;0
8300;0
8301;0
8302;0
8303;0
8304;0
8305;0
8306;0
8307;0
8308;0
8309;0
8310;0
8311;0
8312;0
8313;0,1020595
8314;0,3014075
8315;0,254045
8316;0,23868375
8317;0,17269675
8318;0,16833675
8319;0,0740145
8320;0
8321;0
8322;0
8323;0
8324;0
8325;0
8326;0
8327;0
8328;0
8329;0
8330;0
8331;0
8332;0
8333;0
8334;0
8335;0
8336;0
8337;0,005698338
8338;0,01966425
8339;0,010924025
8340;0,0225811
8341;0,3073525
8342;0,16419
8343;0,06083175
8344;0
8345;0
8346;0
8347;0
8348;0
8349;0
8350;0
8351;0
8352;0
8353;0
8354;0
8355;0
8356;0
8357;0
8358;0
8359;0
8360;0
8361;0,00748235
8362;0,023139
8363;0,036773
8364;0,03535375
8365;0,03041175
8366;0,017416
8367;0,003987205
8368;0
8369;0
8370;0
8371;0
8372;0
8373;0
8374;0
8375;0
8376;0
8377;0
8378;0
8379;0
8380;0
8381;0
8382;0
8383;0
8384;0
8385;0,0576044
8386;0,05842075
8387;0,0933895
8388;0,09374175
8389;0,08580725
8390;0,03533925
8391;0,025376175
8392;0
8393;0
8394;0
8395;0
8396;0
8397;0
8398;0
8399;0
8400;0
8401;0
8402;0
8403;0
8404;0
8405;0
8406;0
8407;0
8408;0
8409;0,0993005
8410;0,205905
8411;0,26721375
8412;0,35298
8413;0,2066475
8414;0,1675
8415;0,0670975
8416;0
8417;0
8418;0
8419;0
8420;0
8421;0
8422;0
8423;0
8424;0
8425;0
8426;0
8427;0
8428;0
8429;0
8430;0
8431;0
8432;0
8433;0
8434;0,00723395
8435;0,01584125
8436;0,018071
8437;0,01411125
8438;0,006915675
8439;0,001257442
8440;0
8441;0
8442;0
8443;0
8444;0
8445;0
8446;0
8447;0
8448;0
8449;0
8450;0
8451;0
8452;0
8453;0
8454;0
8455;0
8456;0
8457;0,00723525
8458;0,02067925
8459;0,03594575
8460;0,04042775
8461;0,0391785
8462;0,023264
8463;0,00657803
8464;0
8465;0
8466;0
8467;0
8468;0
8469;0
8470;0
8471;0
8472;0
8473;0
8474;0
8475;0
8476;0
8477;0
8478;0
8479;0
8480;0
8481;0,04355775
8482;0,04744625
8483;0,0510025
8484;0,075679
8485;0,05432025
8486;0,033791
8487;0,014457875
8488;0
8489;0
8490;0
8491;0
8492;0
8493;0
8494;0
8495;0
8496;0
8497;0
8498;0
8499;0
8500;0
8501;0
8502;0
8503;0
8504;0
8505;0
8506;0
8507;0,002102588
8508;0,004510825
8509;0,003612475
8510;0,00117452
8511;0
8512;0
8513;0
8514;0
8515;0
8516;0
8517;0
8518;0
8519;0
8520;0
8521;0
8522;0
8523;0
8524;0
8525;0
8526;0
8527;0
8528;0
8529;0,0858845
8530;0,2454625
8531;0,3997425
8532;0,16952225
8533;0,021008525
8534;0,003203325
8535;0,00822655
8536;0
8537;0
8538;0
8539;0
8540;0
8541;0
8542;0
8543;0
8544;0
8545;0
8546;0
8547;0
8548;0
8549;0
8550;0
8551;0
8552;0
8553;0
8554;0,0078994
8555;0,016882
8556;0,0178995
8557;0,01425575
8558;0,007509975
8559;0,001390205
8560;0
8561;0
8562;0
8563;0
8564;0
8565;0
8566;0
8567;0
8568;0
8569;0
8570;0
8571;0
8572;0
8573;0
8574;0
8575;0
8576;0
8577;0
8578;0,003374125
8579;0,0125385
8580;0,007395825
8581;0,233165
8582;0,16171975
8583;0,050496325
8584;6,15E-05
8585;0
8586;0
8587;0
8588;0
8589;0
8590;0
8591;0
8592;0
8593;0
8594;0
8595;0
8596;0
8597;0
8598;0
8599;0
8600;0
8601;0,02742445
8602;0,057665
8603;0,09731575
8604;0,13854675
8605;0,10772975
8606;0,06966075
8607;0,02048695
8608;3,98E-05
8609;0
8610;0
8611;0
8612;0
8613;0
8614;0
8615;0
8616;0
8617;0
8618;0
8619;0
8620;0
8621;0
8622;0
8623;0
8624;0
8625;0,00969695
8626;0,2225775
8627;0,14139475
8628;0,1364875
8629;0,09793075
8630;0,025159
8631;0,014232925
8632;3,58E-05
8633;0
8634;0
8635;0
8636;0
8637;0
8638;0
8639;0
8640;0
8641;0
8642;0
8643;0
8644;0
8645;0
8646;0
8647;0
8648;0
8649;0,035509275
8650;0,07159175
8651;0,1159555
8652;0,20510275
8653;0,1371775
8654;0,1476375
8655;0,06456865
8656;0,00019159
8657;0
8658;0
8659;0
8660;0
8661;0
8662;0
8663;0
8664;0
8665;0
8666;0
8667;0
8668;0
8669;0
8670;0
8671;0
8672;0
8673;0,0633696
8674;0,082553
8675;0,118713
8676;0,2641325
8677;0,1701775
8678;0,2309775
8679;0,054447525
8680;6,31E-05
8681;0
8682;0
8683;0
8684;0
8685;0
8686;0
8687;0
8688;0
8689;0
8690;0
8691;0
8692;0
8693;0
8694;0
8695;0
8696;0
8697;0,0840875
8698;0,13409875
8699;0,3304825
8700;0,255455
8701;0,15978175
8702;0,0293125
8703;0,0024203
8704;0
8705;0
8706;0
8707;0
8708;0
8709;0
8710;0
8711;0
8712;0
8713;0
8714;0
8715;0
8716;0
8717;0
8718;0
8719;0
8720;0
8721;0
8722;0,005320325
8723;0,01210475
8724;0,01416325
8725;0,01291975
8726;0,007197325
8727;0,00157212
8728;0
8729;0
8730;0
8731;0
8732;0
8733;0
8734;0
8735;0
8736;0
8737;0
8738;0
8739;0
8740;0
8741;0
8742;0
8743;0
8744;0
8745;0,01570295
8746;0,06010575
8747;0,0782295
8748;0,06650875
8749;0,054284
8750;0,021634925
8751;0,004624868
8752;0
8753;0
8754;0
8755;0
8756;0
8757;0
8758;0
8759;0
