id;solarthermal
0;0
1;0
2;0
3;0
4;0
5;0
6;0
7;0
8;0
9;0
10;0
11;0,000109847
12;5,75E-05
13;1,07E-05
14;0
15;0
16;0
17;0
18;0
19;0
20;0
21;0
22;0
23;0
24;0
25;0
26;0
27;0
28;0
29;0
30;0
31;0
32;0
33;0
34;0
35;0
36;0
37;0
38;0
39;0
40;0
41;0
42;0
43;0
44;0
45;0
46;0
47;0
48;0
49;0
50;0
51;0
52;0
53;0
54;0
55;0
56;0
57;3,49E-05
58;0,000150798
59;0,000159102
60;0,000161124
61;0,000109314
62;5,33E-05
63;0
64;0
65;0
66;0
67;0
68;0
69;0
70;0
71;0
72;0
73;0
74;0
75;0
76;0
77;0
78;0
79;0
80;0
81;6,07E-05
82;0,000192521
83;0,000310181
84;0,000366858
85;0,000326288
86;0,000259275
87;6,78E-05
88;0
89;0
90;0
91;0
92;0
93;0
94;0
95;0
96;0
97;0
98;0
99;0
100;0
101;0
102;0
103;0
104;0
105;0
106;0
107;0
108;0
109;0
110;0
111;0
112;0
113;0
114;0
115;0
116;0
117;0
118;0
119;0
120;0
121;0
122;0
123;0
124;0
125;0
126;0
127;0
128;0
129;0
130;8,84E-05
131;0,000127222
132;9,81E-05
133;0,000117421
134;5,61E-05
135;0
136;0
137;0
138;0
139;0
140;0
141;0
142;0
143;0
144;0
145;0
146;0
147;0
148;0
149;0
150;0
151;0
152;0
153;0
154;0
155;0
156;0
157;0
158;0
159;0
160;0
161;0
162;0
163;0
164;0
165;0
166;0
167;0
168;0
169;0
170;0
171;0
172;0
173;0
174;0
175;0
176;0
177;0
178;0
179;0
180;0
181;0
182;0
183;0
184;0
185;0
186;0
187;0
188;0
189;0
190;0
191;0
192;0
193;0
194;0
195;0
196;0
197;0
198;0
199;0
200;0
201;0
202;0
203;0
204;0
205;4,30E-05
206;1,11E-05
207;0
208;0
209;0
210;0
211;0
212;0
213;0
214;0
215;0
216;0
217;0
218;0
219;0
220;0
221;0
222;0
223;0
224;0
225;0
226;0
227;0
228;0
229;7,80E-05
230;0,000210817
231;8,54E-05
232;0
233;0
234;0
235;0
236;0
237;0
238;0
239;0
240;0
241;0
242;0
243;0
244;0
245;0
246;0
247;0
248;0
249;0
250;0,000149304
251;0,000220735
252;0,000299912
253;0,000226209
254;0,000111102
255;0
256;0
257;0
258;0
259;0
260;0
261;0
262;0
263;0
264;0
265;0
266;0
267;0
268;0
269;0
270;0
271;0
272;0
273;2,97E-05
274;0,000182673
275;0,000296297
276;0,000297783
277;0,000228188
278;0,000166466
279;1,83E-05
280;0
281;0
282;0
283;0
284;0
285;0
286;0
287;0
288;0
289;0
290;0
291;0
292;0
293;0
294;0
295;0
296;0
297;0
298;1,52E-05
299;0,000114906
300;0,000109831
301;9,03E-05
302;1,75E-05
303;0
304;0
305;0
306;0
307;0
308;0
309;0
310;0
311;0
312;0
313;0
314;0
315;0
316;0
317;0
318;0
319;0
320;0
321;0
322;0
323;0
324;0
325;0
326;0
327;0
328;0
329;0
330;0
331;0
332;0
333;0
334;0
335;0
336;0
337;0
338;0
339;0
340;0
341;0
342;0
343;0
344;0
345;0
346;0
347;0
348;0
349;0
350;0
351;0
352;0
353;0
354;0
355;0
356;0
357;0
358;0
359;0
360;0
361;0
362;0
363;0
364;0
365;0
366;0
367;0
368;0
369;0
370;0
371;0
372;0
373;0
374;0
375;0
376;0
377;0
378;0
379;0
380;0
381;0
382;0
383;0
384;0
385;0
386;0
387;0
388;0
389;0
390;0
391;0
392;0
393;0
394;0,000118888
395;0,000185703
396;0,000217961
397;0,000236044
398;0,000142892
399;0
400;0
401;0
402;0
403;0
404;0
405;0
406;0
407;0
408;0
409;0
410;0
411;0
412;0
413;0
414;0
415;0
416;0
417;0
418;0,000122938
419;0,00016219
420;0,000169488
421;0,000143255
422;8,96E-06
423;0
424;0
425;0
426;0
427;0
428;0
429;0
430;0
431;0
432;0
433;0
434;0
435;0
436;0
437;0
438;0
439;0
440;0
441;0
442;0
443;0
444;0
445;0,000172527
446;0,000188226
447;1,17E-05
448;0
449;0
450;0
451;0
452;0
453;0
454;0
455;0
456;0
457;0
458;0
459;0
460;0
461;0
462;0
463;0
464;0
465;0
466;0
467;0
468;0
469;0
470;0
471;0
472;0
473;0
474;0
475;0
476;0
477;0
478;0
479;0
480;0
481;0
482;0
483;0
484;0
485;0
486;0
487;0
488;0
489;0
490;0
491;0
492;0
493;0
494;0
495;0
496;0
497;0
498;0
499;0
500;0
501;0
502;0
503;0
504;0
505;0
506;0
507;0
508;0
509;0
510;0
511;0
512;0
513;0
514;0
515;0
516;0
517;0
518;0
519;0
520;0
521;0
522;0
523;0
524;0
525;0
526;0
527;0
528;0
529;0
530;0
531;0
532;0
533;0
534;0
535;0
536;0
537;0
538;0
539;0
540;0
541;0
542;0
543;0
544;0
545;0
546;0
547;0
548;0
549;0
550;0
551;0
552;0
553;0
554;0
555;0
556;0
557;0
558;0
559;0
560;0
561;0
562;7,29E-05
563;0,00020886
564;0,000213923
565;0,000325277
566;0,000263635
567;6,82E-05
568;0
569;0
570;0
571;0
572;0
573;0
574;0
575;0
576;0
577;0
578;0
579;0
580;0
581;0
582;0
583;0
584;0
585;0
586;0
587;0
588;0
589;0,000104009
590;0,000172631
591;0,000106502
592;0
593;0
594;0
595;0
596;0
597;0
598;0
599;0
600;0
601;0
602;0
603;0
604;0
605;0
606;0
607;0
608;0
609;1,09E-06
610;0,000104517
611;0,000183284
612;0,000328723
613;0,000381931
614;0,000272879
615;0,000123307
616;0
617;0
618;0
619;0
620;0
621;0
622;0
623;0
624;0
625;0
626;0
627;0
628;0
629;0
630;0
631;0
632;0
633;0
634;0
635;0
636;0
637;0
638;0
639;0
640;0
641;0
642;0
643;0
644;0
645;0
646;0
647;0
648;0
649;0
650;0
651;0
652;0
653;0
654;0
655;0
656;0
657;5,68E-05
658;0,000303394
659;0,000385531
660;0,000412698
661;0,000369032
662;0,000292848
663;0,000158694
664;0
665;0
666;0
667;0
668;0
669;0
670;0
671;0
672;0
673;0
674;0
675;0
676;0
677;0
678;0
679;0
680;0
681;0
682;0
683;0
684;0
685;9,00E-05
686;1,89E-05
687;0
688;0
689;0
690;0
691;0
692;0
693;0
694;0
695;0
696;0
697;0
698;0
699;0
700;0
701;0
702;0
703;0
704;0
705;0
706;0
707;0
708;0
709;8,11E-05
710;1,14E-05
711;0
712;0
713;0
714;0
715;0
716;0
717;0
718;0
719;0
720;0
721;0
722;0
723;0
724;0
725;0
726;0
727;0
728;0
729;0
730;0
731;0
732;0
733;0
734;0
735;0
736;0
737;0
738;0
739;0
740;0
741;0
742;0
743;0
744;0
745;0
746;0
747;0
748;0
749;0
750;0
751;0
752;0
753;0,000125218
754;0,000185864
755;9,70E-05
756;0,00010343
757;0,000107715
758;0
759;0
760;0
761;0
762;0
763;0
764;0
765;0
766;0
767;0
768;0
769;0
770;0
771;0
772;0
773;0
774;0
775;0
776;0
777;0
778;0
779;0
780;0
781;0
782;0
783;0
784;0
785;0
786;0
787;0
788;0
789;0
790;0
791;0
792;0
793;0
794;0
795;0
796;0
797;0
798;0
799;0
800;0
801;8,36E-05
802;8,76E-05
803;5,59E-05
804;4,11E-05
805;0
806;0
807;0
808;0
809;0
810;0
811;0
812;0
813;0
814;0
815;0
816;0
817;0
818;0
819;0
820;0
821;0
822;0
823;0
824;0
825;0
826;0
827;0
828;0
829;0
830;0
831;0
832;0
833;0
834;0
835;0
836;0
837;0
838;0
839;0
840;0
841;0
842;0
843;0
844;0
845;0
846;0
847;0
848;0
849;0
850;0
851;0
852;0
853;0
854;0
855;0
856;0
857;0
858;0
859;0
860;0
861;0
862;0
863;0
864;0
865;0
866;0
867;0
868;0
869;0
870;0
871;0
872;0
873;0
874;0
875;0
876;0
877;0
878;0
879;0
880;0
881;0
882;0
883;0
884;0
885;0
886;0
887;0
888;0
889;0
890;0
891;0
892;0
893;0
894;0
895;0
896;0
897;0,000130425
898;0,000290973
899;0,000316863
900;0,000314012
901;0,000306228
902;0,000264135
903;0,000116106
904;0
905;0
906;0
907;0
908;0
909;0
910;0
911;0
912;0
913;0
914;0
915;0
916;0
917;0
918;0
919;0
920;0
921;0
922;0
923;0
924;2,25E-05
925;0,000319527
926;0
927;0
928;0
929;0
930;0
931;0
932;0
933;0
934;0
935;0
936;0
937;0
938;0
939;0
940;0
941;0
942;0
943;0
944;0
945;0
946;0
947;0,00011223
948;7,00E-05
949;8,72E-06
950;0
951;0
952;0
953;0
954;0
955;0
956;0
957;0
958;0
959;0
960;0
961;0
962;0
963;0
964;0
965;0
966;0
967;0
968;0
969;0
970;0
971;0
972;7,65E-06
973;0,000383553
974;0,000323005
975;3,51E-05
976;0
977;0
978;0
979;0
980;0
981;0
982;0
983;0
984;0
985;0
986;0
987;0
988;0
989;0
990;0
991;0
992;0
993;0
994;0
995;0
996;0
997;0
998;0
999;0
1000;0
1001;0
1002;0
1003;0
1004;0
1005;0
1006;0
1007;0
1008;0
1009;0
1010;0
1011;0
1012;0
1013;0
1014;0
1015;0
1016;0
1017;1,73E-05
1018;0,000201802
1019;0,000327176
1020;0,000323571
1021;0,000307451
1022;0,000195549
1023;0,000101819
1024;0
1025;0
1026;0
1027;0
1028;0
1029;0
1030;0
1031;0
1032;0
1033;0
1034;0
1035;0
1036;0
1037;0
1038;0
1039;0
1040;0
1041;0,000182591
1042;0,000340263
1043;0,000207101
1044;6,97E-05
1045;1,15E-05
1046;0
1047;0
1048;0
1049;0
1050;0
1051;0
1052;0
1053;0
1054;0
1055;0
1056;0
1057;0
1058;0
1059;0
1060;0
1061;0
1062;0
1063;0
1064;0
1065;0
1066;0
1067;0
1068;1,76E-05
1069;2,97E-05
1070;0
1071;0
1072;0
1073;0
1074;0
1075;0
1076;0
1077;0
1078;0
1079;0
1080;0
1081;0
1082;0
1083;0
1084;0
1085;0
1086;0
1087;0
1088;0
1089;0
1090;0
1091;0
1092;0
1093;0,000136772
1094;8,08E-05
1095;0,000204937
1096;2,85E-05
1097;0
1098;0
1099;0
1100;0
1101;0
1102;0
1103;0
1104;0
1105;0
1106;0
1107;0
1108;0
1109;0
1110;0
1111;0
1112;0
1113;0
1114;0
1115;0
1116;3,82E-05
1117;4,96E-06
1118;0
1119;0
1120;0
1121;0
1122;0
1123;0
1124;0
1125;0
1126;0
1127;0
1128;0
1129;0
1130;0
1131;0
1132;0
1133;0
1134;0
1135;0
1136;9,36E-07
1137;0,000199137
1138;0,000366768
1139;0,000480232
1140;0,000512288
1141;0,000482452
1142;0,000388361
1143;0,000248246
1144;2,22E-05
1145;0
1146;0
1147;0
1148;0
1149;0
1150;0
1151;0
1152;0
1153;0
1154;0
1155;0
1156;0
1157;0
1158;0
1159;0
1160;0
1161;0
1162;0
1163;0
1164;0
1165;0
1166;0
1167;0
1168;0
1169;0
1170;0
1171;0
1172;0
1173;0
1174;0
1175;0
1176;0
1177;0
1178;0
1179;0
1180;0
1181;0
1182;0
1183;0
1184;0
1185;0
1186;0
1187;0
1188;0
1189;0,000160503
1190;0,000142768
1191;6,03E-05
1192;0
1193;0
1194;0
1195;0
1196;0
1197;0
1198;0
1199;0
1200;0
1201;0
1202;0
1203;0
1204;0
1205;0
1206;0
1207;0
1208;0
1209;0
1210;0
1211;0
1212;0
1213;0
1214;0
1215;0
1216;0
1217;0
1218;0
1219;0
1220;0
1221;0
1222;0
1223;0
1224;0
1225;0
1226;0
1227;0
1228;0
1229;0
1230;0
1231;0
1232;0
1233;0
1234;0
1235;0
1236;0
1237;0
1238;0
1239;0
1240;0
1241;0
1242;0
1243;0
1244;0
1245;0
1246;0
1247;0
1248;0
1249;0
1250;0
1251;0
1252;0
1253;0
1254;0
1255;0
1256;0
1257;9,72E-05
1258;0,000247999
1259;6,61E-05
1260;9,66E-05
1261;0,000176982
1262;0
1263;0
1264;0
1265;0
1266;0
1267;0
1268;0
1269;0
1270;0
1271;0
1272;0
1273;0
1274;0
1275;0
1276;0
1277;0
1278;0
1279;0
1280;0
1281;0
1282;0
1283;0
1284;3,43E-05
1285;6,79E-05
1286;3,13E-05
1287;0
1288;0
1289;0
1290;0
1291;0
1292;0
1293;0
1294;0
1295;0
1296;0
1297;0
1298;0
1299;0
1300;0
1301;0
1302;0
1303;0
1304;0
1305;0,000202171
1306;0,000375962
1307;0,000481389
1308;0,000498849
1309;0,00045847
1310;0,000370128
1311;0,000223691
1312;1,42E-05
1313;0
1314;0
1315;0
1316;0
1317;0
1318;0
1319;0
1320;0
1321;0
1322;0
1323;0
1324;0
1325;0
1326;0
1327;0
1328;0
1329;0,000200005
1330;0,000201496
1331;0,000301627
1332;0,000354029
1333;0,000292028
1334;0,000307866
1335;0,000201327
1336;4,22E-05
1337;0
1338;0
1339;0
1340;0
1341;0
1342;0
1343;0
1344;0
1345;0
1346;0
1347;0
1348;0
1349;0
1350;0
1351;0
1352;0
1353;0,00015321
1354;0,000360565
1355;0,000376424
1356;0,000214012
1357;0,000138338
1358;2,56E-05
1359;0
1360;0
1361;0
1362;0
1363;0
1364;0
1365;0
1366;0
1367;0
1368;0
1369;0
1370;0
1371;0
1372;0
1373;0
1374;0
1375;0
1376;0
1377;0
1378;0
1379;5,20E-05
1380;7,99E-05
1381;7,90E-05
1382;6,26E-05
1383;1,93E-05
1384;0
1385;0
1386;0
1387;0
1388;0
1389;0
1390;0
1391;0
1392;0
1393;0
1394;0
1395;0
1396;0
1397;0
1398;0
1399;0
1400;0
1401;0
1402;2,80E-05
1403;5,61E-05
1404;8,74E-05
1405;8,23E-05
1406;4,82E-05
1407;2,85E-05
1408;0
1409;0
1410;0
1411;0
1412;0
1413;0
1414;0
1415;0
1416;0
1417;0
1418;0
1419;0
1420;0
1421;0
1422;0
1423;0
1424;0
1425;0
1426;6,92E-06
1427;5,10E-05
1428;7,07E-05
1429;4,62E-05
1430;0
1431;0
1432;0
1433;0
1434;0
1435;0
1436;0
1437;0
1438;0
1439;0
1440;0
1441;0
1442;0
1443;0
1444;0
1445;0
1446;0
1447;0
1448;0
1449;0
1450;0
1451;0
1452;0
1453;0
1454;0
1455;0
1456;0
1457;0
1458;0
1459;0
1460;0
1461;0
1462;0
1463;0
1464;0
1465;0
1466;0
1467;0
1468;0
1469;0
1470;0
1471;0
1472;0
1473;0
1474;0
1475;2,45E-05
1476;3,96E-05
1477;0
1478;0
1479;0
1480;0
1481;0
1482;0
1483;0
1484;0
1485;0
1486;0
1487;0
1488;0
1489;0
1490;0
1491;0
1492;0
1493;0
1494;0
1495;0
1496;0
1497;0
1498;0
1499;0,000154356
1500;0,000279119
1501;0,00013578
1502;8,22E-06
1503;0
1504;0
1505;0
1506;0
1507;0
1508;0
1509;0
1510;0
1511;0
1512;0
1513;0
1514;0
1515;0
1516;0
1517;0
1518;0
1519;0
1520;0
1521;0
1522;6,66E-06
1523;0,000133011
1524;0,000252979
1525;0,000251901
1526;0,000252298
1527;0,000137008
1528;3,16E-05
1529;0
1530;0
1531;0
1532;0
1533;0
1534;0
1535;0
1536;0
1537;0
1538;0
1539;0
1540;0
1541;0
1542;0
1543;0
1544;0
1545;0
1546;0
1547;0
1548;0
1549;6,17E-05
1550;0
1551;0
1552;0
1553;0
1554;0
1555;0
1556;0
1557;0
1558;0
1559;0
1560;0
1561;0
1562;0
1563;0
1564;0
1565;0
1566;0
1567;0
1568;0
1569;0
1570;0
1571;0
1572;0
1573;0,000168194
1574;0,000150896
1575;3,88E-05
1576;0
1577;0
1578;0
1579;0
1580;0
1581;0
1582;0
1583;0
1584;0
1585;0
1586;0
1587;0
1588;0
1589;0
1590;0
1591;0
1592;0
1593;0
1594;0
1595;0
1596;0
1597;0,000192496
1598;0,000155301
1599;6,70E-05
1600;0
1601;0
1602;0
1603;0
1604;0
1605;0
1606;0
1607;0
1608;0
1609;0
1610;0
1611;0
1612;0
1613;0
1614;0
1615;0
1616;0
1617;0
1618;5,46E-05
1619;0,000236222
1620;0,000224698
1621;0,000227316
1622;0,000176075
1623;5,38E-05
1624;2,18E-05
1625;0
1626;0
1627;0
1628;0
1629;0
1630;0
1631;0
1632;0
1633;0
1634;0
1635;0
1636;0
1637;0
1638;0
1639;0
1640;0
1641;0
1642;0
1643;0
1644;0
1645;0
1646;0
1647;0
1648;0
1649;0
1650;0
1651;0
1652;0
1653;0
1654;0
1655;0
1656;0
1657;0
1658;0
1659;0
1660;0
1661;0
1662;0
1663;0
1664;0
1665;0
1666;9,41E-05
1667;0,000188454
1668;0,000130674
1669;0
1670;0
1671;0
1672;0
1673;0
1674;0
1675;0
1676;0
1677;0
1678;0
1679;0
1680;0
1681;0
1682;0
1683;0
1684;0
1685;0
1686;0
1687;0
1688;4,60E-06
1689;0,000139
1690;0,000246615
1691;0,000329593
1692;0,000357811
1693;0,000335866
1694;0,000264481
1695;0,000157783
1696;3,16E-05
1697;0
1698;0
1699;0
1700;0
1701;0
1702;0
1703;0
1704;0
1705;0
1706;0
1707;0
1708;0
1709;0
1710;0
1711;0
1712;0
1713;0
1714;0
1715;0
1716;0
1717;0
1718;0
1719;0
1720;0
1721;0
1722;0
1723;0
1724;0
1725;0
1726;0
1727;0
1728;0
1729;0
1730;0
1731;0
1732;0
1733;0
1734;0
1735;0
1736;0
1737;0
1738;0
1739;0
1740;0
1741;0
1742;0
1743;0
1744;0
1745;0
1746;0
1747;0
1748;0
1749;0
1750;0
1751;0
1752;0
1753;0
1754;0
1755;0
1756;0
1757;0
1758;0
1759;0
1760;0
1761;0
1762;5,62E-05
1763;6,32E-05
1764;0
1765;0
1766;0
1767;0
1768;0
1769;0
1770;0
1771;0
1772;0
1773;0
1774;0
1775;0
1776;0
1777;0
1778;0
1779;0
1780;0
1781;0
1782;0
1783;0
1784;0
1785;0
1786;0
1787;7,97E-05
1788;6,56E-05
1789;6,03E-05
1790;1,76E-05
1791;0
1792;0
1793;0
1794;0
1795;0
1796;0
1797;0
1798;0
1799;0
1800;0
1801;0
1802;0
1803;0
1804;0
1805;0
1806;0
1807;0
1808;0
1809;8,84E-05
1810;0,000153692
1811;0,000310006
1812;0,000289148
1813;0,000287718
1814;0,000260847
1815;0,000113526
1816;1,44E-05
1817;0
1818;0
1819;0
1820;0
1821;0
1822;0
1823;0
1824;0
1825;0
1826;0
1827;0
1828;0
1829;0
1830;0
1831;0
1832;0
1833;0
1834;3,95E-05
1835;5,28E-05
1836;0,000100208
1837;6,99E-05
1838;3,27E-05
1839;0
1840;0
1841;0
1842;0
1843;0
1844;0
1845;0
1846;0
1847;0
1848;0
1849;0
1850;0
1851;0
1852;0
1853;0
1854;0
1855;0
1856;0,000121165
1857;0,00030413
1858;0,00044926
1859;0,00054295
1860;0,000573743
1861;0,000540448
1862;0,000449437
1863;0,000308648
1864;0,00013305
1865;0
1866;0
1867;0
1868;0
1869;0
1870;0
1871;0
1872;0
1873;0
1874;0
1875;0
1876;0
1877;0
1878;0
1879;0
1880;7,80E-05
1881;0,000229248
1882;0,000364022
1883;0,000448421
1884;0,000492068
1885;0,000415205
1886;0,000343099
1887;0,00024855
1888;9,27E-05
1889;0
1890;0
1891;0
1892;0
1893;0
1894;0
1895;0
1896;0
1897;0
1898;0
1899;0
1900;0
1901;0
1902;0
1903;0
1904;8,60E-05
1905;0,000254496
1906;0,000382088
1907;0,000468728
1908;0,000499452
1909;0,000466209
1910;0,000389445
1911;0,000263582
1912;0,000108523
1913;0
1914;0
1915;0
1916;0
1917;0
1918;0
1919;0
1920;0
1921;0
1922;0
1923;0
1924;0
1925;0
1926;0
1927;0
1928;9,97E-05
1929;0,000279357
1930;0,000409686
1931;0,000480566
1932;0,000518839
1933;0,000473164
1934;0,000402732
1935;0,000271113
1936;0,000108207
1937;0
1938;0
1939;0
1940;0
1941;0
1942;0
1943;0
1944;0
1945;0
1946;0
1947;0
1948;0
1949;0
1950;0
1951;0
1952;0
1953;0
1954;6,24E-05
1955;8,47E-05
1956;9,80E-05
1957;8,30E-05
1958;5,99E-05
1959;4,96E-06
1960;0
1961;0
1962;0
1963;0
1964;0
1965;0
1966;0
1967;0
1968;0
1969;0
1970;0
1971;0
1972;0
1973;0
1974;0
1975;0
1976;0,000162102
1977;0,000271763
1978;0,000302015
1979;0,000263304
1980;0,000123614
1981;9,19E-05
1982;0
1983;0
1984;0
1985;0
1986;0
1987;0
1988;0
1989;0
1990;0
1991;0
1992;0
1993;0
1994;0
1995;0
1996;0
1997;0
1998;0
1999;0
2000;0,000122014
2001;0,000301758
2002;0,000426859
2003;0,000500715
2004;0,000534468
2005;0,000493444
2006;0,000400618
2007;0,000268707
2008;0,000105697
2009;0
2010;0
2011;0
2012;0
2013;0
2014;0
2015;0
2016;0
2017;0
2018;0
2019;0
2020;0
2021;0
2022;0
2023;0
2024;0
2025;0,000117945
2026;0,000208259
2027;0,000206677
2028;0,000205118
2029;0,000194848
2030;0,000164124
2031;0,00012344
2032;8,04E-06
2033;0
2034;0
2035;0
2036;0
2037;0
2038;0
2039;0
2040;0
2041;0
2042;0
2043;0
2044;0
2045;0
2046;0
2047;0
2048;0
2049;6,88E-05
2050;0,000163371
2051;0,000188824
2052;0,000214769
2053;0,000163959
2054;0,000128995
2055;8,89E-05
2056;0
2057;0
2058;0
2059;0
2060;0
2061;0
2062;0
2063;0
2064;0
2065;0
2066;0
2067;0
2068;0
2069;0
2070;0
2071;0
2072;4,35E-05
2073;0,000218163
2074;0,00029817
2075;0,000399094
2076;0,000451682
2077;0,000418316
2078;0,000356255
2079;0,000231233
2080;0,000101732
2081;0
2082;0
2083;0
2084;0
2085;0
2086;0
2087;0
2088;0
2089;0
2090;0
2091;0
2092;0
2093;0
2094;0
2095;0
2096;0
2097;0
2098;0
2099;0
2100;0
2101;0,000167433
2102;0,000121874
2103;6,73E-05
2104;9,58E-07
2105;0
2106;0
2107;0
2108;0
2109;0
2110;0
2111;0
2112;0
2113;0
2114;0
2115;0
2116;0
2117;0
2118;0
2119;0
2120;0
2121;0
2122;0
2123;0
2124;0
2125;0,000177282
2126;0,000128392
2127;6,58E-05
2128;5,36E-07
2129;0
2130;0
2131;0
2132;0
2133;0
2134;0
2135;0
2136;0
2137;0
2138;0
2139;0
2140;0
2141;0
2142;0
2143;0
2144;0
2145;3,79E-05
2146;0,000112232
2147;0,000145721
2148;9,92E-05
2149;5,57E-05
2150;4,87E-05
2151;1,37E-05
2152;0
2153;0
2154;0
2155;0
2156;0
2157;0
2158;0
2159;0
2160;0
2161;0
2162;0
2163;0
2164;0
2165;0
2166;0
2167;0
2168;0,000103789
2169;0,000260881
2170;0,000404302
2171;0,000471722
2172;0,000502722
2173;0,000472123
2174;0,000401535
2175;0,000277586
2176;0,00011296
2177;0
2178;0
2179;0
2180;0
2181;0
2182;0
2183;0
2184;0
2185;0
2186;0
2187;0
2188;0
2189;0
2190;0
2191;0
2192;0
2193;0
2194;0
2195;1,60E-05
2196;2,15E-05
2197;1,34E-05
2198;2,93E-06
2199;0
2200;0
2201;0
2202;0
2203;0
2204;0
2205;0
2206;0
2207;0
2208;0
2209;0
2210;0
2211;0
2212;0
2213;0
2214;0
2215;0
2216;0
2217;0
2218;0
2219;0
2220;0
2221;0
2222;0
2223;0
2224;0
2225;0
2226;0
2227;0
2228;0
2229;0
2230;0
2231;0
2232;0
2233;0
2234;0
2235;0
2236;0
2237;0
2238;0
2239;0
2240;0,00010113
2241;0,000172492
2242;0,000277917
2243;0,000331907
2244;0,000441765
2245;0,000422142
2246;0,000337727
2247;0,000243196
2248;8,00E-05
2249;0
2250;0
2251;0
2252;0
2253;0
2254;0
2255;0
2256;0
2257;0
2258;0
2259;0
2260;0
2261;0
2262;0
2263;0
2264;0,000186762
2265;0,000365945
2266;0,000505959
2267;0,000591865
2268;0,00061812
2269;0,000584584
2270;0,000493787
2271;0,00034989
2272;0,000175157
2273;0
2274;0
2275;0
2276;0
2277;0
2278;0
2279;0
2280;0
2281;0
2282;0
2283;0
2284;0
2285;0
2286;0
2287;0
2288;0
2289;0
2290;0
2291;0
2292;0
2293;0
2294;0
2295;0
2296;0
2297;0
2298;0
2299;0
2300;0
2301;0
2302;0
2303;0
2304;0
2305;0
2306;0
2307;0
2308;0
2309;0
2310;0
2311;0
2312;2,30E-05
2313;0,000102547
2314;0,000142895
2315;0,000179072
2316;0,000185988
2317;0,00017796
2318;0,000136584
2319;8,14E-05
2320;2,30E-05
2321;0
2322;0
2323;0
2324;0
2325;0
2326;0
2327;0
2328;0
2329;0
2330;0
2331;0
2332;0
2333;0
2334;0
2335;0
2336;1,27E-06
2337;0,000268892
2338;0,000365996
2339;0,000323238
2340;0,000369945
2341;0,000145525
2342;0,000177483
2343;0,000210448
2344;6,28E-05
2345;0
2346;0
2347;0
2348;0
2349;0
2350;0
2351;0
2352;0
2353;0
2354;0
2355;0
2356;0
2357;0
2358;0
2359;0
2360;1,15E-06
2361;8,68E-05
2362;0,000141973
2363;0,000155053
2364;0,000152501
2365;0,000144516
2366;0,000107974
2367;6,21E-05
2368;5,81E-06
2369;0
2370;0
2371;0
2372;0
2373;0
2374;0
2375;0
2376;0
2377;0
2378;0
2379;0
2380;0
2381;0
2382;0
2383;2,99E-06
2384;0,000199591
2385;0,000199772
2386;0,000306794
2387;0,000284609
2388;0,000145864
2389;0
2390;0
2391;0
2392;0
2393;0
2394;0
2395;0
2396;0
2397;0
2398;0
2399;0
2400;0
2401;0
2402;0
2403;0
2404;0
2405;0
2406;0
2407;0
2408;0
2409;0
2410;0
2411;0
2412;6,25E-06
2413;9,45E-05
2414;0,00026053
2415;0,00035659
2416;0,000209752
2417;1,72E-05
2418;0
2419;0
2420;0
2421;0
2422;0
2423;0
2424;0
2425;0
2426;0
2427;0
2428;0
2429;0
2430;0
2431;0
2432;0
2433;0
2434;3,13E-06
2435;6,23E-05
2436;7,11E-05
2437;0,000154877
2438;0,000158767
2439;0,000169005
2440;0,000111382
2441;0
2442;0
2443;0
2444;0
2445;0
2446;0
2447;0
2448;0
2449;0
2450;0
2451;0
2452;0
2453;0
2454;0
2455;0
2456;0
2457;0
2458;0
2459;0
2460;0
2461;1,98E-05
2462;0,000103629
2463;0,000120448
2464;4,62E-05
2465;0
2466;0
2467;0
2468;0
2469;0
2470;0
2471;0
2472;0
2473;0
2474;0
2475;0
2476;0
2477;0
2478;0
2479;0
2480;0
2481;0
2482;0
2483;8,68E-05
2484;0,000258538
2485;0,000151092
2486;2,47E-05
2487;0
2488;0
2489;0
2490;0
2491;0
2492;0
2493;0
2494;0
2495;0
2496;0
2497;0
2498;0
2499;0
2500;0
2501;0
2502;0
2503;0
2504;0,000176319
2505;0,000347573
2506;0,000476637
2507;0,00055969
2508;0,000584042
2509;0,00055046
2510;0,000462225
2511;0,000324624
2512;0,000152574
2513;0
2514;0
2515;0
2516;0
2517;0
2518;0
2519;0
2520;0
2521;0
2522;0
2523;0
2524;0
2525;0
2526;0
2527;0
2528;0
2529;0
2530;0
2531;1,97E-05
2532;0
2533;0
2534;0
2535;0
2536;0
2537;0
2538;0
2539;0
2540;0
2541;0
2542;0
2543;0
2544;0
2545;0
2546;0
2547;0
2548;0
2549;0
2550;0
2551;0
2552;0
2553;0
2554;0
2555;0
2556;0
2557;0
2558;0
2559;0
2560;0
2561;0
2562;0
2563;0
2564;0
2565;0
2566;0
2567;0
2568;0
2569;0
2570;0
2571;0
2572;0
2573;0
2574;0
2575;0
2576;0
2577;0,000110926
2578;0,000201283
2579;0,00042198
2580;0,000614381
2581;0,00024806
2582;8,40E-05
2583;0,000128677
2584;0
2585;0
2586;0
2587;0
2588;0
2589;0
2590;0
2591;0
2592;0
2593;0
2594;0
2595;0
2596;0
2597;0
2598;0
2599;0
2600;0
2601;0
2602;5,88E-05
2603;0,000522027
2604;0,000483721
2605;0,000465027
2606;0,000318016
2607;0,000105026
2608;0
2609;0
2610;0
2611;0
2612;0
2613;0
2614;0
2615;0
2616;0
2617;0
2618;0
2619;0
2620;0
2621;0
2622;0
2623;0
2624;0,000178771
2625;0,000289576
2626;0,00051675
2627;6,85E-05
2628;0
2629;2,16E-05
2630;0
2631;0
2632;0
2633;0
2634;0
2635;0
2636;0
2637;0
2638;0
2639;0
2640;0
2641;0
2642;0
2643;0
2644;0
2645;0
2646;0
2647;0
2648;0,000113423
2649;0,000247739
2650;0,000344918
2651;0,000417362
2652;0,000426418
2653;0,000379412
2654;0,000316638
2655;0,000212374
2656;7,96E-05
2657;0
2658;0
2659;0
2660;0
2661;0
2662;0
2663;0
2664;0
2665;0
2666;0
2667;0
2668;0
2669;0
2670;0
2671;0
2672;4,95E-05
2673;0,000176447
2674;0,000276763
2675;0,000431137
2676;0,000349579
2677;0,000285197
2678;0,000189995
2679;0,000164346
2680;6,52E-05
2681;0
2682;0
2683;0
2684;0
2685;0
2686;0
2687;0
2688;0
2689;0
2690;0
2691;0
2692;0
2693;0
2694;0
2695;0
2696;0,000102272
2697;0,00021032
2698;0,00028626
2699;0,000342457
2700;0,000370497
2701;0,000327716
2702;0,000266401
2703;0,000172051
2704;7,20E-05
2705;0
2706;0
2707;0
2708;0
2709;0
2710;0
2711;0
2712;0
2713;0
2714;0
2715;0
2716;0
2717;0
2718;0
2719;0
2720;0,000166264
2721;0,00033131
2722;0,000458527
2723;0,000537609
2724;0,000559761
2725;0,000524829
2726;0,000433143
2727;0,000294983
2728;0,000127905
2729;0
2730;0
2731;0
2732;0
2733;0
2734;0
2735;0
2736;0
2737;0
2738;0
2739;0
2740;0
2741;0
2742;0
2743;2,52E-05
2744;0,000212395
2745;0,00038907
2746;0,000498191
2747;0,000193891
2748;0,000197944
2749;0,000187886
2750;0,000136196
2751;9,79E-05
2752;2,29E-05
2753;0
2754;0
2755;0
2756;0
2757;0
2758;0
2759;0
2760;0
2761;0
2762;0
2763;0
2764;0
2765;0
2766;0
2767;0
2768;0
2769;0
2770;8,12E-06
2771;3,36E-05
2772;3,50E-05
2773;3,91E-06
2774;0
2775;0
2776;0
2777;0
2778;0
2779;0
2780;0
2781;0
2782;0
2783;0
2784;0
2785;0
2786;0
2787;0
2788;0
2789;0
2790;0
2791;0
2792;7,89E-05
2793;0,000178732
2794;0,000238146
2795;0,000286347
2796;0,000297069
2797;0,000279239
2798;0,000231788
2799;0,000157948
2800;6,43E-05
2801;0
2802;0
2803;0
2804;0
2805;0
2806;0
2807;0
2808;0
2809;0
2810;0
2811;0
2812;0
2813;0
2814;0
2815;8,92E-06
2816;6,27E-05
2817;0,000331604
2818;0,000505087
2819;0,000259313
2820;0
2821;0
2822;0
2823;0
2824;0
2825;0
2826;0
2827;0
2828;0
2829;0
2830;0
2831;0
2832;0
2833;0
2834;0
2835;0
2836;0
2837;0
2838;0
2839;0
2840;0,000125997
2841;0,000266958
2842;0,000370203
2843;0,000427441
2844;0,000422293
2845;0,000395311
2846;0,000311529
2847;0,000206474
2848;6,75E-05
2849;0
2850;0
2851;0
2852;0
2853;0
2854;0
2855;0
2856;0
2857;0
2858;0
2859;0
2860;0
2861;0
2862;0
2863;0
2864;1,12E-05
2865;5,89E-05
2866;9,89E-05
2867;0,000139961
2868;0,000168138
2869;0,000129131
2870;0,000125413
2871;6,53E-05
2872;2,48E-06
2873;0
2874;0
2875;0
2876;0
2877;0
2878;0
2879;0
2880;0
2881;0
2882;0
2883;0
2884;0
2885;0
2886;0
2887;0
2888;0
2889;0
2890;0
2891;0
2892;0,000102588
2893;0,000484802
2894;0,000486279
2895;0,000343981
2896;0,00012936
2897;0
2898;0
2899;0
2900;0
2901;0
2902;0
2903;0
2904;0
2905;0
2906;0
2907;0
2908;0
2909;0
2910;0
2911;4,37E-06
2912;0,000122968
2913;0,000132655
2914;0,000163549
2915;0,000222804
2916;0,00029964
2917;0,000377867
2918;0,000431365
2919;0,000310954
2920;0,000131748
2921;0
2922;0
2923;0
2924;0
2925;0
2926;0
2927;0
2928;0
2929;0
2930;0
2931;0
2932;0
2933;0
2934;0
2935;0
2936;3,21E-05
2937;8,31E-05
2938;0,000187374
2939;5,09E-05
2940;8,06E-06
2941;0
2942;0,000225253
2943;0,000310383
2944;0,000189051
2945;0
2946;0
2947;0
2948;0
2949;0
2950;0
2951;0
2952;0
2953;0
2954;0
2955;0
2956;0
2957;0
2958;0
2959;0
2960;0
2961;2,02E-05
2962;4,62E-05
2963;5,50E-05
2964;4,54E-05
2965;4,67E-05
2966;3,28E-05
2967;8,77E-06
2968;0
2969;0
2970;0
2971;0
2972;0
2973;0
2974;0
2975;0
2976;0
2977;0
2978;0
2979;0
2980;0
2981;0
2982;0
2983;4,04E-05
2984;0,000218297
2985;0,000392792
2986;0,000500901
2987;0,000231111
2988;0,000226385
2989;0,000218791
2990;0,000187487
2991;0,000117145
2992;4,62E-05
2993;0
2994;0
2995;0
2996;0
2997;0
2998;0
2999;0
3000;0
3001;0
3002;0
3003;0
3004;0
3005;0
3006;0
3007;3,07E-05
3008;0,000188584
3009;0,000331481
3010;0,00043314
3011;0,000483145
3012;0,0004959
3013;0,000472844
3014;0,000408897
3015;0,00029382
3016;0,000151269
3017;0
3018;0
3019;0
3020;0
3021;0
3022;0
3023;0
3024;0
3025;0
3026;0
3027;0
3028;0
3029;0
3030;0
3031;2,01E-05
3032;0,000180812
3033;0,000328307
3034;0,000425076
3035;0,000491354
3036;0,000510661
3037;0,000475042
3038;0,000399996
3039;0,00027971
3040;0,000135347
3041;0
3042;0
3043;0
3044;0
3045;0
3046;0
3047;0
3048;0
3049;0
3050;0
3051;0
3052;0
3053;0
3054;0
3055;0
3056;0,000126049
3057;0,000247149
3058;0,000376462
3059;0,000405715
3060;0,000391416
3061;0,000332016
3062;0,000268601
3063;0,000237248
3064;0,000121431
3065;0
3066;0
3067;0
3068;0
3069;0
3070;0
3071;0
3072;0
3073;0
3074;0
3075;0
3076;0
3077;0
3078;0
3079;0
3080;0
3081;2,92E-05
3082;6,19E-05
3083;6,19E-05
3084;8,95E-05
3085;7,00E-05
3086;5,24E-05
3087;2,75E-05
3088;0
3089;0
3090;0
3091;0
3092;0
3093;0
3094;0
3095;0
3096;0
3097;0
3098;0
3099;0
3100;0
3101;0
3102;0
3103;0
3104;0
3105;2,67E-05
3106;5,47E-05
3107;8,12E-05
3108;7,81E-05
3109;6,74E-05
3110;3,01E-05
3111;0
3112;0
3113;0
3114;0
3115;0
3116;0
3117;0
3118;0
3119;0
3120;0
3121;0
3122;0
3123;0
3124;0
3125;0
3126;0
3127;0
3128;0
3129;0
3130;0
3131;0
3132;7,77E-05
3133;0,000103751
3134;9,16E-05
3135;0,000187227
3136;7,51E-05
3137;0
3138;0
3139;0
3140;0
3141;0
3142;0
3143;0
3144;0
3145;0
3146;0
3147;0
3148;0
3149;0
3150;0
3151;0
3152;3,62E-05
3153;0,000101926
3154;0,000141745
3155;0,000120128
3156;0,000138999
3157;9,35E-05
3158;4,47E-05
3159;8,45E-06
3160;0
3161;0
3162;0
3163;0
3164;0
3165;0
3166;0
3167;0
3168;0
3169;0
3170;0
3171;0
3172;0
3173;0
3174;0
3175;7,29E-06
3176;0,000176974
3177;0,000364884
3178;0,000438422
3179;0,00058216
3180;0,000608822
3181;0,000571991
3182;0,000478794
3183;0,000326548
3184;0,000169043
3185;0
3186;0
3187;0
3188;0
3189;0
3190;0
3191;0
3192;0
3193;0
3194;0
3195;0
3196;0
3197;0
3198;0
3199;2,22E-05
3200;0,000197705
3201;0,000352059
3202;0,000469909
3203;0,000538238
3204;0,000552845
3205;0,000517265
3206;0,00042962
3207;0,000299894
3208;0,000138957
3209;0
3210;0
3211;0
3212;0
3213;0
3214;0
3215;0
3216;0
3217;0
3218;0
3219;0
3220;0
3221;0
3222;0
3223;3,69E-05
3224;0,000215556
3225;0,00037643
3226;0,000496908
3227;0,000567026
3228;0,000585015
3229;0,000548719
3230;0,000461841
3231;0,000327896
3232;0,000165034
3233;0
3234;0
3235;0
3236;0
3237;0
3238;0
3239;0
3240;0
3241;0
3242;0
3243;0
3244;0
3245;0
3246;0
3247;2,00E-05
3248;0,00015011
3249;0,000278986
3250;0,000344332
3251;0,000412138
3252;0,000416787
3253;0,000381651
3254;0,000277889
3255;0,000224703
3256;9,35E-05
3257;0
3258;0
3259;0
3260;0
3261;0
3262;0
3263;0
3264;0
3265;0
3266;0
3267;0
3268;0
3269;0
3270;0
3271;0
3272;0
3273;0
3274;0
3275;0
3276;0
3277;0
3278;0
3279;0
3280;0
3281;0
3282;0
3283;0
3284;0
3285;0
3286;0
3287;0
3288;0
3289;0
3290;0
3291;0
3292;0
3293;0
3294;0
3295;0
3296;0
3297;2,28E-05
3298;5,41E-05
3299;6,28E-05
3300;8,39E-05
3301;8,51E-05
3302;5,45E-05
3303;1,47E-05
3304;0
3305;0
3306;0
3307;0
3308;0
3309;0
3310;0
3311;0
3312;0
3313;0
3314;0
3315;0
3316;0
3317;0
3318;0
3319;3,18E-05
3320;0,000190957
3321;0,000318969
3322;0,000416313
3323;0,000460471
3324;0,000480969
3325;0,000450102
3326;0,000389022
3327;0,000281128
3328;0,000144101
3329;0
3330;0
3331;0
3332;0
3333;0
3334;0
3335;0
3336;0
3337;0
3338;0
3339;0
3340;0
3341;0
3342;0
3343;0
3344;3,14E-05
3345;7,09E-05
3346;0,000100775
3347;0,00012801
3348;0,000124454
3349;0,000109122
3350;7,77E-05
3351;5,73E-05
3352;4,94E-05
3353;0
3354;0
3355;0
3356;0
3357;0
3358;0
3359;0
3360;0
3361;0
3362;0
3363;0
3364;0
3365;0
3366;0
3367;7,96E-05
3368;0,000230274
3369;0,000371797
3370;0,000480386
3371;0,00014224
3372;0,00017502
3373;0,000151594
3374;0,000132659
3375;0,000117542
3376;5,50E-05
3377;0
3378;0
3379;0
3380;0
3381;0
3382;0
3383;0
3384;0
3385;0
3386;0
3387;0
3388;0
3389;0
3390;0
3391;0
3392;3,70E-05
3393;8,93E-05
3394;0,000107653
3395;0,000131606
3396;0,000122225
3397;0,000159032
3398;0,000129872
3399;8,15E-05
3400;2,66E-05
3401;0
3402;0
3403;0
3404;0
3405;0
3406;0
3407;0
3408;0
3409;0
3410;0
3411;0
3412;0
3413;0
3414;0
3415;0
3416;0
3417;3,49E-05
3418;5,60E-05
3419;5,68E-05
3420;5,73E-05
3421;5,93E-05
3422;4,56E-05
3423;2,74E-05
3424;8,90E-06
3425;0
3426;0
3427;0
3428;0
3429;0
3430;0
3431;0
3432;0
3433;0
3434;0
3435;0
3436;0
3437;0
3438;0
3439;0
3440;0
3441;2,67E-05
3442;4,41E-05
3443;5,13E-05
3444;5,75E-05
3445;5,18E-05
3446;4,74E-05
3447;1,97E-05
3448;0
3449;0
3450;0
3451;0
3452;0
3453;0
3454;0
3455;0
3456;0
3457;0
3458;0
3459;0
3460;0
3461;0
3462;0
3463;3,10E-05
3464;0,00016223
3465;0,000280245
3466;0,000382572
3467;0,000425639
3468;0,000455825
3469;0,000424157
3470;0,000369812
3471;0,000272653
3472;0,000157845
3473;5,11E-06
3474;0
3475;0
3476;0
3477;0
3478;0
3479;0
3480;0
3481;0
3482;0
3483;0
3484;0
3485;0
3486;0
3487;9,00E-05
3488;0,000178503
3489;0,000248625
3490;0,000287727
3491;0,00015332
3492;0,000153193
3493;1,39E-05
3494;0
3495;0
3496;0
3497;0
3498;0
3499;0
3500;0
3501;0
3502;0
3503;0
3504;0
3505;0
3506;0
3507;0
3508;0
3509;0
3510;0
3511;0
3512;5,32E-05
3513;0,00015335
3514;0,000218156
3515;0,000171049
3516;0,000156893
3517;0
3518;3,99E-05
3519;0
3520;0
3521;0
3522;0
3523;0
3524;0
3525;0
3526;0
3527;0
3528;0
3529;0
3530;0
3531;0
3532;0
3533;0
3534;0
3535;6,50E-05
3536;0,000237457
3537;0,000389539
3538;0,000504955
3539;0,000575578
3540;0,000597694
3541;0,000560355
3542;0,00047882
3543;0,00035058
3544;0,000193186
3545;2,68E-05
3546;0
3547;0
3548;0
3549;0
3550;0
3551;0
3552;0
3553;0
3554;0
3555;0
3556;0
3557;0
3558;0
3559;4,93E-05
3560;0,000222051
3561;0,000373852
3562;0,000492476
3563;0,000560619
3564;0,000582795
3565;0,000548879
3566;0,000466221
3567;0,000337908
3568;0,000178994
3569;1,04E-05
3570;0
3571;0
3572;0
3573;0
3574;0
3575;0
3576;0
3577;0
3578;0
3579;0
3580;0
3581;0
3582;0
3583;0
3584;3,91E-05
3585;0,00014821
3586;0,000159723
3587;0,000280742
3588;0,000325085
3589;0,000483118
3590;0,000443681
3591;0,000326237
3592;0,000155386
3593;1,68E-05
3594;0
3595;0
3596;0
3597;0
3598;0
3599;0
3600;0
3601;0
3602;0
3603;0
3604;0
3605;0
3606;0
3607;0
3608;2,72E-05
3609;5,05E-05
3610;6,13E-05
3611;8,83E-05
3612;0,000104095
3613;9,30E-05
3614;8,07E-05
3615;4,29E-05
3616;1,96E-05
3617;0
3618;0
3619;0
3620;0
3621;0
3622;0
3623;0
3624;0
3625;0
3626;0
3627;0
3628;0
3629;0
3630;0
3631;6,52E-06
3632;4,06E-05
3633;2,38E-05
3634;0,000120757
3635;0
3636;0
3637;0,000179194
3638;0,000292932
3639;0,000181874
3640;0,000137127
3641;3,87E-06
3642;0
3643;0
3644;0
3645;0
3646;0
3647;0
3648;0
3649;0
3650;0
3651;0
3652;0
3653;0
3654;0
3655;5,21E-05
3656;0,000254806
3657;0,000404069
3658;0,00051446
3659;0,000158616
3660;0,000105539
3661;9,42E-05
3662;6,94E-05
3663;4,34E-05
3664;3,01E-05
3665;0
3666;0
3667;0
3668;0
3669;0
3670;0
3671;0
3672;0
3673;0
3674;0
3675;0
3676;0
3677;0
3678;0
3679;0
3680;0
3681;3,26E-05
3682;5,88E-05
3683;8,94E-05
3684;7,68E-05
3685;5,71E-05
3686;3,90E-05
3687;1,53E-05
3688;0
3689;0
3690;0
3691;0
3692;0
3693;0
3694;0
3695;0
3696;0
3697;0
3698;0
3699;0
3700;0
3701;0
3702;0
3703;2,78E-05
3704;0,000215991
3705;0,000269638
3706;0,000277803
3707;0,000186276
3708;0,000337028
3709;0,000269528
3710;0
3711;0
3712;0
3713;0
3714;0
3715;0
3716;0
3717;0
3718;0
3719;0
3720;0
3721;0
3722;0
3723;0
3724;0
3725;0
3726;0
3727;2,25E-05
3728;0,00016898
3729;0,00029518
3730;0,000386632
3731;0,000443228
3732;0,000427531
3733;0,000417779
3734;0,000344385
3735;0,00025596
3736;0,000139434
3737;4,22E-06
3738;0
3739;0
3740;0
3741;0
3742;0
3743;0
3744;0
3745;0
3746;0
3747;0
3748;0
3749;0
3750;0
3751;6,67E-05
3752;8,26E-05
3753;9,55E-05
3754;0,000282758
3755;9,00E-05
3756;0,000186817
3757;0,000113241
3758;0
3759;0,00012418
3760;5,30E-05
3761;0
3762;0
3763;0
3764;0
3765;0
3766;0
3767;0
3768;0
3769;0
3770;0
3771;0
3772;0
3773;0
3774;0
3775;0
3776;0
3777;6,62E-05
3778;0,000197876
3779;0,00026482
3780;0,00028545
3781;0,000313125
3782;0,000226565
3783;0,000107795
3784;4,21E-05
3785;3,57E-06
3786;0
3787;0
3788;0
3789;0
3790;0
3791;0
3792;0
3793;0
3794;0
3795;0
3796;0
3797;0
3798;0
3799;2,91E-05
3800;0,00019881
3801;0,000350713
3802;0,000466459
3803;0,000532978
3804;0,000550713
3805;0,000516806
3806;0,000435686
3807;0,000311844
3808;0,000155125
3809;0
3810;0
3811;0
3812;0
3813;0
3814;0
3815;0
3816;0
3817;0
3818;0
3819;0
3820;0
3821;0
3822;0
3823;2,41E-05
3824;0,000185963
3825;0,000332361
3826;0,000445326
3827;0,000511907
3828;0,000528049
3829;0,000499101
3830;0,000426459
3831;0,000307555
3832;0,000158703
3833;0
3834;0
3835;0
3836;0
3837;0
3838;0
3839;0
3840;0
3841;0
3842;0
3843;0
3844;0
3845;0
3846;0
3847;2,21E-05
3848;0,000143675
3849;0,000238651
3850;0,000373518
3851;0,000370009
3852;0,000407471
3853;0,000404719
3854;0,000329516
3855;0,000223476
3856;0,000119922
3857;3,48E-06
3858;0
3859;0
3860;0
3861;0
3862;0
3863;0
3864;0
3865;0
3866;0
3867;0
3868;0
3869;0
3870;0
3871;7,22E-05
3872;0,000133717
3873;0,000259163
3874;0,000137658
3875;0,000202917
3876;0,000123201
3877;3,00E-05
3878;8,93E-05
3879;8,43E-05
3880;1,90E-05
3881;0
3882;0
3883;0
3884;0
3885;0
3886;0
3887;0
3888;0
3889;0
3890;0
3891;0
3892;0
3893;0
3894;0
3895;7,25E-05
3896;0,000245366
3897;0,000345034
3898;0,000295486
3899;0
3900;6,45E-06
3901;9,28E-05
3902;0,000127429
3903;0,000169405
3904;2,67E-05
3905;7,39E-06
3906;0
3907;0
3908;0
3909;0
3910;0
3911;0
3912;0
3913;0
3914;0
3915;0
3916;0
3917;0
3918;0
3919;4,64E-05
3920;0,000187576
3921;0,000305145
3922;0,000399646
3923;0,000460444
3924;0,000475397
3925;0,00045808
3926;0,000400064
3927;0,000287165
3928;0,00016785
3929;3,08E-05
3930;0
3931;0
3932;0
3933;0
3934;0
3935;0
3936;0
3937;0
3938;0
3939;0
3940;0
3941;0
3942;0
3943;1,65E-05
3944;7,33E-05
3945;0,000142374
3946;0,000188388
3947;0,000204262
3948;0,000224572
3949;0,000175348
3950;0,00015571
3951;0,000128569
3952;8,33E-05
3953;1,84E-05
3954;0
3955;0
3956;0
3957;0
3958;0
3959;0
3960;0
3961;0
3962;0
3963;0
3964;0
3965;0
3966;0
3967;4,34E-05
3968;0,000215256
3969;0,000369959
3970;0,000488919
3971;0,000559185
3972;0,00057845
3973;0,000548026
3974;0,000466107
3975;0,000340741
3976;0,000186415
3977;2,35E-05
3978;0
3979;0
3980;0
3981;0
3982;0
3983;0
3984;0
3985;0
3986;0
3987;0
3988;0
3989;0
3990;0
3991;0
3992;4,75E-05
3993;8,22E-05
3994;0,000143148
3995;0,000163284
3996;0,000166401
3997;0,000145751
3998;0,000118022
3999;7,78E-05
4000;2,15E-05
4001;0
4002;0
4003;0
4004;0
4005;0
4006;0
4007;0
4008;0
4009;0
4010;0
4011;0
4012;0
4013;0
4014;0
4015;3,05E-05
4016;0,000183844
4017;0,000321444
4018;0,000428718
4019;0,000494373
4020;0,000509019
4021;0,000487305
4022;0,000417006
4023;0,000311879
4024;0,000169391
4025;1,66E-05
4026;0
4027;0
4028;0
4029;0
4030;0
4031;0
4032;0
4033;0
4034;0
4035;0
4036;0
4037;0
4038;0
4039;0
4040;4,82E-05
4041;0,000132225
4042;0,000121852
4043;0,0001943
4044;0,000201107
4045;0,00017462
4046;0,000206465
4047;0,000196805
4048;8,53E-05
4049;1,09E-05
4050;0
4051;0
4052;0
4053;0
4054;0
4055;0
4056;0
4057;0
4058;0
4059;0
4060;0
4061;0
4062;0
4063;0
4064;0
4065;1,26E-05
4066;2,69E-05
4067;3,37E-05
4068;3,05E-05
4069;3,36E-05
4070;1,14E-05
4071;6,31E-06
4072;0
4073;0
4074;0
4075;0
4076;0
4077;0
4078;0
4079;0
4080;0
4081;0
4082;0
4083;0
4084;0
4085;0
4086;0
4087;0
4088;8,15E-06
4089;3,50E-05
4090;6,05E-05
4091;8,21E-05
4092;8,13E-05
4093;7,68E-05
4094;6,41E-05
4095;4,53E-05
4096;1,91E-05
4097;0
4098;0
4099;0
4100;0
4101;0
4102;0
4103;0
4104;0
4105;0
4106;0
4107;0
4108;0
4109;0
4110;0
4111;6,03E-05
4112;0,000235523
4113;0,000347632
4114;0,000415437
4115;0,000215491
4116;0,000159157
4117;0,000110221
4118;8,78E-05
4119;0,000155882
4120;8,38E-05
4121;1,88E-05
4122;0
4123;0
4124;0
4125;0
4126;0
4127;0
4128;0
4129;0
4130;0
4131;0
4132;0
4133;0
4134;0
4135;5,16E-05
4136;0,00018339
4137;0,000303175
4138;0,00039292
4139;0,000453354
4140;0,000464547
4141;0,000442392
4142;0,000367953
4143;0,00027286
4144;0,000158131
4145;4,30E-05
4146;0
4147;0
4148;0
4149;0
4150;0
4151;0
4152;0
4153;0
4154;0
4155;0
4156;0
4157;0
4158;0
4159;0
4160;4,79E-05
4161;0,000100807
4162;0,000168327
4163;8,53E-05
4164;0,000141924
4165;0,000237894
4166;0,000187194
4167;0,000107484
4168;0,000131354
4169;3,56E-05
4170;0
4171;0
4172;0
4173;0
4174;0
4175;0
4176;0
4177;0
4178;0
4179;0
4180;0
4181;0
4182;0
4183;4,92E-05
4184;0,000144466
4185;0,000323727
4186;0,000346409
4187;0,000138576
4188;0,000248612
4189;0,000250764
4190;0,00019678
4191;0,000184329
4192;0,000139964
4193;2,65E-05
4194;0
4195;0
4196;0
4197;0
4198;0
4199;0
4200;0
4201;0
4202;0
4203;0
4204;0
4205;0
4206;0
4207;1,19E-05
4208;6,91E-05
4209;0,000122782
4210;0,000191513
4211;0,000189531
4212;0,000198708
4213;0,000186052
4214;0,000171967
4215;0,000114385
4216;8,57E-05
4217;2,54E-05
4218;0
4219;0
4220;0
4221;0
4222;0
4223;0
4224;0
4225;0
4226;0
4227;0
4228;0
4229;0
4230;0
4231;0
4232;0
4233;4,84E-06
4234;2,39E-05
4235;2,82E-05
4236;3,03E-05
4237;2,80E-05
4238;1,04E-05
4239;0
4240;0
4241;0
4242;0
4243;0
4244;0
4245;0
4246;0
4247;0
4248;0
4249;0
4250;0
4251;0
4252;0
4253;0
4254;0
4255;2,82E-05
4256;0,000125033
4257;0,000218981
4258;0,000295723
4259;0,000350388
4260;0,000349289
4261;0,000329692
4262;0,000269465
4263;0,000187992
4264;0,000116999
4265;3,58E-05
4266;0
4267;0
4268;0
4269;0
4270;0
4271;0
4272;0
4273;0
4274;0
4275;0
4276;0
4277;0
4278;0
4279;2,66E-05
4280;0,000174244
4281;0,000297469
4282;0,00039176
4283;0,000445403
4284;0,000461899
4285;0,000438167
4286;0,000376744
4287;0,000277105
4288;0,000151957
4289;2,28E-05
4290;0
4291;0
4292;0
4293;0
4294;0
4295;0
4296;0
4297;0
4298;0
4299;0
4300;0
4301;0
4302;0
4303;0
4304;2,43E-05
4305;6,03E-05
4306;8,60E-05
4307;0,000125021
4308;0,000154951
4309;0,000147087
4310;0,000114035
4311;7,70E-05
4312;3,30E-05
4313;0
4314;0
4315;0
4316;0
4317;0
4318;0
4319;0
4320;0
4321;0
4322;0
4323;0
4324;0
4325;0
4326;0
4327;6,84E-05
4328;0,000137051
4329;0,00025555
4330;0,00025216
4331;0,000225429
4332;0,00021469
4333;0
4334;0
4335;9,15E-05
4336;0,000103589
4337;0
4338;0
4339;0
4340;0
4341;0
4342;0
4343;0
4344;0
4345;0
4346;0
4347;0
4348;0
4349;0
4350;0
4351;0
4352;0
4353;0
4354;0
4355;0
4356;0
4357;0
4358;0
4359;0
4360;0
4361;0
4362;0
4363;0
4364;0
4365;0
4366;0
4367;0
4368;0
4369;0
4370;0
4371;0
4372;0
4373;0
4374;0
4375;4,72E-05
4376;0,000203069
4377;0,000357857
4378;0,000534929
4379;0,000368972
4380;0,000306976
4381;0,00029033
4382;0,000169418
4383;0,000137295
4384;6,69E-05
4385;2,49E-05
4386;0
4387;0
4388;0
4389;0
4390;0
4391;0
4392;0
4393;0
4394;0
4395;0
4396;0
4397;0
4398;0
4399;4,06E-05
4400;0,000200046
4401;0,000344244
4402;0,000452979
4403;0,000522469
4404;0,000549262
4405;0,000528035
4406;0,000456398
4407;0,000342497
4408;0,000197167
4409;4,34E-05
4410;0
4411;0
4412;0
4413;0
4414;0
4415;0
4416;0
4417;0
4418;0
4419;0
4420;0
4421;0
4422;0
4423;3,02E-05
4424;0,000194041
4425;0,000343838
4426;0,000454073
4427;0,000519319
4428;0,000538782
4429;0,000509216
4430;0,000442201
4431;0,000322787
4432;0,000176273
4433;2,36E-05
4434;0
4435;0
4436;0
4437;0
4438;0
4439;0
4440;0
4441;0
4442;0
4443;0
4444;0
4445;0
4446;0
4447;2,11E-05
4448;0,00017372
4449;0,000314054
4450;0,000416454
4451;0,000479358
4452;0,000502967
4453;0,000480847
4454;0,000412877
4455;0,000306611
4456;0,000172081
4457;2,36E-05
4458;0
4459;0
4460;0
4461;0
4462;0
4463;0
4464;0
4465;0
4466;0
4467;0
4468;0
4469;0
4470;0
4471;1,59E-05
4472;0,000157007
4473;0,000290949
4474;0,000383931
4475;0,000444924
4476;0,000468463
4477;0,000468134
4478;0,000414241
4479;0,000309571
4480;0,000168607
4481;1,56E-05
4482;0
4483;0
4484;0
4485;0
4486;0
4487;0
4488;0
4489;0
4490;0
4491;0
4492;0
4493;0
4494;0
4495;0
4496;0
4497;6,48E-06
4498;2,93E-06
4499;1,53E-05
4500;2,25E-05
4501;1,69E-05
4502;2,19E-05
4503;0
4504;0
4505;0
4506;0
4507;0
4508;0
4509;0
4510;0
4511;0
4512;0
4513;0
4514;0
4515;0
4516;0
4517;0
4518;0
4519;0
4520;1,10E-05
4521;3,95E-05
4522;7,97E-05
4523;8,29E-05
4524;9,24E-05
4525;8,01E-05
4526;7,46E-05
4527;5,27E-05
4528;3,31E-05
4529;1,89E-07
4530;0
4531;0
4532;0
4533;0
4534;0
4535;0
4536;0
4537;0
4538;0
4539;0
4540;0
4541;0
4542;0
4543;4,53E-05
4544;0,00015027
4545;0,000240748
4546;0,000315873
4547;0,000363721
4548;0,000384413
4549;0,000356848
4550;0,00030505
4551;0,000239321
4552;0,000148915
4553;5,34E-05
4554;0
4555;0
4556;0
4557;0
4558;0
4559;0
4560;0
4561;0
4562;0
4563;0
4564;0
4565;0
4566;0
4567;0
4568;1,78E-05
4569;5,74E-05
4570;8,72E-05
4571;0,000107464
4572;0,000106049
4573;9,65E-05
4574;7,50E-05
4575;5,15E-05
4576;1,81E-05
4577;0
4578;0
4579;0
4580;0
4581;0
4582;0
4583;0
4584;0
4585;0
4586;0
4587;0
4588;0
4589;0
4590;0
4591;2,82E-05
4592;0,000181652
4593;0,00031469
4594;0,000419501
4595;0,000478145
4596;0,0004905
4597;0,000469206
4598;0,000406471
4599;0,000306364
4600;0,000174176
4601;3,58E-05
4602;0
4603;0
4604;0
4605;0
4606;0
4607;0
4608;0
4609;0
4610;0
4611;0
4612;0
4613;0
4614;0
4615;3,06E-05
4616;0,000166397
4617;0,000365783
4618;0,000532001
4619;0,000148186
4620;8,64E-05
4621;0,00011553
4622;0,000147382
4623;0,000184247
4624;9,43E-05
4625;2,43E-05
4626;0
4627;0
4628;0
4629;0
4630;0
4631;0
4632;0
4633;0
4634;0
4635;0
4636;0
4637;0
4638;0
4639;2,96E-05
4640;0,000136764
4641;0,000400584
4642;0,00023526
4643;6,15E-05
4644;1,43E-05
4645;0,000113536
4646;0
4647;4,34E-05
4648;0
4649;0
4650;0
4651;0
4652;0
4653;0
4654;0
4655;0
4656;0
4657;0
4658;0
4659;0
4660;0
4661;0
4662;0
4663;0
4664;0
4665;0
4666;0
4667;0
4668;0
4669;0
4670;0
4671;0
4672;0
4673;0
4674;0
4675;0
4676;0
4677;0
4678;0
4679;0
4680;0
4681;0
4682;0
4683;0
4684;0
4685;0
4686;0
4687;0
4688;5,18E-06
4689;2,26E-05
4690;9,16E-05
4691;3,45E-05
4692;0,000170678
4693;0
4694;0
4695;0,000262276
4696;8,75E-05
4697;0
4698;0
4699;0
4700;0
4701;0
4702;0
4703;0
4704;0
4705;0
4706;0
4707;0
4708;0
4709;0
4710;0
4711;0
4712;0
4713;0
4714;0
4715;6,27E-05
4716;5,73E-05
4717;0,000143377
4718;0,000204661
4719;0,000173884
4720;4,86E-05
4721;8,31E-06
4722;0
4723;0
4724;0
4725;0
4726;0
4727;0
4728;0
4729;0
4730;0
4731;0
4732;0
4733;0
4734;0
4735;1,88E-05
4736;0,000160515
4737;0,000287761
4738;0,000387535
4739;0,000442267
4740;0,000468789
4741;0,000427397
4742;0,000365772
4743;0,000267751
4744;0,00015065
4745;2,78E-05
4746;0
4747;0
4748;0
4749;0
4750;0
4751;0
4752;0
4753;0
4754;0
4755;0
4756;0
4757;0
4758;0
4759;0
4760;0
4761;8,89E-05
4762;0,000131707
4763;0,000116239
4764;0,000154775
4765;0,00020457
4766;0,000186268
4767;0,000136887
4768;3,75E-05
4769;9,69E-06
4770;0
4771;0
4772;0
4773;0
4774;0
4775;0
4776;0
4777;0
4778;0
4779;0
4780;0
4781;0
4782;0
4783;2,66E-05
4784;0,000141847
4785;0,000241752
4786;0,000328567
4787;0,000381721
4788;0,000390212
4789;0,000372394
4790;0,000323764
4791;0,00024737
4792;0,000146772
4793;3,48E-05
4794;0
4795;0
4796;0
4797;0
4798;0
4799;0
4800;0
4801;0
4802;0
4803;0
4804;0
4805;0
4806;0
4807;1,08E-05
4808;0,00013812
4809;0,000258402
4810;0,000352195
4811;0,000412133
4812;0,000425842
4813;0,000404062
4814;0,000352533
4815;0,00025882
4816;0,000142332
4817;1,69E-05
4818;0
4819;0
4820;0
4821;0
4822;0
4823;0
4824;0
4825;0
4826;0
4827;0
4828;0
4829;0
4830;0
4831;4,62E-05
4832;0,000172747
4833;0,000287762
4834;0,000375116
4835;0,00042808
4836;0,000452052
4837;0,000435957
4838;0,000377536
4839;0,000290803
4840;0,000183122
4841;6,55E-05
4842;0
4843;0
4844;0
4845;0
4846;0
4847;0
4848;0
4849;0
4850;0
4851;0
4852;0
4853;0
4854;0
4855;4,13E-05
4856;0,000203103
4857;0,000355255
4858;0,000473671
4859;0,000543095
4860;0,000569281
4861;0,000548645
4862;0,000480111
4863;0,00036493
4864;0,000217316
4865;5,21E-05
4866;0
4867;0
4868;0
4869;0
4870;0
4871;0
4872;0
4873;0
4874;0
4875;0
4876;0
4877;0
4878;0
4879;0
4880;1,57E-05
4881;0,000146617
4882;0,000166932
4883;0,000324184
4884;0,000301393
4885;0,00013555
4886;7,82E-05
4887;6,50E-05
4888;1,48E-05
4889;0
4890;0
4891;0
4892;0
4893;0
4894;0
4895;0
4896;0
4897;0
4898;0
4899;0
4900;0
4901;0
4902;0
4903;0
4904;0
4905;0
4906;0,000102513
4907;7,24E-05
4908;7,57E-05
4909;0,0001488
4910;8,72E-05
4911;7,80E-05
4912;4,37E-05
4913;0
4914;0
4915;0
4916;0
4917;0
4918;0
4919;0
4920;0
4921;0
4922;0
4923;0
4924;0
4925;0
4926;0
4927;5,05E-05
4928;0,000146305
4929;0,000310688
4930;0,000477917
4931;0,000610167
4932;0,000403168
4933;4,67E-05
4934;0
4935;0
4936;0
4937;0
4938;0
4939;0
4940;0
4941;0
4942;0
4943;0
4944;0
4945;0
4946;0
4947;0
4948;0
4949;0
4950;0
4951;2,64E-06
4952;0,000143714
4953;0,000280745
4954;0,000376146
4955;0,00044351
4956;0,000470679
4957;0,000441411
4958;0,000379148
4959;0,000279624
4960;0,000153612
4961;7,96E-06
4962;0
4963;0
4964;0
4965;0
4966;0
4967;0
4968;0
4969;0
4970;0
4971;0
4972;0
4973;0
4974;0
4975;8,12E-06
4976;0,000160968
4977;0,000298384
4978;0,000405789
4979;0,000478224
4980;0,000498921
4981;0,000448225
4982;0,000373574
4983;0,000266008
4984;0,000142219
4985;2,07E-05
4986;0
4987;0
4988;0
4989;0
4990;0
4991;0
4992;0
4993;0
4994;0
4995;0
4996;0
4997;0
4998;0
4999;4,25E-05
5000;0,000172909
5001;0,000218358
5002;0,000175993
5003;0,000186035
5004;5,33E-05
5005;0,000136802
5006;0,000253134
5007;0,000225253
5008;0
5009;0
5010;0
5011;0
5012;0
5013;0
5014;0
5015;0
5016;0
5017;0
5018;0
5019;0
5020;0
5021;0
5022;0
5023;1,37E-05
5024;3,49E-05
5025;7,26E-05
5026;6,65E-05
5027;0,000109079
5028;5,58E-05
5029;2,74E-05
5030;8,55E-05
5031;0
5032;0
5033;0
5034;0
5035;0
5036;0
5037;0
5038;0
5039;0
5040;0
5041;0
5042;0
5043;0
5044;0
5045;0
5046;0
5047;0
5048;0
5049;0
5050;5,12E-05
5051;8,67E-05
5052;0,000116957
5053;0,000105141
5054;0,000131691
5055;6,58E-05
5056;8,42E-05
5057;4,67E-06
5058;0
5059;0
5060;0
5061;0
5062;0
5063;0
5064;0
5065;0
5066;0
5067;0
5068;0
5069;0
5070;0
5071;1,62E-05
5072;0,000150441
5073;0,000225659
5074;0,000349702
5075;0,000433016
5076;0,000422713
5077;0,000395573
5078;0,000350272
5079;0,000199884
5080;0,000103751
5081;2,82E-05
5082;0
5083;0
5084;0
5085;0
5086;0
5087;0
5088;0
5089;0
5090;0
5091;0
5092;0
5093;0
5094;0
5095;0
5096;0
5097;0
5098;4,16E-06
5099;2,41E-05
5100;4,41E-05
5101;2,14E-05
5102;0
5103;0
5104;0
5105;0
5106;0
5107;0
5108;0
5109;0
5110;0
5111;0
5112;0
5113;0
5114;0
5115;0
5116;0
5117;0
5118;0
5119;0
5120;7,65E-05
5121;0,000229456
5122;0,000265787
5123;0,000313169
5124;0,000362631
5125;0,000376657
5126;0,000297709
5127;0,000238251
5128;0,000168752
5129;2,63E-05
5130;0
5131;0
5132;0
5133;0
5134;0
5135;0
5136;0
5137;0
5138;0
5139;0
5140;0
5141;0
5142;0
5143;0
5144;0
5145;5,47E-05
5146;7,18E-05
5147;8,74E-05
5148;4,90E-05
5149;9,81E-05
5150;0,000108501
5151;0,00013189
5152;9,76E-05
5153;9,60E-06
5154;0
5155;0
5156;0
5157;0
5158;0
5159;0
5160;0
5161;0
5162;0
5163;0
5164;0
5165;0
5166;0
5167;4,26E-06
5168;0,000166736
5169;0,000258677
5170;0,000344973
5171;0,000367618
5172;0,000360999
5173;0,000373066
5174;0,000258609
5175;0,000169503
5176;6,72E-05
5177;0
5178;0
5179;0
5180;0
5181;0
5182;0
5183;0
5184;0
5185;0
5186;0
5187;0
5188;0
5189;0
5190;0
5191;0
5192;8,12E-05
5193;0,00027733
5194;0,000266479
5195;0,000536858
5196;0,00037806
5197;0,000257223
5198;0,000176546
5199;0,000144714
5200;4,18E-05
5201;6,10E-06
5202;0
5203;0
5204;0
5205;0
5206;0
5207;0
5208;0
5209;0
5210;0
5211;0
5212;0
5213;0
5214;0
5215;5,67E-06
5216;0,00014384
5217;0,000275871
5218;0,000379672
5219;0,000468925
5220;0,000490027
5221;0,000451217
5222;0,00039598
5223;0,000301026
5224;0,00015849
5225;1,25E-05
5226;0
5227;0
5228;0
5229;0
5230;0
5231;0
5232;0
5233;0
5234;0
5235;0
5236;0
5237;0
5238;0
5239;0
5240;0
5241;0
5242;1,56E-07
5243;1,14E-05
5244;2,02E-05
5245;1,50E-05
5246;1,47E-05
5247;0
5248;0
5249;0
5250;0
5251;0
5252;0
5253;0
5254;0
5255;0
5256;0
5257;0
5258;0
5259;0
5260;0
5261;0
5262;0
5263;0
5264;0
5265;0
5266;0
5267;0
5268;0
5269;0
5270;0
5271;0
5272;0
5273;0
5274;0
5275;0
5276;0
5277;0
5278;0
5279;0
5280;0
5281;0
5282;0
5283;0
5284;0
5285;0
5286;0
5287;1,59E-05
5288;0,00018907
5289;0,000350818
5290;0,000480045
5291;0,000560483
5292;0,000587636
5293;0,000561454
5294;0,000479273
5295;0,000349859
5296;0,000188201
5297;1,49E-05
5298;0
5299;0
5300;0
5301;0
5302;0
5303;0
5304;0
5305;0
5306;0
5307;0
5308;0
5309;0
5310;0
5311;1,39E-05
5312;0,000179041
5313;0,000336453
5314;0,000472832
5315;0,000553351
5316;0,000584641
5317;0,000550742
5318;0,000476878
5319;0,000357601
5320;0,000195658
5321;3,20E-05
5322;0
5323;0
5324;0
5325;0
5326;0
5327;0
5328;0
5329;0
5330;0
5331;0
5332;0
5333;0
5334;0
5335;2,56E-05
5336;0,000202216
5337;0,00036759
5338;0,000498981
5339;0,000577634
5340;0,000600205
5341;0,000567548
5342;0,000483822
5343;0,000357468
5344;0,000195364
5345;3,07E-05
5346;0
5347;0
5348;0
5349;0
5350;0
5351;0
5352;0
5353;0
5354;0
5355;0
5356;0
5357;0
5358;0
5359;2,61E-05
5360;0,00018776
5361;0,000330507
5362;0,000432824
5363;0,000510166
5364;0,000516587
5365;0,000498513
5366;0,000430419
5367;0,000323147
5368;0,000179344
5369;3,42E-05
5370;0
5371;0
5372;0
5373;0
5374;0
5375;0
5376;0
5377;0
5378;0
5379;0
5380;0
5381;0
5382;0
5383;2,16E-05
5384;0,000197916
5385;0,000365464
5386;0,000493159
5387;0,000574625
5388;0,00059927
5389;0,00057106
5390;0,000487648
5391;0,000358858
5392;0,000198614
5393;2,71E-05
5394;0
5395;0
5396;0
5397;0
5398;0
5399;0
5400;0
5401;0
5402;0
5403;0
5404;0
5405;0
5406;0
5407;2,88E-06
5408;0,000101211
5409;0,000170432
5410;0,000160766
5411;0,000143262
5412;0,000116232
5413;0,000114743
5414;0,000105384
5415;7,41E-07
5416;0
5417;0
5418;0
5419;0
5420;0
5421;0
5422;0
5423;0
5424;0
5425;0
5426;0
5427;0
5428;0
5429;0
5430;0
5431;1,45E-05
5432;0,00023481
5433;0,000316487
5434;0,000296741
5435;0,000229738
5436;0,000224994
5437;0,000140878
5438;0,000145298
5439;6,45E-05
5440;0
5441;0
5442;0
5443;0
5444;0
5445;0
5446;0
5447;0
5448;0
5449;0
5450;0
5451;0
5452;0
5453;0
5454;0
5455;0
5456;3,52E-05
5457;8,63E-05
5458;0,000108502
5459;0,00015308
5460;0,000162315
5461;0,000197468
5462;0,000147428
5463;0,000136133
5464;6,32E-05
5465;0
5466;0
5467;0
5468;0
5469;0
5470;0
5471;0
5472;0
5473;0
5474;0
5475;0
5476;0
5477;0
5478;0
5479;2,98E-05
5480;0,000191279
5481;0,000337436
5482;0,000457378
5483;0,000541484
5484;0,000568553
5485;0,000551773
5486;0,00047609
5487;0,000349434
5488;0,000196269
5489;3,47E-05
5490;0
5491;0
5492;0
5493;0
5494;0
5495;0
5496;0
5497;0
5498;0
5499;0
5500;0
5501;0
5502;0
5503;0
5504;1,25E-05
5505;5,67E-05
5506;8,84E-05
5507;0,000119345
5508;0,000135698
5509;0,000114186
5510;7,12E-05
5511;6,32E-05
5512;1,90E-05
5513;4,93E-06
5514;0
5515;0
5516;0
5517;0
5518;0
5519;0
5520;0
5521;0
5522;0
5523;0
5524;0
5525;0
5526;0
5527;8,90E-06
5528;8,76E-05
5529;0,000158739
5530;0,00019007
5531;0,000200271
5532;0,000193927
5533;0,000215745
5534;0,00017954
5535;0,000158517
5536;7,34E-05
5537;1,96E-05
5538;0
5539;0
5540;0
5541;0
5542;0
5543;0
5544;0
5545;0
5546;0
5547;0
5548;0
5549;0
5550;0
5551;0
5552;5,47E-05
5553;0,000117889
5554;0,000167944
5555;0,000187213
5556;0,000190336
5557;0,000224926
5558;0,000153025
5559;0,000105922
5560;4,11E-05
5561;0
5562;0
5563;0
5564;0
5565;0
5566;0
5567;0
5568;0
5569;0
5570;0
5571;0
5572;0
5573;0
5574;0
5575;0
5576;2,94E-05
5577;0,000105599
5578;0,000150504
5579;0,000173999
5580;0,00023982
5581;0,000224462
5582;0,000209481
5583;0,000143243
5584;5,15E-05
5585;0
5586;0
5587;0
5588;0
5589;0
5590;0
5591;0
5592;0
5593;0
5594;0
5595;0
5596;0
5597;0
5598;0
5599;0
5600;0,000119766
5601;0,000250639
5602;0,000326417
5603;0,000371636
5604;0,000390912
5605;0,000352987
5606;0,000295399
5607;0,000212551
5608;0,000101862
5609;0
5610;0
5611;0
5612;0
5613;0
5614;0
5615;0
5616;0
5617;0
5618;0
5619;0
5620;0
5621;0
5622;0
5623;0
5624;0
5625;8,08E-06
5626;2,29E-05
5627;3,94E-05
5628;4,61E-05
5629;4,11E-05
5630;2,03E-05
5631;1,11E-06
5632;0
5633;0
5634;0
5635;0
5636;0
5637;0
5638;0
5639;0
5640;0
5641;0
5642;0
5643;0
5644;0
5645;0
5646;0
5647;0
5648;0
5649;3,85E-05
5650;5,55E-05
5651;3,10E-05
5652;3,85E-05
5653;4,53E-05
5654;5,08E-05
5655;6,58E-05
5656;3,51E-05
5657;0
5658;0
5659;0
5660;0
5661;0
5662;0
5663;0
5664;0
5665;0
5666;0
5667;0
5668;0
5669;0
5670;0
5671;3,19E-05
5672;0,000251798
5673;0,000294571
5674;0,00012948
5675;0,00041537
5676;0,000185429
5677;0,000143838
5678;0
5679;0
5680;2,11E-05
5681;0
5682;0
5683;0
5684;0
5685;0
5686;0
5687;0
5688;0
5689;0
5690;0
5691;0
5692;0
5693;0
5694;0
5695;3,05E-05
5696;0,000208408
5697;0,000374467
5698;0,00050144
5699;0,000578947
5700;0,000601395
5701;0,000568572
5702;0,000482233
5703;0,000348386
5704;0,000183258
5705;1,53E-05
5706;0
5707;0
5708;0
5709;0
5710;0
5711;0
5712;0
5713;0
5714;0
5715;0
5716;0
5717;0
5718;0
5719;0
5720;0
5721;0
5722;0
5723;0,000115855
5724;0,000305243
5725;0,000625907
5726;0,000553735
5727;0,000356463
5728;9,84E-05
5729;1,54E-05
5730;0
5731;0
5732;0
5733;0
5734;0
5735;0
5736;0
5737;0
5738;0
5739;0
5740;0
5741;0
5742;0
5743;0
5744;0
5745;0
5746;6,48E-05
5747;0,000166653
5748;0,000368889
5749;0,000108382
5750;0,00014787
5751;2,12E-05
5752;4,54E-05
5753;0
5754;0
5755;0
5756;0
5757;0
5758;0
5759;0
5760;0
5761;0
5762;0
5763;0
5764;0
5765;0
5766;0
5767;0
5768;1,70E-05
5769;6,50E-05
5770;0
5771;4,25E-05
5772;0,000204949
5773;0,000118912
5774;0
5775;0
5776;0
5777;0
5778;0
5779;0
5780;0
5781;0
5782;0
5783;0
5784;0
5785;0
5786;0
5787;0
5788;0
5789;0
5790;0
5791;8,54E-06
5792;5,95E-05
5793;0,000209923
5794;0,000208918
5795;0,000317568
5796;0,000218506
5797;0,000232973
5798;0,000277193
5799;0,000185375
5800;0,000133714
5801;2,56E-05
5802;0
5803;0
5804;0
5805;0
5806;0
5807;0
5808;0
5809;0
5810;0
5811;0
5812;0
5813;0
5814;0
5815;4,03E-05
5816;0,000210104
5817;0,000370106
5818;0,000493163
5819;0,000576317
5820;0,000611388
5821;0,000565485
5822;0,000484429
5823;0,00034897
5824;0,000190522
5825;2,64E-05
5826;0
5827;0
5828;0
5829;0
5830;0
5831;0
5832;0
5833;0
5834;0
5835;0
5836;0
5837;0
5838;0
5839;2,79E-05
5840;0,000209903
5841;0,000378871
5842;0,000512273
5843;0,000596287
5844;0,000620286
5845;0,000587547
5846;0,000495913
5847;0,000354724
5848;0,000183764
5849;8,16E-06
5850;0
5851;0
5852;0
5853;0
5854;0
5855;0
5856;0
5857;0
5858;0
5859;0
5860;0
5861;0
5862;0
5863;7,33E-06
5864;0,000180461
5865;0,000304653
5866;0,000424222
5867;0,000342244
5868;0,000415108
5869;0,000322132
5870;0,000301104
5871;0,000161346
5872;0,00011333
5873;0
5874;0
5875;0
5876;0
5877;0
5878;0
5879;0
5880;0
5881;0
5882;0
5883;0
5884;0
5885;0
5886;0
5887;2,27E-05
5888;6,22E-05
5889;0,000206783
5890;0,000131102
5891;0,000121122
5892;9,53E-05
5893;0,000292866
5894;0,000397209
5895;0,000299818
5896;0,000204715
5897;2,21E-05
5898;0
5899;0
5900;0
5901;0
5902;0
5903;0
5904;0
5905;0
5906;0
5907;0
5908;0
5909;0
5910;0
5911;0
5912;5,85E-05
5913;0,000418118
5914;0,000564065
5915;0,000426127
5916;0,000363931
5917;0
5918;0
5919;0
5920;0
5921;0
5922;0
5923;0
5924;0
5925;0
5926;0
5927;0
5928;0
5929;0
5930;0
5931;0
5932;0
5933;0
5934;0
5935;0
5936;0
5937;0
5938;3,71E-06
5939;1,37E-05
5940;1,87E-05
5941;9,16E-06
5942;0
5943;0
5944;0
5945;0
5946;0
5947;0
5948;0
5949;0
5950;0
5951;0
5952;0
5953;0
5954;0
5955;0
5956;0
5957;0
5958;0
5959;0
5960;0
5961;0
5962;0
5963;0
5964;0
5965;0
5966;8,38E-06
5967;0
5968;0
5969;0
5970;0
5971;0
5972;0
5973;0
5974;0
5975;0
5976;0
5977;0
5978;0
5979;0
5980;0
5981;0
5982;0
5983;0
5984;0
5985;0
5986;0
5987;3,51E-05
5988;1,22E-05
5989;1,51E-05
5990;3,59E-05
5991;2,38E-05
5992;4,10E-05
5993;0
5994;0
5995;0
5996;0
5997;0
5998;0
5999;0
6000;0
6001;0
6002;0
6003;0
6004;0
6005;0
6006;0
6007;0
6008;0
6009;0
6010;0
6011;6,15E-06
6012;8,56E-06
6013;2,55E-06
6014;0
6015;0
6016;0
6017;0
6018;0
6019;0
6020;0
6021;0
6022;0
6023;0
6024;0
6025;0
6026;0
6027;0
6028;0
6029;0
6030;0
6031;0
6032;0
6033;1,76E-05
6034;5,20E-05
6035;4,42E-05
6036;4,78E-05
6037;4,91E-05
6038;2,63E-05
6039;1,81E-06
6040;0
6041;0
6042;0
6043;0
6044;0
6045;0
6046;0
6047;0
6048;0
6049;0
6050;0
6051;0
6052;0
6053;0
6054;0
6055;9,95E-06
6056;0,000194171
6057;0,000361264
6058;0,000489246
6059;0,000573393
6060;0,000600099
6061;0,0005698
6062;0,000478449
6063;0,000336456
6064;0,000161268
6065;0
6066;0
6067;0
6068;0
6069;0
6070;0
6071;0
6072;0
6073;0
6074;0
6075;0
6076;0
6077;0
6078;0
6079;2,14E-06
6080;0,000184931
6081;0,000354943
6082;0,000487252
6083;0,000565964
6084;0,000585888
6085;0,000546066
6086;0,000451612
6087;0,000305834
6088;0,000130381
6089;0
6090;0
6091;0
6092;0
6093;0
6094;0
6095;0
6096;0
6097;0
6098;0
6099;0
6100;0
6101;0
6102;0
6103;0
6104;0,000174747
6105;0,000327554
6106;0,000449937
6107;0,000514982
6108;0,000527873
6109;0,00049703
6110;0,000416263
6111;0,000291516
6112;0,00012884
6113;0
6114;0
6115;0
6116;0
6117;0
6118;0
6119;0
6120;0
6121;0
6122;0
6123;0
6124;0
6125;0
6126;0
6127;0
6128;0
6129;0
6130;3,29E-05
6131;6,37E-05
6132;6,49E-05
6133;6,04E-05
6134;2,29E-05
6135;0
6136;0
6137;0
6138;0
6139;0
6140;0
6141;0
6142;0
6143;0
6144;0
6145;0
6146;0
6147;0
6148;0
6149;0
6150;0
6151;0
6152;2,39E-06
6153;3,62E-05
6154;5,95E-05
6155;8,18E-05
6156;0,000125047
6157;9,82E-05
6158;7,14E-05
6159;2,93E-05
6160;0
6161;0
6162;0
6163;0
6164;0
6165;0
6166;0
6167;0
6168;0
6169;0
6170;0
6171;0
6172;0
6173;0
6174;0
6175;1,49E-05
6176;0,000194687
6177;0,000356387
6178;0,000478278
6179;0,00055007
6180;0,00057294
6181;0,000545875
6182;0,000455133
6183;0,000320643
6184;0,000149878
6185;0
6186;0
6187;0
6188;0
6189;0
6190;0
6191;0
6192;0
6193;0
6194;0
6195;0
6196;0
6197;0
6198;0
6199;1,52E-05
6200;0,000215287
6201;0,000391809
6202;0,000524996
6203;0,000598926
6204;0,000619117
6205;0,000577663
6206;0,000478382
6207;0,000327622
6208;0,000145432
6209;0
6210;0
6211;0
6212;0
6213;0
6214;0
6215;0
6216;0
6217;0
6218;0
6219;0
6220;0
6221;0
6222;0
6223;0
6224;0,00017106
6225;0,000313149
6226;0,000431721
6227;0,000502249
6228;0,000516094
6229;0,000477286
6230;0,00039857
6231;0,000263337
6232;9,63E-05
6233;0
6234;0
6235;0
6236;0
6237;0
6238;0
6239;0
6240;0
6241;0
6242;0
6243;0
6244;0
6245;0
6246;0
6247;0
6248;0
6249;2,64E-05
6250;3,74E-05
6251;7,74E-05
6252;8,24E-05
6253;7,13E-05
6254;4,25E-05
6255;7,88E-06
6256;0
6257;0
6258;0
6259;0
6260;0
6261;0
6262;0
6263;0
6264;0
6265;0
6266;0
6267;0
6268;0
6269;0
6270;0
6271;2,97E-05
6272;0,000201388
6273;0,000414278
6274;0,000472794
6275;0,000213207
6276;0
6277;0
6278;0
6279;0
6280;0
6281;0
6282;0
6283;0
6284;0
6285;0
6286;0
6287;0
6288;0
6289;0
6290;0
6291;0
6292;0
6293;0
6294;0
6295;8,38E-06
6296;0,000217896
6297;0,000396732
6298;0,000529545
6299;0,000608901
6300;0,000624809
6301;0,000580806
6302;0,000474782
6303;0,000320192
6304;0,000135482
6305;0
6306;0
6307;0
6308;0
6309;0
6310;0
6311;0
6312;0
6313;0
6314;0
6315;0
6316;0
6317;0
6318;0
6319;3,29E-05
6320;0,000145427
6321;0,000224775
6322;0,000366534
6323;0,000457437
6324;9,58E-05
6325;7,87E-05
6326;0
6327;0
6328;0
6329;0
6330;0
6331;0
6332;0
6333;0
6334;0
6335;0
6336;0
6337;0
6338;0
6339;0
6340;0
6341;0
6342;0
6343;0
6344;0
6345;0
6346;0
6347;0
6348;0
6349;0
6350;0
6351;0
6352;0
6353;0
6354;0
6355;0
6356;0
6357;0
6358;0
6359;0
6360;0
6361;0
6362;0
6363;0
6364;0
6365;0
6366;0
6367;0
6368;0
6369;0
6370;0
6371;0
6372;0
6373;0
6374;0
6375;0
6376;0
6377;0
6378;0
6379;0
6380;0
6381;0
6382;0
6383;0
6384;0
6385;0
6386;0
6387;0
6388;0
6389;0
6390;0
6391;0
6392;0
6393;4,12E-05
6394;0,000133245
6395;7,37E-05
6396;9,38E-05
6397;7,97E-05
6398;5,19E-05
6399;0
6400;0
6401;0
6402;0
6403;0
6404;0
6405;0
6406;0
6407;0
6408;0
6409;0
6410;0
6411;0
6412;0
6413;0
6414;0
6415;0
6416;0
6417;4,79E-06
6418;3,56E-05
6419;5,02E-05
6420;7,42E-05
6421;2,89E-05
6422;7,42E-05
6423;0
6424;0
6425;0
6426;0
6427;0
6428;0
6429;0
6430;0
6431;0
6432;0
6433;0
6434;0
6435;0
6436;0
6437;0
6438;0
6439;0
6440;0
6441;0
6442;6,00E-06
6443;3,58E-05
6444;4,49E-05
6445;7,17E-05
6446;1,25E-05
6447;0
6448;0
6449;0
6450;0
6451;0
6452;0
6453;0
6454;0
6455;0
6456;0
6457;0
6458;0
6459;0
6460;0
6461;0
6462;0
6463;0
6464;0,000132526
6465;0,000296693
6466;0,000385082
6467;0,000408925
6468;0,000416121
6469;0,00029075
6470;0,000269425
6471;0,00018107
6472;6,10E-05
6473;0
6474;0
6475;0
6476;0
6477;0
6478;0
6479;0
6480;0
6481;0
6482;0
6483;0
6484;0
6485;0
6486;0
6487;0
6488;0
6489;1,03E-05
6490;3,63E-05
6491;0,000114363
6492;0,00010536
6493;6,47E-05
6494;0
6495;0
6496;0
6497;0
6498;0
6499;0
6500;0
6501;0
6502;0
6503;0
6504;0
6505;0
6506;0
6507;0
6508;0
6509;0
6510;0
6511;0
6512;0
6513;0
6514;1,82E-05
6515;1,55E-05
6516;9,62E-05
6517;0,000168875
6518;0,000138091
6519;3,96E-05
6520;0
6521;0
6522;0
6523;0
6524;0
6525;0
6526;0
6527;0
6528;0
6529;0
6530;0
6531;0
6532;0
6533;0
6534;0
6535;0
6536;0,000144344
6537;0,000320803
6538;0,000450817
6539;0,000515588
6540;0,000433375
6541;0,000425887
6542;0,000313092
6543;0,000190012
6544;3,93E-05
6545;0
6546;0
6547;0
6548;0
6549;0
6550;0
6551;0
6552;0
6553;0
6554;0
6555;0
6556;0
6557;0
6558;0
6559;0
6560;0
6561;0
6562;0
6563;1,46E-05
6564;2,10E-05
6565;1,94E-06
6566;0
6567;0
6568;0
6569;0
6570;0
6571;0
6572;0
6573;0
6574;0
6575;0
6576;0
6577;0
6578;0
6579;0
6580;0
6581;0
6582;0
6583;0
6584;5,33E-05
6585;0,000196971
6586;0,000346283
6587;0,000433816
6588;0,00037429
6589;0,000398283
6590;0,000306447
6591;0,000209049
6592;2,50E-05
6593;0
6594;0
6595;0
6596;0
6597;0
6598;0
6599;0
6600;0
6601;0
6602;0
6603;0
6604;0
6605;0
6606;0
6607;0
6608;0
6609;0
6610;0
6611;0
6612;0
6613;0,000462341
6614;0,000374014
6615;0,000186139
6616;3,49E-05
6617;0
6618;0
6619;0
6620;0
6621;0
6622;0
6623;0
6624;0
6625;0
6626;0
6627;0
6628;0
6629;0
6630;0
6631;0
6632;0
6633;0
6634;0
6635;0
6636;0
6637;0
6638;0
6639;0
6640;0
6641;0
6642;0
6643;0
6644;0
6645;0
6646;0
6647;0
6648;0
6649;0
6650;0
6651;0
6652;0
6653;0
6654;0
6655;0
6656;0
6657;0,000134434
6658;0,000140333
6659;0,00025773
6660;0,000351444
6661;0,000454825
6662;0,000402104
6663;0,00021301
6664;1,57E-05
6665;0
6666;0
6667;0
6668;0
6669;0
6670;0
6671;0
6672;0
6673;0
6674;0
6675;0
6676;0
6677;0
6678;0
6679;0
6680;0
6681;0
6682;0
6683;0
6684;0
6685;0
6686;0
6687;0
6688;0
6689;0
6690;0
6691;0
6692;0
6693;0
6694;0
6695;0
6696;0
6697;0
6698;0
6699;0
6700;0
6701;0
6702;0
6703;0
6704;0
6705;0
6706;0
6707;0
6708;0
6709;0,000341279
6710;0,000239443
6711;0,000110401
6712;0
6713;0
6714;0
6715;0
6716;0
6717;0
6718;0
6719;0
6720;0
6721;0
6722;0
6723;0
6724;0
6725;0
6726;0
6727;0
6728;0
6729;0
6730;0
6731;0
6732;0
6733;0
6734;0
6735;0
6736;0
6737;0
6738;0
6739;0
6740;0
6741;0
6742;0
6743;0
6744;0
6745;0
6746;0
6747;0
6748;0
6749;0
6750;0
6751;0
6752;0
6753;2,05E-05
6754;5,39E-05
6755;5,82E-05
6756;0,000116831
6757;6,41E-05
6758;4,85E-05
6759;3,80E-06
6760;0
6761;0
6762;0
6763;0
6764;0
6765;0
6766;0
6767;0
6768;0
6769;0
6770;0
6771;0
6772;0
6773;0
6774;0
6775;0
6776;0
6777;2,13E-05
6778;6,44E-05
6779;9,01E-05
6780;0,000100972
6781;9,84E-05
6782;4,77E-05
6783;1,12E-06
6784;0
6785;0
6786;0
6787;0
6788;0
6789;0
6790;0
6791;0
6792;0
6793;0
6794;0
6795;0
6796;0
6797;0
6798;0
6799;0
6800;0
6801;0
6802;0
6803;0
6804;0
6805;0
6806;0
6807;0
6808;0
6809;0
6810;0
6811;0
6812;0
6813;0
6814;0
6815;0
6816;0
6817;0
6818;0
6819;0
6820;0
6821;0
6822;0
6823;0
6824;0
6825;0
6826;0
6827;0
6828;0
6829;0
6830;0
6831;0
6832;0
6833;0
6834;0
6835;0
6836;0
6837;0
6838;0
6839;0
6840;0
6841;0
6842;0
6843;0
6844;0
6845;0
6846;0
6847;0
6848;0
6849;3,17E-05
6850;9,43E-05
6851;0,000157107
6852;0,000165331
6853;0,000166434
6854;0,000109742
6855;3,99E-05
6856;0
6857;0
6858;0
6859;0
6860;0
6861;0
6862;0
6863;0
6864;0
6865;0
6866;0
6867;0
6868;0
6869;0
6870;0
6871;0
6872;1,28E-05
6873;0,000125996
6874;0,00020457
6875;0,000236517
6876;0,000233242
6877;0,000208625
6878;0,000114406
6879;4,19E-05
6880;0
6881;0
6882;0
6883;0
6884;0
6885;0
6886;0
6887;0
6888;0
6889;0
6890;0
6891;0
6892;0
6893;0
6894;0
6895;0
6896;7,53E-05
6897;0,00018622
6898;0,000302018
6899;0,000403524
6900;0,000383053
6901;0,000339742
6902;0,000255998
6903;0,000155926
6904;2,25E-05
6905;0
6906;0
6907;0
6908;0
6909;0
6910;0
6911;0
6912;0
6913;0
6914;0
6915;0
6916;0
6917;0
6918;0
6919;0
6920;0
6921;0
6922;0
6923;0,000112261
6924;0,000238778
6925;0,000489611
6926;0,000388171
6927;0,000201565
6928;2,67E-05
6929;0
6930;0
6931;0
6932;0
6933;0
6934;0
6935;0
6936;0
6937;0
6938;0
6939;0
6940;0
6941;0
6942;0
6943;0
6944;0
6945;0
6946;0
6947;0
6948;0
6949;0
6950;0
6951;0
6952;0
6953;0
6954;0
6955;0
6956;0
6957;0
6958;0
6959;0
6960;0
6961;0
6962;0
6963;0
6964;0
6965;0
6966;0
6967;0
6968;0
6969;0
6970;0
6971;0
6972;0
6973;0
6974;0
6975;0
6976;0
6977;0
6978;0
6979;0
6980;0
6981;0
6982;0
6983;0
6984;0
6985;0
6986;0
6987;0
6988;0
6989;0
6990;0
6991;0
6992;0
6993;0
6994;0
6995;0
6996;1,95E-05
6997;0
6998;0
6999;0
7000;0
7001;0
7002;0
7003;0
7004;0
7005;0
7006;0
7007;0
7008;0
7009;0
7010;0
7011;0
7012;0
7013;0
7014;0
7015;0
7016;4,66E-05
7017;0,000162974
7018;0,000240723
7019;0,000258796
7020;0,000230682
7021;0,000221984
7022;0,000162198
7023;3,25E-05
7024;0
7025;0
7026;0
7027;0
7028;0
7029;0
7030;0
7031;0
7032;0
7033;0
7034;0
7035;0
7036;0
7037;0
7038;0
7039;0
7040;0,000111595
7041;2,03E-05
7042;7,96E-05
7043;0
7044;0
7045;0
7046;0
7047;0
7048;0
7049;0
7050;0
7051;0
7052;0
7053;0
7054;0
7055;0
7056;0
7057;0
7058;0
7059;0
7060;0
7061;0
7062;0
7063;0
7064;0
7065;0
7066;0
7067;0
7068;0
7069;0
7070;0
7071;0
7072;0
7073;0
7074;0
7075;0
7076;0
7077;0
7078;0
7079;0
7080;0
7081;0
7082;0
7083;0
7084;0
7085;0
7086;0
7087;0
7088;0
7089;0
7090;0
7091;0
7092;0
7093;0
7094;0
7095;0
7096;0
7097;0
7098;0
7099;0
7100;0
7101;0
7102;0
7103;0
7104;0
7105;0
7106;0
7107;0
7108;0
7109;0
7110;0
7111;0
7112;7,56E-05
7113;0,000168214
7114;0,000253209
7115;0,000333639
7116;0,000442521
7117;0,000423841
7118;0,000312468
7119;0,000146043
7120;0
7121;0
7122;0
7123;0
7124;0
7125;0
7126;0
7127;0
7128;0
7129;0
7130;0
7131;0
7132;0
7133;0
7134;0
7135;0
7136;1,61E-05
7137;0,000181493
7138;0,000262768
7139;0,000371158
7140;0,000453178
7141;0,000391804
7142;0,000298133
7143;0,000131699
7144;0
7145;0
7146;0
7147;0
7148;0
7149;0
7150;0
7151;0
7152;0
7153;0
7154;0
7155;0
7156;0
7157;0
7158;0
7159;0
7160;0
7161;0,000216877
7162;0
7163;0
7164;0,000475012
7165;0,000328628
7166;0
7167;0
7168;0
7169;0
7170;0
7171;0
7172;0
7173;0
7174;0
7175;0
7176;0
7177;0
7178;0
7179;0
7180;0
7181;0
7182;0
7183;0
7184;0
7185;8,42E-06
7186;0,000169616
7187;0,000408989
7188;0,000262494
7189;0,00029509
7190;0,000244249
7191;0,000106109
7192;0
7193;0
7194;0
7195;0
7196;0
7197;0
7198;0
7199;0
7200;0
7201;0
7202;0
7203;0
7204;0
7205;0
7206;0
7207;0
7208;8,84E-07
7209;1,25E-05
7210;0
7211;9,03E-05
7212;0
7213;0
7214;0,000101819
7215;8,07E-06
7216;0
7217;0
7218;0
7219;0
7220;0
7221;0
7222;0
7223;0
7224;0
7225;0
7226;0
7227;0
7228;0
7229;0
7230;0
7231;0
7232;0
7233;7,86E-05
7234;8,54E-05
7235;0,000127325
7236;0,000260909
7237;0,000283723
7238;0,000227723
7239;0,000102826
7240;0
7241;0
7242;0
7243;0
7244;0
7245;0
7246;0
7247;0
7248;0
7249;0
7250;0
7251;0
7252;0
7253;0
7254;0
7255;0
7256;3,40E-05
7257;0,000180692
7258;0,000313385
7259;0,000395163
7260;0,000452816
7261;0,000412549
7262;0,000250707
7263;8,97E-05
7264;0
7265;0
7266;0
7267;0
7268;0
7269;0
7270;0
7271;0
7272;0
7273;0
7274;0
7275;0
7276;0
7277;0
7278;0
7279;0
7280;6,06E-06
7281;0,000247667
7282;0,000353806
7283;0,000440126
7284;0,000437569
7285;0,000382576
7286;0,000255511
7287;6,11E-05
7288;0
7289;0
7290;0
7291;0
7292;0
7293;0
7294;0
7295;0
7296;0
7297;0
7298;0
7299;0
7300;0
7301;0
7302;0
7303;0
7304;0
7305;0
7306;0
7307;0
7308;0
7309;0
7310;0
7311;0
7312;0
7313;0
7314;0
7315;0
7316;0
7317;0
7318;0
7319;0
7320;0
7321;0
7322;0
7323;0
7324;0
7325;0
7326;0
7327;0
7328;0
7329;0
7330;0
7331;0
7332;0
7333;0
7334;0
7335;0
7336;0
7337;0
7338;0
7339;0
7340;0
7341;0
7342;0
7343;0
7344;0
7345;0
7346;0
7347;0
7348;0
7349;0
7350;0
7351;0
7352;0
7353;0
7354;0
7355;0
7356;0
7357;0
7358;0
7359;0
7360;0
7361;0
7362;0
7363;0
7364;0
7365;0
7366;0
7367;0
7368;0
7369;0
7370;0
7371;0
7372;0
7373;0
7374;0
7375;0
7376;0
7377;0
7378;0
7379;0
7380;0
7381;0,000191398
7382;0,000138812
7383;0
7384;0
7385;0
7386;0
7387;0
7388;0
7389;0
7390;0
7391;0
7392;0
7393;0
7394;0
7395;0
7396;0
7397;0
7398;0
7399;0
7400;0
7401;0
7402;0
7403;0
7404;0
7405;0,00018884
7406;0,00016788
7407;3,20E-05
7408;0
7409;0
7410;0
7411;0
7412;0
7413;0
7414;0
7415;0
7416;0
7417;0
7418;0
7419;0
7420;0
7421;0
7422;0
7423;0
7424;0
7425;0
7426;0
7427;5,03E-06
7428;1,31E-05
7429;5,15E-06
7430;0
7431;0
7432;0
7433;0
7434;0
7435;0
7436;0
7437;0
7438;0
7439;0
7440;0
7441;0
7442;0
7443;0
7444;0
7445;0
7446;0
7447;0
7448;0
7449;8,54E-05
7450;0
7451;0
7452;0
7453;5,07E-05
7454;0
7455;0
7456;0
7457;0
7458;0
7459;0
7460;0
7461;0
7462;0
7463;0
7464;0
7465;0
7466;0
7467;0
7468;0
7469;0
7470;0
7471;0
7472;0
7473;0
7474;0
7475;0
7476;0
7477;0
7478;0
7479;0
7480;0
7481;0
7482;0
7483;0
7484;0
7485;0
7486;0
7487;0
7488;0
7489;0
7490;0
7491;0
7492;0
7493;0
7494;0
7495;0
7496;4,38E-05
7497;0,000224413
7498;0,000349436
7499;0,000376899
7500;0,000410331
7501;0,000369766
7502;0,000270513
7503;6,59E-05
7504;0
7505;0
7506;0
7507;0
7508;0
7509;0
7510;0
7511;0
7512;0
7513;0
7514;0
7515;0
7516;0
7517;0
7518;0
7519;0
7520;0
7521;0
7522;0
7523;0
7524;0
7525;0
7526;0
7527;0
7528;0
7529;0
7530;0
7531;0
7532;0
7533;0
7534;0
7535;0
7536;0
7537;0
7538;0
7539;0
7540;0
7541;0
7542;0
7543;0
7544;0
7545;0
7546;0
7547;0
7548;0
7549;0
7550;0
7551;0
7552;0
7553;0
7554;0
7555;0
7556;0
7557;0
7558;0
7559;0
7560;0
7561;0
7562;0
7563;0
7564;0
7565;0
7566;0
7567;0
7568;0
7569;0
7570;0
7571;0
7572;0
7573;0
7574;0
7575;0
7576;0
7577;0
7578;0
7579;0
7580;0
7581;0
7582;0
7583;0
7584;0
7585;0
7586;0
7587;0
7588;0
7589;0
7590;0
7591;0
7592;1,53E-05
7593;0,000147962
7594;0,000312837
7595;0,000387589
7596;0,000405694
7597;0,000322114
7598;0,000244598
7599;8,74E-05
7600;0
7601;0
7602;0
7603;0
7604;0
7605;0
7606;0
7607;0
7608;0
7609;0
7610;0
7611;0
7612;0
7613;0
7614;0
7615;0
7616;1,18E-05
7617;0,000145946
7618;0,000175051
7619;0,000226062
7620;0,00026762
7621;0,000193832
7622;0,000160613
7623;1,35E-05
7624;0
7625;0
7626;0
7627;0
7628;0
7629;0
7630;0
7631;0
7632;0
7633;0
7634;0
7635;0
7636;0
7637;0
7638;0
7639;0
7640;2,88E-05
7641;0,000226547
7642;9,91E-05
7643;2,83E-06
7644;0
7645;0
7646;0
7647;0
7648;0
7649;0
7650;0
7651;0
7652;0
7653;0
7654;0
7655;0
7656;0
7657;0
7658;0
7659;0
7660;0
7661;0
7662;0
7663;0
7664;0
7665;0
7666;0
7667;0
7668;0
7669;0,000204516
7670;0,000147735
7671;0
7672;0
7673;0
7674;0
7675;0
7676;0
7677;0
7678;0
7679;0
7680;0
7681;0
7682;0
7683;0
7684;0
7685;0
7686;0
7687;0
7688;0
7689;0
7690;0
7691;0
7692;0
7693;0
7694;0
7695;0
7696;0
7697;0
7698;0
7699;0
7700;0
7701;0
7702;0
7703;0
7704;0
7705;0
7706;0
7707;0
7708;0
7709;0
7710;0
7711;0
7712;0
7713;0
7714;0
7715;0
7716;0
7717;0
7718;0
7719;0
7720;0
7721;0
7722;0
7723;0
7724;0
7725;0
7726;0
7727;0
7728;0
7729;0
7730;0
7731;0
7732;0
7733;0
7734;0
7735;0
7736;0
7737;0
7738;0
7739;0
7740;0
7741;0
7742;0
7743;0
7744;0
7745;0
7746;0
7747;0
7748;0
7749;0
7750;0
7751;0
7752;0
7753;0
7754;0
7755;0
7756;0
7757;0
7758;0
7759;0
7760;0
7761;0
7762;4,04E-06
7763;2,38E-05
7764;5,24E-05
7765;2,56E-06
7766;0
7767;0
7768;0
7769;0
7770;0
7771;0
7772;0
7773;0
7774;0
7775;0
7776;0
7777;0
7778;0
7779;0
7780;0
7781;0
7782;0
7783;0
7784;0
7785;5,40E-05
7786;0,00014144
7787;0,000189773
7788;0,000166718
7789;0,000111856
7790;3,93E-05
7791;0
7792;0
7793;0
7794;0
7795;0
7796;0
7797;0
7798;0
7799;0
7800;0
7801;0
7802;0
7803;0
7804;0
7805;0
7806;0
7807;0
7808;0
7809;0
7810;0
7811;0
7812;0
7813;0,000102358
7814;4,58E-05
7815;0
7816;0
7817;0
7818;0
7819;0
7820;0
7821;0
7822;0
7823;0
7824;0
7825;0
7826;0
7827;0
7828;0
7829;0
7830;0
7831;0
7832;0
7833;0
7834;0
7835;0
7836;0
7837;0
7838;0
7839;0
7840;0
7841;0
7842;0
7843;0
7844;0
7845;0
7846;0
7847;0
7848;0
7849;0
7850;0
7851;0
7852;0
7853;0
7854;0
7855;0
7856;0
7857;0
7858;0
7859;0
7860;0
7861;0
7862;0
7863;0
7864;0
7865;0
7866;0
7867;0
7868;0
7869;0
7870;0
7871;0
7872;0
7873;0
7874;0
7875;0
7876;0
7877;0
7878;0
7879;0
7880;0
7881;1,24E-05
7882;3,57E-05
7883;5,20E-05
7884;7,51E-05
7885;0,000138932
7886;5,09E-05
7887;0
7888;0
7889;0
7890;0
7891;0
7892;0
7893;0
7894;0
7895;0
7896;0
7897;0
7898;0
7899;0
7900;0
7901;0
7902;0
7903;0
7904;0
7905;0
7906;0
7907;0
7908;0
7909;0,000129337
7910;0
7911;0
7912;0
7913;0
7914;0
7915;0
7916;0
7917;0
7918;0
7919;0
7920;0
7921;0
7922;0
7923;0
7924;0
7925;0
7926;0
7927;0
7928;0
7929;0
7930;0
7931;0,000108016
7932;5,94E-05
7933;2,52E-06
7934;0
7935;0
7936;0
7937;0
7938;0
7939;0
7940;0
7941;0
7942;0
7943;0
7944;0
7945;0
7946;0
7947;0
7948;0
7949;0
7950;0
7951;0
7952;0
7953;0
7954;0
7955;9,69E-05
7956;2,61E-05
7957;0
7958;0
7959;0
7960;0
7961;0
7962;0
7963;0
7964;0
7965;0
7966;0
7967;0
7968;0
7969;0
7970;0
7971;0
7972;0
7973;0
7974;0
7975;0
7976;0
7977;0
7978;0
7979;0
7980;0
7981;0
7982;0
7983;0
7984;0
7985;0
7986;0
7987;0
7988;0
7989;0
7990;0
7991;0
7992;0
7993;0
7994;0
7995;0
7996;0
7997;0
7998;0
7999;0
8000;0
8001;0
8002;0
8003;0
8004;0
8005;0
8006;0
8007;0
8008;0
8009;0
8010;0
8011;0
8012;0
8013;0
8014;0
8015;0
8016;0
8017;0
8018;0
8019;0
8020;0
8021;0
8022;0
8023;0
8024;0
8025;0
8026;0
8027;0
8028;2,43E-05
8029;0,000100657
8030;0,000112722
8031;6,36E-05
8032;0
8033;0
8034;0
8035;0
8036;0
8037;0
8038;0
8039;0
8040;0
8041;0
8042;0
8043;0
8044;0
8045;0
8046;0
8047;0
8048;0
8049;0
8050;0
8051;0
8052;0
8053;0,000199947
8054;0,000147707
8055;0
8056;0
8057;0
8058;0
8059;0
8060;0
8061;0
8062;0
8063;0
8064;0
8065;0
8066;0
8067;0
8068;0
8069;0
8070;0
8071;0
8072;0
8073;0
8074;0
8075;0
8076;0
8077;0,000184171
8078;0,00014446
8079;0
8080;0
8081;0
8082;0
8083;0
8084;0
8085;0
8086;0
8087;0
8088;0
8089;0
8090;0
8091;0
8092;0
8093;0
8094;0
8095;0
8096;0
8097;0
8098;0
8099;0
8100;0
8101;0
8102;0
8103;0
8104;0
8105;0
8106;0
8107;0
8108;0
8109;0
8110;0
8111;0
8112;0
8113;0
8114;0
8115;0
8116;0
8117;0
8118;0
8119;0
8120;0
8121;0
8122;5,92E-05
8123;0,00011031
8124;0,000129736
8125;0,000324714
8126;0,000186531
8127;0
8128;0
8129;0
8130;0
8131;0
8132;0
8133;0
8134;0
8135;0
8136;0
8137;0
8138;0
8139;0
8140;0
8141;0
8142;0
8143;0
8144;0
8145;4,49E-05
8146;0,000264386
8147;0,000348078
8148;0,000370812
8149;0,0003251
8150;0,000208959
8151;2,50E-05
8152;0
8153;0
8154;0
8155;0
8156;0
8157;0
8158;0
8159;0
8160;0
8161;0
8162;0
8163;0
8164;0
8165;0
8166;0
8167;0
8168;0
8169;0
8170;4,60E-05
8171;0
8172;0
8173;1,00E-05
8174;4,73E-05
8175;0
8176;0
8177;0
8178;0
8179;0
8180;0
8181;0
8182;0
8183;0
8184;0
8185;0
8186;0
8187;0
8188;0
8189;0
8190;0
8191;0
8192;0
8193;0
8194;0
8195;0
8196;0
8197;0
8198;0
8199;0
8200;0
8201;0
8202;0
8203;0
8204;0
8205;0
8206;0
8207;0
8208;0
8209;0
8210;0
8211;0
8212;0
8213;0
8214;0
8215;0
8216;0
8217;0
8218;0
8219;0
8220;0
8221;0
8222;0
8223;0
8224;0
8225;0
8226;0
8227;0
8228;0
8229;0
8230;0
8231;0
8232;0
8233;0
8234;0
8235;0
8236;0
8237;0
8238;0
8239;0
8240;0
8241;0
8242;0
8243;0
8244;0,000153684
8245;0,00031438
8246;0,000192569
8247;0
8248;0
8249;0
8250;0
8251;0
8252;0
8253;0
8254;0
8255;0
8256;0
8257;0
8258;0
8259;0
8260;0
8261;0
8262;0
8263;0
8264;0
8265;0
8266;0
8267;0
8268;0
8269;0
8270;0
8271;0
8272;0
8273;0
8274;0
8275;0
8276;0
8277;0
8278;0
8279;0
8280;0
8281;0
8282;0
8283;0
8284;0
8285;0
8286;0
8287;0
8288;0
8289;0
8290;0
8291;0
8292;0
8293;0
8294;0
8295;0
8296;0
8297;0
8298;0
8299;0
8300;0
8301;0
8302;0
8303;0
8304;0
8305;0
8306;0
8307;0
8308;0
8309;0
8310;0
8311;0
8312;0
8313;0
8314;0
8315;0
8316;0
8317;0
8318;0
8319;0
8320;0
8321;0
8322;0
8323;0
8324;0
8325;0
8326;0
8327;0
8328;0
8329;0
8330;0
8331;0
8332;0
8333;0
8334;0
8335;0
8336;0
8337;0
8338;0
8339;0
8340;0
8341;0
8342;0
8343;0
8344;0
8345;0
8346;0
8347;0
8348;0
8349;0
8350;0
8351;0
8352;0
8353;0
8354;0
8355;0
8356;0
8357;0
8358;0
8359;0
8360;0
8361;0
8362;0
8363;0
8364;0
8365;6,65E-05
8366;1,89E-05
8367;0
8368;0
8369;0
8370;0
8371;0
8372;0
8373;0
8374;0
8375;0
8376;0
8377;0
8378;0
8379;0
8380;0
8381;0
8382;0
8383;0
8384;0
8385;0
8386;0
8387;0
8388;0
8389;0
8390;0
8391;0
8392;0
8393;0
8394;0
8395;0
8396;0
8397;0
8398;0
8399;0
8400;0
8401;0
8402;0
8403;0
8404;0
8405;0
8406;0
8407;0
8408;0
8409;0
8410;0
8411;1,25E-05
8412;1,47E-05
8413;9,68E-05
8414;1,37E-05
8415;0
8416;0
8417;0
8418;0
8419;0
8420;0
8421;0
8422;0
8423;0
8424;0
8425;0
8426;0
8427;0
8428;0
8429;0
8430;0
8431;0
8432;0
8433;0
8434;0,0001278
8435;0,000332609
8436;0
8437;5,72E-05
8438;0
8439;0
8440;0
8441;0
8442;0
8443;0
8444;0
8445;0
8446;0
8447;0
8448;0
8449;0
8450;0
8451;0
8452;0
8453;0
8454;0
8455;0
8456;0
8457;0
8458;0
8459;0
8460;0
8461;0
8462;0
8463;0
8464;0
8465;0
8466;0
8467;0
8468;0
8469;0
8470;0
8471;0
8472;0
8473;0
8474;0
8475;0
8476;0
8477;0
8478;0
8479;0
8480;0
8481;0
8482;0
8483;0
8484;0
8485;0
8486;0
8487;0
8488;0
8489;0
8490;0
8491;0
8492;0
8493;0
8494;0
8495;0
8496;0
8497;0
8498;0
8499;0
8500;0
8501;0
8502;0
8503;0
8504;0
8505;0
8506;0
8507;0
8508;0
8509;0
8510;0
8511;0
8512;0
8513;0
8514;0
8515;0
8516;0
8517;0
8518;0
8519;0
8520;0
8521;0
8522;0
8523;0
8524;0
8525;0
8526;0
8527;0
8528;0
8529;1,04E-05
8530;0
8531;0
8532;0,000175605
8533;0,000300749
8534;0,000190503
8535;1,51E-05
8536;0
8537;0
8538;0
8539;0
8540;0
8541;0
8542;0
8543;0
8544;0
8545;0
8546;0
8547;0
8548;0
8549;0
8550;0
8551;0
8552;0
8553;0
8554;0
8555;0
8556;0
8557;0
8558;0
8559;0
8560;0
8561;0
8562;0
8563;0
8564;0
8565;0
8566;0
8567;0
8568;0
8569;0
8570;0
8571;0
8572;0
8573;0
8574;0
8575;0
8576;0
8577;0
8578;0
8579;0
8580;0
8581;0
8582;0
8583;0
8584;0
8585;0
8586;0
8587;0
8588;0
8589;0
8590;0
8591;0
8592;0
8593;0
8594;0
8595;0
8596;0
8597;0
8598;0
8599;0
8600;0
8601;0
8602;0,000110626
8603;0,000200967
8604;0,000237975
8605;0,000168717
8606;8,76E-05
8607;0
8608;0
8609;0
8610;0
8611;0
8612;0
8613;0
8614;0
8615;0
8616;0
8617;0
8618;0
8619;0
8620;0
8621;0
8622;0
8623;0
8624;0
8625;0
8626;0
8627;0
8628;0
8629;0
8630;0
8631;0
8632;0
8633;0
8634;0
8635;0
8636;0
8637;0
8638;0
8639;0
8640;0
8641;0
8642;0
8643;0
8644;0
8645;0
8646;0
8647;0
8648;0
8649;0
8650;0
8651;0
8652;0
8653;0
8654;0
8655;0
8656;0
8657;0
8658;0
8659;0
8660;0
8661;0
8662;0
8663;0
8664;0
8665;0
8666;0
8667;0
8668;0
8669;0
8670;0
8671;0
8672;0
8673;0
8674;0
8675;0
8676;0
8677;0
8678;0
8679;0
8680;0
8681;0
8682;0
8683;0
8684;0
8685;0
8686;0
8687;0
8688;0
8689;0
8690;0
8691;0
8692;0
8693;0
8694;0
8695;0
8696;0
8697;0
8698;0,00011088
8699;0,000133131
8700;0,00013313
8701;0,000149084
8702;5,19E-05
8703;0
8704;0
8705;0
8706;0
8707;0
8708;0
8709;0
8710;0
8711;0
8712;0
8713;0
8714;0
8715;0
8716;0
8717;0
8718;0
8719;0
8720;0
8721;0
8722;0
8723;0
8724;0
8725;0
8726;0
8727;0
8728;0
8729;0
8730;0
8731;0
8732;0
8733;0
8734;0
8735;0
8736;0
8737;0
8738;0
8739;0
8740;0
8741;0
8742;0
8743;0
8744;0
8745;0
8746;0
8747;0
8748;0
8749;0
8750;0
8751;0
8752;0
8753;0
8754;0
8755;0
8756;0
8757;0
8758;0
8759;0
